APPOINTMENT_MONTH_START_DATE,GP_CODE,GP_NAME,SUPPLIER,PCN_CODE,PCN_NAME,SUB_ICB_LOCATION_CODE,SUB_ICB_LOCATION_NAME,HCP_TYPE,APPT_MODE,NATIONAL_CATEGORY,TIME_BETWEEN_BOOK_AND_APPT,COUNT_OF_APPOINTMENTS,APPT_STATUS
01MAR2026,M82002,MYTTON OAK MEDICAL PRACT.,EMIS,U60057,SHREWSBURY PCN,M2L0M,"NHS Shropshire, Telford and Wrekin ICB - M2L0M",Other Practice staff,Face-to-Face,General Consultation Routine,2 to 7 Days,41,Attended
01MAR2026,M82002,MYTTON OAK MEDICAL PRACT.,EMIS,U60057,SHREWSBURY PCN,M2L0M,"NHS Shropshire, Telford and Wrekin ICB - M2L0M",Other Practice staff,Face-to-Face,General Consultation Routine,15 to 21 Days,3,DNA
01MAR2026,M82002,MYTTON OAK MEDICAL PRACT.,EMIS,U60057,SHREWSBURY PCN,M2L0M,"NHS Shropshire, Telford and Wrekin ICB - M2L0M",Other Practice staff,Face-to-Face,General Consultation Routine,15 to 21 Days,27,Attended
01MAR2026,M82002,MYTTON OAK MEDICAL PRACT.,EMIS,U60057,SHREWSBURY PCN,M2L0M,"NHS Shropshire, Telford and Wrekin ICB - M2L0M",Other Practice staff,Face-to-Face,General Consultation Acute,Same Day,1,Unknown
01MAR2026,M82002,MYTTON OAK MEDICAL PRACT.,EMIS,U60057,SHREWSBURY PCN,M2L0M,"NHS Shropshire, Telford and Wrekin ICB - M2L0M",Other Practice staff,Face-to-Face,General Consultation Acute,Same Day,4,DNA
01MAR2026,M82002,MYTTON OAK MEDICAL PRACT.,EMIS,U60057,SHREWSBURY PCN,M2L0M,"NHS Shropshire, Telford and Wrekin ICB - M2L0M",Other Practice staff,Face-to-Face,General Consultation Acute,Same Day,379,Attended
01MAR2026,M82002,MYTTON OAK MEDICAL PRACT.,EMIS,U60057,SHREWSBURY PCN,M2L0M,"NHS Shropshire, Telford and Wrekin ICB - M2L0M",Other Practice staff,Face-to-Face,General Consultation Acute,8 to 14 Days,8,Attended
01MAR2026,M82002,MYTTON OAK MEDICAL PRACT.,EMIS,U60057,SHREWSBURY PCN,M2L0M,"NHS Shropshire, Telford and Wrekin ICB - M2L0M",Other Practice staff,Face-to-Face,General Consultation Acute,22 to 28 Days,2,Attended
01MAR2026,M82002,MYTTON OAK MEDICAL PRACT.,EMIS,U60057,SHREWSBURY PCN,M2L0M,"NHS Shropshire, Telford and Wrekin ICB - M2L0M",Other Practice staff,Face-to-Face,General Consultation Acute,2 to 7 Days,12,Attended
01MAR2026,M82002,MYTTON OAK MEDICAL PRACT.,EMIS,U60057,SHREWSBURY PCN,M2L0M,"NHS Shropshire, Telford and Wrekin ICB - M2L0M",Other Practice staff,Face-to-Face,General Consultation Acute,15 to 21 Days,1,DNA
01MAR2026,M82002,MYTTON OAK MEDICAL PRACT.,EMIS,U60057,SHREWSBURY PCN,M2L0M,"NHS Shropshire, Telford and Wrekin ICB - M2L0M",Other Practice staff,Face-to-Face,General Consultation Acute,15 to 21 Days,2,Attended
01MAR2026,M82002,MYTTON OAK MEDICAL PRACT.,EMIS,U60057,SHREWSBURY PCN,M2L0M,"NHS Shropshire, Telford and Wrekin ICB - M2L0M",Other Practice staff,Face-to-Face,General Consultation Acute,1 Day,1,DNA
01MAR2026,M82002,MYTTON OAK MEDICAL PRACT.,EMIS,U60057,SHREWSBURY PCN,M2L0M,"NHS Shropshire, Telford and Wrekin ICB - M2L0M",Other Practice staff,Face-to-Face,General Consultation Acute,1 Day,18,Attended
01MAR2026,M82002,MYTTON OAK MEDICAL PRACT.,EMIS,U60057,SHREWSBURY PCN,M2L0M,"NHS Shropshire, Telford and Wrekin ICB - M2L0M",GP,Telephone,Planned Clinics,Same Day,1,Attended
01MAR2026,M82002,MYTTON OAK MEDICAL PRACT.,EMIS,U60057,SHREWSBURY PCN,M2L0M,"NHS Shropshire, Telford and Wrekin ICB - M2L0M",GP,Telephone,Inconsistent Mapping,Same Day,15,Attended
01MAR2026,M82002,MYTTON OAK MEDICAL PRACT.,EMIS,U60057,SHREWSBURY PCN,M2L0M,"NHS Shropshire, Telford and Wrekin ICB - M2L0M",GP,Telephone,Inconsistent Mapping,More than 28 Days,39,Attended
01MAR2026,M82002,MYTTON OAK MEDICAL PRACT.,EMIS,U60057,SHREWSBURY PCN,M2L0M,"NHS Shropshire, Telford and Wrekin ICB - M2L0M",GP,Telephone,Inconsistent Mapping,22 to 28 Days,5,Attended
01MAR2026,M82002,MYTTON OAK MEDICAL PRACT.,EMIS,U60057,SHREWSBURY PCN,M2L0M,"NHS Shropshire, Telford and Wrekin ICB - M2L0M",GP,Telephone,Inconsistent Mapping,2 to 7 Days,17,Attended
01MAR2026,M82002,MYTTON OAK MEDICAL PRACT.,EMIS,U60057,SHREWSBURY PCN,M2L0M,"NHS Shropshire, Telford and Wrekin ICB - M2L0M",GP,Telephone,Inconsistent Mapping,15 to 21 Days,5,Attended
01MAR2026,M82002,MYTTON OAK MEDICAL PRACT.,EMIS,U60057,SHREWSBURY PCN,M2L0M,"NHS Shropshire, Telford and Wrekin ICB - M2L0M",GP,Telephone,Inconsistent Mapping,1 Day,8,Attended
01MAR2026,M82002,MYTTON OAK MEDICAL PRACT.,EMIS,U60057,SHREWSBURY PCN,M2L0M,"NHS Shropshire, Telford and Wrekin ICB - M2L0M",GP,Telephone,General Consultation Routine,Same Day,9,Attended
01MAR2026,M82002,MYTTON OAK MEDICAL PRACT.,EMIS,U60057,SHREWSBURY PCN,M2L0M,"NHS Shropshire, Telford and Wrekin ICB - M2L0M",GP,Telephone,General Consultation Routine,More than 28 Days,6,Unknown
01MAR2026,M82002,MYTTON OAK MEDICAL PRACT.,EMIS,U60057,SHREWSBURY PCN,M2L0M,"NHS Shropshire, Telford and Wrekin ICB - M2L0M",GP,Telephone,General Consultation Routine,More than 28 Days,17,Attended
01MAR2026,M82002,MYTTON OAK MEDICAL PRACT.,EMIS,U60057,SHREWSBURY PCN,M2L0M,"NHS Shropshire, Telford and Wrekin ICB - M2L0M",GP,Telephone,General Consultation Routine,8 to 14 Days,5,Attended
01MAR2026,M82002,MYTTON OAK MEDICAL PRACT.,EMIS,U60057,SHREWSBURY PCN,M2L0M,"NHS Shropshire, Telford and Wrekin ICB - M2L0M",GP,Telephone,General Consultation Routine,2 to 7 Days,1,Unknown
01MAR2026,M82002,MYTTON OAK MEDICAL PRACT.,EMIS,U60057,SHREWSBURY PCN,M2L0M,"NHS Shropshire, Telford and Wrekin ICB - M2L0M",GP,Telephone,General Consultation Routine,2 to 7 Days,1,DNA
01MAR2026,M82002,MYTTON OAK MEDICAL PRACT.,EMIS,U60057,SHREWSBURY PCN,M2L0M,"NHS Shropshire, Telford and Wrekin ICB - M2L0M",GP,Telephone,General Consultation Acute,Same Day,1,DNA
01MAR2026,M82002,MYTTON OAK MEDICAL PRACT.,EMIS,U60057,SHREWSBURY PCN,M2L0M,"NHS Shropshire, Telford and Wrekin ICB - M2L0M",GP,Telephone,General Consultation Acute,Same Day,62,Attended
01MAR2026,M82002,MYTTON OAK MEDICAL PRACT.,EMIS,U60057,SHREWSBURY PCN,M2L0M,"NHS Shropshire, Telford and Wrekin ICB - M2L0M",GP,Telephone,General Consultation Acute,1 Day,14,Attended
01MAR2026,M82002,MYTTON OAK MEDICAL PRACT.,EMIS,U60057,SHREWSBURY PCN,M2L0M,"NHS Shropshire, Telford and Wrekin ICB - M2L0M",GP,Telephone,Clinical Triage,Same Day,99,Attended
01MAR2026,M82002,MYTTON OAK MEDICAL PRACT.,EMIS,U60057,SHREWSBURY PCN,M2L0M,"NHS Shropshire, Telford and Wrekin ICB - M2L0M",GP,Telephone,Clinical Triage,2 to 7 Days,1,Attended
01MAR2026,M82002,MYTTON OAK MEDICAL PRACT.,EMIS,U60057,SHREWSBURY PCN,M2L0M,"NHS Shropshire, Telford and Wrekin ICB - M2L0M",GP,Home Visit,Home Visit,2 to 7 Days,2,Unknown
01MAR2026,M82002,MYTTON OAK MEDICAL PRACT.,EMIS,U60057,SHREWSBURY PCN,M2L0M,"NHS Shropshire, Telford and Wrekin ICB - M2L0M",GP,Home Visit,Home Visit,2 to 7 Days,7,Attended
01MAR2026,M82002,MYTTON OAK MEDICAL PRACT.,EMIS,U60057,SHREWSBURY PCN,M2L0M,"NHS Shropshire, Telford and Wrekin ICB - M2L0M",GP,Home Visit,Home Visit,1 Day,3,Attended
01MAR2026,M82002,MYTTON OAK MEDICAL PRACT.,EMIS,U60057,SHREWSBURY PCN,M2L0M,"NHS Shropshire, Telford and Wrekin ICB - M2L0M",GP,Face-to-Face,Planned Clinics,More than 28 Days,2,Unknown
01MAR2026,M82002,MYTTON OAK MEDICAL PRACT.,EMIS,U60057,SHREWSBURY PCN,M2L0M,"NHS Shropshire, Telford and Wrekin ICB - M2L0M",GP,Face-to-Face,Planned Clinics,Same Day,108,Attended
01MAR2026,M82002,MYTTON OAK MEDICAL PRACT.,EMIS,U60057,SHREWSBURY PCN,M2L0M,"NHS Shropshire, Telford and Wrekin ICB - M2L0M",GP,Face-to-Face,Planned Clinics,8 to 14 Days,14,Attended
01MAR2026,M82002,MYTTON OAK MEDICAL PRACT.,EMIS,U60057,SHREWSBURY PCN,M2L0M,"NHS Shropshire, Telford and Wrekin ICB - M2L0M",GP,Face-to-Face,Planned Clinics,22 to 28 Days,1,Unknown
01MAR2026,M82002,MYTTON OAK MEDICAL PRACT.,EMIS,U60057,SHREWSBURY PCN,M2L0M,"NHS Shropshire, Telford and Wrekin ICB - M2L0M",GP,Face-to-Face,Planned Clinics,2 to 7 Days,108,Attended
01MAR2026,M82002,MYTTON OAK MEDICAL PRACT.,EMIS,U60057,SHREWSBURY PCN,M2L0M,"NHS Shropshire, Telford and Wrekin ICB - M2L0M",GP,Face-to-Face,Planned Clinics,1 Day,2,Unknown
01MAR2026,M82002,MYTTON OAK MEDICAL PRACT.,EMIS,U60057,SHREWSBURY PCN,M2L0M,"NHS Shropshire, Telford and Wrekin ICB - M2L0M",GP,Face-to-Face,Planned Clinics,1 Day,19,Attended
01MAR2026,M82002,MYTTON OAK MEDICAL PRACT.,EMIS,U60057,SHREWSBURY PCN,M2L0M,"NHS Shropshire, Telford and Wrekin ICB - M2L0M",GP,Face-to-Face,Planned Clinical Procedure,More than 28 Days,5,Attended
01MAR2026,M82002,MYTTON OAK MEDICAL PRACT.,EMIS,U60057,SHREWSBURY PCN,M2L0M,"NHS Shropshire, Telford and Wrekin ICB - M2L0M",GP,Telephone,Clinical Triage,22 to 28 Days,1,Attended
01MAR2026,M82002,MYTTON OAK MEDICAL PRACT.,EMIS,U60057,SHREWSBURY PCN,M2L0M,"NHS Shropshire, Telford and Wrekin ICB - M2L0M",GP,Face-to-Face,Inconsistent Mapping,Same Day,8,Attended
01MAR2026,M82002,MYTTON OAK MEDICAL PRACT.,EMIS,U60057,SHREWSBURY PCN,M2L0M,"NHS Shropshire, Telford and Wrekin ICB - M2L0M",GP,Face-to-Face,Planned Clinics,15 to 21 Days,4,Attended
01MAR2026,M82002,MYTTON OAK MEDICAL PRACT.,EMIS,U60057,SHREWSBURY PCN,M2L0M,"NHS Shropshire, Telford and Wrekin ICB - M2L0M",GP,Face-to-Face,General Consultation Routine,Same Day,18,Attended
01MAR2026,M82002,MYTTON OAK MEDICAL PRACT.,EMIS,U60057,SHREWSBURY PCN,M2L0M,"NHS Shropshire, Telford and Wrekin ICB - M2L0M",GP,Face-to-Face,Planned Clinics,2 to 7 Days,10,Unknown
01MAR2026,M82002,MYTTON OAK MEDICAL PRACT.,EMIS,U60057,SHREWSBURY PCN,M2L0M,"NHS Shropshire, Telford and Wrekin ICB - M2L0M",GP,Face-to-Face,General Consultation Routine,More than 28 Days,52,Unknown
01MAR2026,M82002,MYTTON OAK MEDICAL PRACT.,EMIS,U60057,SHREWSBURY PCN,M2L0M,"NHS Shropshire, Telford and Wrekin ICB - M2L0M",GP,Face-to-Face,General Consultation Routine,More than 28 Days,6,DNA
01MAR2026,M82002,MYTTON OAK MEDICAL PRACT.,EMIS,U60057,SHREWSBURY PCN,M2L0M,"NHS Shropshire, Telford and Wrekin ICB - M2L0M",GP,Face-to-Face,General Consultation Routine,More than 28 Days,216,Attended
01MAR2026,M82002,MYTTON OAK MEDICAL PRACT.,EMIS,U60057,SHREWSBURY PCN,M2L0M,"NHS Shropshire, Telford and Wrekin ICB - M2L0M",GP,Face-to-Face,General Consultation Routine,8 to 14 Days,2,Unknown
01MAR2026,M82002,MYTTON OAK MEDICAL PRACT.,EMIS,U60057,SHREWSBURY PCN,M2L0M,"NHS Shropshire, Telford and Wrekin ICB - M2L0M",GP,Face-to-Face,General Consultation Routine,8 to 14 Days,2,DNA
01MAR2026,M82002,MYTTON OAK MEDICAL PRACT.,EMIS,U60057,SHREWSBURY PCN,M2L0M,"NHS Shropshire, Telford and Wrekin ICB - M2L0M",GP,Face-to-Face,Planned Clinics,22 to 28 Days,5,Attended
01MAR2026,M82002,MYTTON OAK MEDICAL PRACT.,EMIS,U60057,SHREWSBURY PCN,M2L0M,"NHS Shropshire, Telford and Wrekin ICB - M2L0M",GP,Face-to-Face,Planned Clinics,8 to 14 Days,1,DNA
01MAR2026,M82002,MYTTON OAK MEDICAL PRACT.,EMIS,U60057,SHREWSBURY PCN,M2L0M,"NHS Shropshire, Telford and Wrekin ICB - M2L0M",GP,Face-to-Face,General Consultation Routine,8 to 14 Days,55,Attended
01MAR2026,M82002,MYTTON OAK MEDICAL PRACT.,EMIS,U60057,SHREWSBURY PCN,M2L0M,"NHS Shropshire, Telford and Wrekin ICB - M2L0M",GP,Face-to-Face,General Consultation Routine,22 to 28 Days,1,DNA
01MAR2026,M82002,MYTTON OAK MEDICAL PRACT.,EMIS,U60057,SHREWSBURY PCN,M2L0M,"NHS Shropshire, Telford and Wrekin ICB - M2L0M",GP,Face-to-Face,Planned Clinics,Same Day,4,Unknown
01MAR2026,M82002,MYTTON OAK MEDICAL PRACT.,EMIS,U60057,SHREWSBURY PCN,M2L0M,"NHS Shropshire, Telford and Wrekin ICB - M2L0M",GP,Face-to-Face,General Consultation Routine,22 to 28 Days,48,Attended
01MAR2026,M82002,MYTTON OAK MEDICAL PRACT.,EMIS,U60057,SHREWSBURY PCN,M2L0M,"NHS Shropshire, Telford and Wrekin ICB - M2L0M",GP,Face-to-Face,General Consultation Routine,2 to 7 Days,2,Unknown
01MAR2026,M82002,MYTTON OAK MEDICAL PRACT.,EMIS,U60057,SHREWSBURY PCN,M2L0M,"NHS Shropshire, Telford and Wrekin ICB - M2L0M",GP,Face-to-Face,Planned Clinics,Unknown / Data Issue,1,Attended
01MAR2026,M82002,MYTTON OAK MEDICAL PRACT.,EMIS,U60057,SHREWSBURY PCN,M2L0M,"NHS Shropshire, Telford and Wrekin ICB - M2L0M",GP,Face-to-Face,General Consultation Routine,2 to 7 Days,4,DNA
01MAR2026,M82002,MYTTON OAK MEDICAL PRACT.,EMIS,U60057,SHREWSBURY PCN,M2L0M,"NHS Shropshire, Telford and Wrekin ICB - M2L0M",GP,Telephone,Inconsistent Mapping,1 Day,1,DNA
01MAR2026,M82002,MYTTON OAK MEDICAL PRACT.,EMIS,U60057,SHREWSBURY PCN,M2L0M,"NHS Shropshire, Telford and Wrekin ICB - M2L0M",GP,Face-to-Face,General Consultation Routine,2 to 7 Days,39,Attended
01MAR2026,M82002,MYTTON OAK MEDICAL PRACT.,EMIS,U60057,SHREWSBURY PCN,M2L0M,"NHS Shropshire, Telford and Wrekin ICB - M2L0M",GP,Telephone,Inconsistent Mapping,8 to 14 Days,3,Attended
01MAR2026,M82002,MYTTON OAK MEDICAL PRACT.,EMIS,U60057,SHREWSBURY PCN,M2L0M,"NHS Shropshire, Telford and Wrekin ICB - M2L0M",GP,Home Visit,Home Visit,Same Day,1,Attended
01MAR2026,M82002,MYTTON OAK MEDICAL PRACT.,EMIS,U60057,SHREWSBURY PCN,M2L0M,"NHS Shropshire, Telford and Wrekin ICB - M2L0M",GP,Face-to-Face,General Consultation Routine,15 to 21 Days,5,DNA
01MAR2026,M82002,MYTTON OAK MEDICAL PRACT.,EMIS,U60057,SHREWSBURY PCN,M2L0M,"NHS Shropshire, Telford and Wrekin ICB - M2L0M",GP,Face-to-Face,Planned Clinics,More than 28 Days,7,Attended
01MAR2026,M82002,MYTTON OAK MEDICAL PRACT.,EMIS,U60057,SHREWSBURY PCN,M2L0M,"NHS Shropshire, Telford and Wrekin ICB - M2L0M",GP,Face-to-Face,General Consultation Routine,15 to 21 Days,45,Attended
01MAR2026,M82002,MYTTON OAK MEDICAL PRACT.,EMIS,U60057,SHREWSBURY PCN,M2L0M,"NHS Shropshire, Telford and Wrekin ICB - M2L0M",GP,Face-to-Face,General Consultation Routine,1 Day,1,DNA
01MAR2026,M82002,MYTTON OAK MEDICAL PRACT.,EMIS,U60057,SHREWSBURY PCN,M2L0M,"NHS Shropshire, Telford and Wrekin ICB - M2L0M",GP,Unknown,Inconsistent Mapping,Same Day,85,Unknown
01MAR2026,M82002,MYTTON OAK MEDICAL PRACT.,EMIS,U60057,SHREWSBURY PCN,M2L0M,"NHS Shropshire, Telford and Wrekin ICB - M2L0M",GP,Face-to-Face,General Consultation Routine,1 Day,17,Attended
01MAR2026,M82002,MYTTON OAK MEDICAL PRACT.,EMIS,U60057,SHREWSBURY PCN,M2L0M,"NHS Shropshire, Telford and Wrekin ICB - M2L0M",GP,Telephone,Clinical Triage,Same Day,1,DNA
01MAR2026,M82002,MYTTON OAK MEDICAL PRACT.,EMIS,U60057,SHREWSBURY PCN,M2L0M,"NHS Shropshire, Telford and Wrekin ICB - M2L0M",GP,Face-to-Face,General Consultation Acute,Same Day,6,DNA
01MAR2026,M82002,MYTTON OAK MEDICAL PRACT.,EMIS,U60057,SHREWSBURY PCN,M2L0M,"NHS Shropshire, Telford and Wrekin ICB - M2L0M",GP,Telephone,General Consultation Acute,2 to 7 Days,12,Attended
01MAR2026,M82002,MYTTON OAK MEDICAL PRACT.,EMIS,U60057,SHREWSBURY PCN,M2L0M,"NHS Shropshire, Telford and Wrekin ICB - M2L0M",GP,Face-to-Face,General Consultation Acute,Same Day,402,Attended
01MAR2026,M82002,MYTTON OAK MEDICAL PRACT.,EMIS,U60057,SHREWSBURY PCN,M2L0M,"NHS Shropshire, Telford and Wrekin ICB - M2L0M",GP,Face-to-Face,General Consultation Acute,More than 28 Days,4,Attended
01MAR2026,M82002,MYTTON OAK MEDICAL PRACT.,EMIS,U60057,SHREWSBURY PCN,M2L0M,"NHS Shropshire, Telford and Wrekin ICB - M2L0M",Other Practice staff,Face-to-Face,General Consultation Acute,More than 28 Days,4,Attended
01MAR2026,M82002,MYTTON OAK MEDICAL PRACT.,EMIS,U60057,SHREWSBURY PCN,M2L0M,"NHS Shropshire, Telford and Wrekin ICB - M2L0M",GP,Face-to-Face,General Consultation Acute,8 to 14 Days,28,Attended
01MAR2026,M82002,MYTTON OAK MEDICAL PRACT.,EMIS,U60057,SHREWSBURY PCN,M2L0M,"NHS Shropshire, Telford and Wrekin ICB - M2L0M",GP,Telephone,General Consultation Acute,8 to 14 Days,5,Attended
01MAR2026,M82002,MYTTON OAK MEDICAL PRACT.,EMIS,U60057,SHREWSBURY PCN,M2L0M,"NHS Shropshire, Telford and Wrekin ICB - M2L0M",GP,Face-to-Face,General Consultation Acute,22 to 28 Days,5,Attended
01MAR2026,M82002,MYTTON OAK MEDICAL PRACT.,EMIS,U60057,SHREWSBURY PCN,M2L0M,"NHS Shropshire, Telford and Wrekin ICB - M2L0M",Other Practice staff,Face-to-Face,General Consultation Routine,1 Day,10,Attended
01MAR2026,M82002,MYTTON OAK MEDICAL PRACT.,EMIS,U60057,SHREWSBURY PCN,M2L0M,"NHS Shropshire, Telford and Wrekin ICB - M2L0M",GP,Telephone,General Consultation Acute,Same Day,1,Unknown
01MAR2026,M82002,MYTTON OAK MEDICAL PRACT.,EMIS,U60057,SHREWSBURY PCN,M2L0M,"NHS Shropshire, Telford and Wrekin ICB - M2L0M",GP,Face-to-Face,General Consultation Acute,2 to 7 Days,1,Unknown
01MAR2026,M82002,MYTTON OAK MEDICAL PRACT.,EMIS,U60057,SHREWSBURY PCN,M2L0M,"NHS Shropshire, Telford and Wrekin ICB - M2L0M",GP,Face-to-Face,General Consultation Acute,2 to 7 Days,7,DNA
01MAR2026,M82002,MYTTON OAK MEDICAL PRACT.,EMIS,U60057,SHREWSBURY PCN,M2L0M,"NHS Shropshire, Telford and Wrekin ICB - M2L0M",Other Practice staff,Face-to-Face,General Consultation Routine,2 to 7 Days,2,DNA
01MAR2026,M82002,MYTTON OAK MEDICAL PRACT.,EMIS,U60057,SHREWSBURY PCN,M2L0M,"NHS Shropshire, Telford and Wrekin ICB - M2L0M",GP,Face-to-Face,General Consultation Acute,2 to 7 Days,62,Attended
01MAR2026,M82002,MYTTON OAK MEDICAL PRACT.,EMIS,U60057,SHREWSBURY PCN,M2L0M,"NHS Shropshire, Telford and Wrekin ICB - M2L0M",GP,Telephone,General Consultation Routine,2 to 7 Days,28,Attended
01MAR2026,M82002,MYTTON OAK MEDICAL PRACT.,EMIS,U60057,SHREWSBURY PCN,M2L0M,"NHS Shropshire, Telford and Wrekin ICB - M2L0M",GP,Face-to-Face,General Consultation Acute,15 to 21 Days,1,DNA
01MAR2026,M82002,MYTTON OAK MEDICAL PRACT.,EMIS,U60057,SHREWSBURY PCN,M2L0M,"NHS Shropshire, Telford and Wrekin ICB - M2L0M",GP,Face-to-Face,General Consultation Acute,15 to 21 Days,7,Attended
01MAR2026,M82002,MYTTON OAK MEDICAL PRACT.,EMIS,U60057,SHREWSBURY PCN,M2L0M,"NHS Shropshire, Telford and Wrekin ICB - M2L0M",GP,Face-to-Face,General Consultation Acute,1 Day,27,Attended
01MAR2026,M82002,MYTTON OAK MEDICAL PRACT.,EMIS,U60057,SHREWSBURY PCN,M2L0M,"NHS Shropshire, Telford and Wrekin ICB - M2L0M",Other Practice staff,Unknown,Inconsistent Mapping,Same Day,15,Unknown
01MAR2026,M82002,MYTTON OAK MEDICAL PRACT.,EMIS,U60057,SHREWSBURY PCN,M2L0M,"NHS Shropshire, Telford and Wrekin ICB - M2L0M",GP,Telephone,Clinical Triage,1 Day,1,Attended
01MAR2026,M82002,MYTTON OAK MEDICAL PRACT.,EMIS,U60057,SHREWSBURY PCN,M2L0M,"NHS Shropshire, Telford and Wrekin ICB - M2L0M",GP,Telephone,General Consultation Routine,1 Day,9,Attended
01MAR2026,M82002,MYTTON OAK MEDICAL PRACT.,EMIS,U60057,SHREWSBURY PCN,M2L0M,"NHS Shropshire, Telford and Wrekin ICB - M2L0M",Other Practice staff,Telephone,Planned Clinics,Same Day,1,Attended
01MAR2026,M82002,MYTTON OAK MEDICAL PRACT.,EMIS,U60057,SHREWSBURY PCN,M2L0M,"NHS Shropshire, Telford and Wrekin ICB - M2L0M",Other Practice staff,Telephone,Planned Clinics,8 to 14 Days,1,Attended
01MAR2026,M82002,MYTTON OAK MEDICAL PRACT.,EMIS,U60057,SHREWSBURY PCN,M2L0M,"NHS Shropshire, Telford and Wrekin ICB - M2L0M",Other Practice staff,Telephone,Planned Clinics,22 to 28 Days,1,Unknown
01MAR2026,M82002,MYTTON OAK MEDICAL PRACT.,EMIS,U60057,SHREWSBURY PCN,M2L0M,"NHS Shropshire, Telford and Wrekin ICB - M2L0M",Other Practice staff,Telephone,Planned Clinics,22 to 28 Days,2,Attended
01MAR2026,M82002,MYTTON OAK MEDICAL PRACT.,EMIS,U60057,SHREWSBURY PCN,M2L0M,"NHS Shropshire, Telford and Wrekin ICB - M2L0M",Other Practice staff,Telephone,Planned Clinics,15 to 21 Days,2,Attended
01MAR2026,M82002,MYTTON OAK MEDICAL PRACT.,EMIS,U60057,SHREWSBURY PCN,M2L0M,"NHS Shropshire, Telford and Wrekin ICB - M2L0M",Other Practice staff,Telephone,Planned Clinics,1 Day,1,Attended
01MAR2026,M82002,MYTTON OAK MEDICAL PRACT.,EMIS,U60057,SHREWSBURY PCN,M2L0M,"NHS Shropshire, Telford and Wrekin ICB - M2L0M",Other Practice staff,Telephone,Inconsistent Mapping,Same Day,20,Attended
01MAR2026,M82002,MYTTON OAK MEDICAL PRACT.,EMIS,U60057,SHREWSBURY PCN,M2L0M,"NHS Shropshire, Telford and Wrekin ICB - M2L0M",Other Practice staff,Telephone,Inconsistent Mapping,2 to 7 Days,5,Attended
01MAR2026,M82002,MYTTON OAK MEDICAL PRACT.,EMIS,U60057,SHREWSBURY PCN,M2L0M,"NHS Shropshire, Telford and Wrekin ICB - M2L0M",Other Practice staff,Telephone,Inconsistent Mapping,1 Day,2,Attended
01MAR2026,M82002,MYTTON OAK MEDICAL PRACT.,EMIS,U60057,SHREWSBURY PCN,M2L0M,"NHS Shropshire, Telford and Wrekin ICB - M2L0M",Other Practice staff,Telephone,General Consultation Routine,2 to 7 Days,1,Attended
01MAR2026,M82002,MYTTON OAK MEDICAL PRACT.,EMIS,U60057,SHREWSBURY PCN,M2L0M,"NHS Shropshire, Telford and Wrekin ICB - M2L0M",Other Practice staff,Telephone,General Consultation Acute,8 to 14 Days,7,Attended
01MAR2026,M82002,MYTTON OAK MEDICAL PRACT.,EMIS,U60057,SHREWSBURY PCN,M2L0M,"NHS Shropshire, Telford and Wrekin ICB - M2L0M",Other Practice staff,Telephone,General Consultation Acute,2 to 7 Days,10,Attended
01MAR2026,M82002,MYTTON OAK MEDICAL PRACT.,EMIS,U60057,SHREWSBURY PCN,M2L0M,"NHS Shropshire, Telford and Wrekin ICB - M2L0M",Other Practice staff,Telephone,General Consultation Acute,15 to 21 Days,1,Attended
01MAR2026,M82002,MYTTON OAK MEDICAL PRACT.,EMIS,U60057,SHREWSBURY PCN,M2L0M,"NHS Shropshire, Telford and Wrekin ICB - M2L0M",Other Practice staff,Telephone,General Consultation Acute,1 Day,12,Attended
01MAR2026,M82002,MYTTON OAK MEDICAL PRACT.,EMIS,U60057,SHREWSBURY PCN,M2L0M,"NHS Shropshire, Telford and Wrekin ICB - M2L0M",Other Practice staff,Telephone,Clinical Triage,Same Day,12,Unknown
01MAR2026,M82002,MYTTON OAK MEDICAL PRACT.,EMIS,U60057,SHREWSBURY PCN,M2L0M,"NHS Shropshire, Telford and Wrekin ICB - M2L0M",Other Practice staff,Telephone,Clinical Triage,Same Day,53,Attended
01MAR2026,M82002,MYTTON OAK MEDICAL PRACT.,EMIS,U60057,SHREWSBURY PCN,M2L0M,"NHS Shropshire, Telford and Wrekin ICB - M2L0M",Other Practice staff,Face-to-Face,Social Prescribing Service,Same Day,1,Unknown
01MAR2026,M82002,MYTTON OAK MEDICAL PRACT.,EMIS,U60057,SHREWSBURY PCN,M2L0M,"NHS Shropshire, Telford and Wrekin ICB - M2L0M",Other Practice staff,Face-to-Face,Social Prescribing Service,2 to 7 Days,1,Unknown
01MAR2026,M82002,MYTTON OAK MEDICAL PRACT.,EMIS,U60057,SHREWSBURY PCN,M2L0M,"NHS Shropshire, Telford and Wrekin ICB - M2L0M",Other Practice staff,Face-to-Face,Social Prescribing Service,15 to 21 Days,1,Unknown
01MAR2026,M82002,MYTTON OAK MEDICAL PRACT.,EMIS,U60057,SHREWSBURY PCN,M2L0M,"NHS Shropshire, Telford and Wrekin ICB - M2L0M",Other Practice staff,Face-to-Face,Social Prescribing Service,1 Day,2,Unknown
01MAR2026,M82002,MYTTON OAK MEDICAL PRACT.,EMIS,U60057,SHREWSBURY PCN,M2L0M,"NHS Shropshire, Telford and Wrekin ICB - M2L0M",Other Practice staff,Face-to-Face,Service provided by organisation external to the practice,22 to 28 Days,1,DNA
01MAR2026,M82002,MYTTON OAK MEDICAL PRACT.,EMIS,U60057,SHREWSBURY PCN,M2L0M,"NHS Shropshire, Telford and Wrekin ICB - M2L0M",Other Practice staff,Face-to-Face,Service provided by organisation external to the practice,22 to 28 Days,1,Attended
01MAR2026,M82002,MYTTON OAK MEDICAL PRACT.,EMIS,U60057,SHREWSBURY PCN,M2L0M,"NHS Shropshire, Telford and Wrekin ICB - M2L0M",Other Practice staff,Face-to-Face,Service provided by organisation external to the practice,2 to 7 Days,1,Attended
01MAR2026,M82002,MYTTON OAK MEDICAL PRACT.,EMIS,U60057,SHREWSBURY PCN,M2L0M,"NHS Shropshire, Telford and Wrekin ICB - M2L0M",Other Practice staff,Face-to-Face,Planned Clinics,Same Day,60,Attended
01MAR2026,M82002,MYTTON OAK MEDICAL PRACT.,EMIS,U60057,SHREWSBURY PCN,M2L0M,"NHS Shropshire, Telford and Wrekin ICB - M2L0M",Other Practice staff,Face-to-Face,Planned Clinics,More than 28 Days,11,Unknown
01MAR2026,M82002,MYTTON OAK MEDICAL PRACT.,EMIS,U60057,SHREWSBURY PCN,M2L0M,"NHS Shropshire, Telford and Wrekin ICB - M2L0M",Other Practice staff,Face-to-Face,Planned Clinics,More than 28 Days,7,DNA
01MAR2026,M82002,MYTTON OAK MEDICAL PRACT.,EMIS,U60057,SHREWSBURY PCN,M2L0M,"NHS Shropshire, Telford and Wrekin ICB - M2L0M",Other Practice staff,Face-to-Face,Planned Clinics,More than 28 Days,74,Attended
01MAR2026,M82002,MYTTON OAK MEDICAL PRACT.,EMIS,U60057,SHREWSBURY PCN,M2L0M,"NHS Shropshire, Telford and Wrekin ICB - M2L0M",Other Practice staff,Face-to-Face,Planned Clinics,8 to 14 Days,2,Unknown
01MAR2026,M82002,MYTTON OAK MEDICAL PRACT.,EMIS,U60057,SHREWSBURY PCN,M2L0M,"NHS Shropshire, Telford and Wrekin ICB - M2L0M",Other Practice staff,Face-to-Face,Planned Clinics,8 to 14 Days,4,DNA
01MAR2026,M82002,MYTTON OAK MEDICAL PRACT.,EMIS,U60057,SHREWSBURY PCN,M2L0M,"NHS Shropshire, Telford and Wrekin ICB - M2L0M",Other Practice staff,Face-to-Face,Planned Clinics,8 to 14 Days,77,Attended
01MAR2026,M82002,MYTTON OAK MEDICAL PRACT.,EMIS,U60057,SHREWSBURY PCN,M2L0M,"NHS Shropshire, Telford and Wrekin ICB - M2L0M",Other Practice staff,Face-to-Face,Planned Clinics,Same Day,1,DNA
01MAR2026,M82002,MYTTON OAK MEDICAL PRACT.,EMIS,U60057,SHREWSBURY PCN,M2L0M,"NHS Shropshire, Telford and Wrekin ICB - M2L0M",Other Practice staff,Face-to-Face,Planned Clinics,22 to 28 Days,6,Unknown
01MAR2026,M82002,MYTTON OAK MEDICAL PRACT.,EMIS,U60057,SHREWSBURY PCN,M2L0M,"NHS Shropshire, Telford and Wrekin ICB - M2L0M",Other Practice staff,Face-to-Face,Planned Clinics,22 to 28 Days,9,DNA
01MAR2026,M82002,MYTTON OAK MEDICAL PRACT.,EMIS,U60057,SHREWSBURY PCN,M2L0M,"NHS Shropshire, Telford and Wrekin ICB - M2L0M",Other Practice staff,Face-to-Face,Planned Clinics,22 to 28 Days,111,Attended
01MAR2026,M82002,MYTTON OAK MEDICAL PRACT.,EMIS,U60057,SHREWSBURY PCN,M2L0M,"NHS Shropshire, Telford and Wrekin ICB - M2L0M",Other Practice staff,Face-to-Face,Planned Clinics,2 to 7 Days,3,Unknown
01MAR2026,M82002,MYTTON OAK MEDICAL PRACT.,EMIS,U60057,SHREWSBURY PCN,M2L0M,"NHS Shropshire, Telford and Wrekin ICB - M2L0M",Other Practice staff,Face-to-Face,Service provided by organisation external to the practice,More than 28 Days,4,Attended
01MAR2026,M82002,MYTTON OAK MEDICAL PRACT.,EMIS,U60057,SHREWSBURY PCN,M2L0M,"NHS Shropshire, Telford and Wrekin ICB - M2L0M",Other Practice staff,Face-to-Face,Planned Clinics,2 to 7 Days,3,DNA
01MAR2026,M82002,MYTTON OAK MEDICAL PRACT.,EMIS,U60057,SHREWSBURY PCN,M2L0M,"NHS Shropshire, Telford and Wrekin ICB - M2L0M",Other Practice staff,Face-to-Face,Planned Clinics,2 to 7 Days,87,Attended
01MAR2026,M82002,MYTTON OAK MEDICAL PRACT.,EMIS,U60057,SHREWSBURY PCN,M2L0M,"NHS Shropshire, Telford and Wrekin ICB - M2L0M",Other Practice staff,Face-to-Face,Planned Clinics,15 to 21 Days,3,Unknown
01MAR2026,M82002,MYTTON OAK MEDICAL PRACT.,EMIS,U60057,SHREWSBURY PCN,M2L0M,"NHS Shropshire, Telford and Wrekin ICB - M2L0M",Other Practice staff,Face-to-Face,Planned Clinics,15 to 21 Days,7,DNA
01MAR2026,M82002,MYTTON OAK MEDICAL PRACT.,EMIS,U60057,SHREWSBURY PCN,M2L0M,"NHS Shropshire, Telford and Wrekin ICB - M2L0M",Other Practice staff,Face-to-Face,Social Prescribing Service,8 to 14 Days,1,Unknown
01MAR2026,M82002,MYTTON OAK MEDICAL PRACT.,EMIS,U60057,SHREWSBURY PCN,M2L0M,"NHS Shropshire, Telford and Wrekin ICB - M2L0M",Other Practice staff,Face-to-Face,Planned Clinics,15 to 21 Days,106,Attended
01MAR2026,M82002,MYTTON OAK MEDICAL PRACT.,EMIS,U60057,SHREWSBURY PCN,M2L0M,"NHS Shropshire, Telford and Wrekin ICB - M2L0M",Other Practice staff,Face-to-Face,Planned Clinics,1 Day,1,DNA
01MAR2026,M82002,MYTTON OAK MEDICAL PRACT.,EMIS,U60057,SHREWSBURY PCN,M2L0M,"NHS Shropshire, Telford and Wrekin ICB - M2L0M",Other Practice staff,Face-to-Face,Planned Clinics,1 Day,59,Attended
01MAR2026,M82002,MYTTON OAK MEDICAL PRACT.,EMIS,U60057,SHREWSBURY PCN,M2L0M,"NHS Shropshire, Telford and Wrekin ICB - M2L0M",Other Practice staff,Face-to-Face,Planned Clinical Procedure,Same Day,2,Attended
01MAR2026,M82002,MYTTON OAK MEDICAL PRACT.,EMIS,U60057,SHREWSBURY PCN,M2L0M,"NHS Shropshire, Telford and Wrekin ICB - M2L0M",Other Practice staff,Face-to-Face,Planned Clinical Procedure,More than 28 Days,1,Unknown
01MAR2026,M82002,MYTTON OAK MEDICAL PRACT.,EMIS,U60057,SHREWSBURY PCN,M2L0M,"NHS Shropshire, Telford and Wrekin ICB - M2L0M",Other Practice staff,Face-to-Face,Planned Clinical Procedure,More than 28 Days,20,Attended
01MAR2026,M82002,MYTTON OAK MEDICAL PRACT.,EMIS,U60057,SHREWSBURY PCN,M2L0M,"NHS Shropshire, Telford and Wrekin ICB - M2L0M",Other Practice staff,Face-to-Face,Planned Clinical Procedure,8 to 14 Days,2,Unknown
01MAR2026,M82002,MYTTON OAK MEDICAL PRACT.,EMIS,U60057,SHREWSBURY PCN,M2L0M,"NHS Shropshire, Telford and Wrekin ICB - M2L0M",Other Practice staff,Face-to-Face,Planned Clinical Procedure,8 to 14 Days,1,DNA
01MAR2026,M82002,MYTTON OAK MEDICAL PRACT.,EMIS,U60057,SHREWSBURY PCN,M2L0M,"NHS Shropshire, Telford and Wrekin ICB - M2L0M",Other Practice staff,Telephone,General Consultation Acute,Same Day,52,Attended
01MAR2026,M82002,MYTTON OAK MEDICAL PRACT.,EMIS,U60057,SHREWSBURY PCN,M2L0M,"NHS Shropshire, Telford and Wrekin ICB - M2L0M",Other Practice staff,Telephone,Inconsistent Mapping,22 to 28 Days,1,Attended
01MAR2026,M82002,MYTTON OAK MEDICAL PRACT.,EMIS,U60057,SHREWSBURY PCN,M2L0M,"NHS Shropshire, Telford and Wrekin ICB - M2L0M",Other Practice staff,Face-to-Face,Planned Clinical Procedure,8 to 14 Days,12,Attended
01MAR2026,M82002,MYTTON OAK MEDICAL PRACT.,EMIS,U60057,SHREWSBURY PCN,M2L0M,"NHS Shropshire, Telford and Wrekin ICB - M2L0M",Other Practice staff,Face-to-Face,Planned Clinical Procedure,22 to 28 Days,3,Unknown
01MAR2026,M82002,MYTTON OAK MEDICAL PRACT.,EMIS,U60057,SHREWSBURY PCN,M2L0M,"NHS Shropshire, Telford and Wrekin ICB - M2L0M",Other Practice staff,Face-to-Face,Planned Clinical Procedure,22 to 28 Days,1,DNA
01MAR2026,M82002,MYTTON OAK MEDICAL PRACT.,EMIS,U60057,SHREWSBURY PCN,M2L0M,"NHS Shropshire, Telford and Wrekin ICB - M2L0M",Other Practice staff,Face-to-Face,Planned Clinical Procedure,22 to 28 Days,16,Attended
01MAR2026,M82002,MYTTON OAK MEDICAL PRACT.,EMIS,U60057,SHREWSBURY PCN,M2L0M,"NHS Shropshire, Telford and Wrekin ICB - M2L0M",Other Practice staff,Telephone,Planned Clinics,2 to 7 Days,2,Attended
01MAR2026,M82002,MYTTON OAK MEDICAL PRACT.,EMIS,U60057,SHREWSBURY PCN,M2L0M,"NHS Shropshire, Telford and Wrekin ICB - M2L0M",Other Practice staff,Face-to-Face,Planned Clinical Procedure,2 to 7 Days,21,Attended
01MAR2026,M82002,MYTTON OAK MEDICAL PRACT.,EMIS,U60057,SHREWSBURY PCN,M2L0M,"NHS Shropshire, Telford and Wrekin ICB - M2L0M",Other Practice staff,Face-to-Face,Planned Clinical Procedure,15 to 21 Days,40,Attended
01MAR2026,M82002,MYTTON OAK MEDICAL PRACT.,EMIS,U60057,SHREWSBURY PCN,M2L0M,"NHS Shropshire, Telford and Wrekin ICB - M2L0M",Other Practice staff,Face-to-Face,Planned Clinical Procedure,1 Day,4,Attended
01MAR2026,M82002,MYTTON OAK MEDICAL PRACT.,EMIS,U60057,SHREWSBURY PCN,M2L0M,"NHS Shropshire, Telford and Wrekin ICB - M2L0M",Other Practice staff,Face-to-Face,Inconsistent Mapping,Same Day,4,Attended
01MAR2026,M82002,MYTTON OAK MEDICAL PRACT.,EMIS,U60057,SHREWSBURY PCN,M2L0M,"NHS Shropshire, Telford and Wrekin ICB - M2L0M",Other Practice staff,Face-to-Face,General Consultation Routine,Same Day,7,Attended
01MAR2026,M82002,MYTTON OAK MEDICAL PRACT.,EMIS,U60057,SHREWSBURY PCN,M2L0M,"NHS Shropshire, Telford and Wrekin ICB - M2L0M",Other Practice staff,Face-to-Face,General Consultation Routine,More than 28 Days,2,Unknown
01MAR2026,M82002,MYTTON OAK MEDICAL PRACT.,EMIS,U60057,SHREWSBURY PCN,M2L0M,"NHS Shropshire, Telford and Wrekin ICB - M2L0M",Other Practice staff,Face-to-Face,General Consultation Routine,More than 28 Days,18,Attended
01MAR2026,M82002,MYTTON OAK MEDICAL PRACT.,EMIS,U60057,SHREWSBURY PCN,M2L0M,"NHS Shropshire, Telford and Wrekin ICB - M2L0M",Other Practice staff,Face-to-Face,General Consultation Routine,8 to 14 Days,4,DNA
01MAR2026,M82002,MYTTON OAK MEDICAL PRACT.,EMIS,U60057,SHREWSBURY PCN,M2L0M,"NHS Shropshire, Telford and Wrekin ICB - M2L0M",Other Practice staff,Face-to-Face,General Consultation Routine,8 to 14 Days,38,Attended
01MAR2026,M82002,MYTTON OAK MEDICAL PRACT.,EMIS,U60057,SHREWSBURY PCN,M2L0M,"NHS Shropshire, Telford and Wrekin ICB - M2L0M",Other Practice staff,Face-to-Face,General Consultation Routine,22 to 28 Days,2,Unknown
01MAR2026,M82002,MYTTON OAK MEDICAL PRACT.,EMIS,U60057,SHREWSBURY PCN,M2L0M,"NHS Shropshire, Telford and Wrekin ICB - M2L0M",Other Practice staff,Face-to-Face,General Consultation Routine,22 to 28 Days,5,Attended
01MAR2026,M82002,MYTTON OAK MEDICAL PRACT.,EMIS,U60057,SHREWSBURY PCN,M2L0M,"NHS Shropshire, Telford and Wrekin ICB - M2L0M",Other Practice staff,Face-to-Face,General Consultation Routine,2 to 7 Days,3,Unknown
01MAR2026,M82006,RIVERSIDE MED PRACTICE,EMIS,U60057,SHREWSBURY PCN,M2L0M,"NHS Shropshire, Telford and Wrekin ICB - M2L0M",GP,Home Visit,Home Visit,1 Day,1,Attended
01MAR2026,M82006,RIVERSIDE MED PRACTICE,EMIS,U60057,SHREWSBURY PCN,M2L0M,"NHS Shropshire, Telford and Wrekin ICB - M2L0M",GP,Face-to-Face,Planned Clinics,Same Day,1,Attended
01MAR2026,M82006,RIVERSIDE MED PRACTICE,EMIS,U60057,SHREWSBURY PCN,M2L0M,"NHS Shropshire, Telford and Wrekin ICB - M2L0M",GP,Face-to-Face,Planned Clinics,More than 28 Days,2,DNA
01MAR2026,M82006,RIVERSIDE MED PRACTICE,EMIS,U60057,SHREWSBURY PCN,M2L0M,"NHS Shropshire, Telford and Wrekin ICB - M2L0M",GP,Face-to-Face,Planned Clinics,8 to 14 Days,1,Unknown
01MAR2026,M82006,RIVERSIDE MED PRACTICE,EMIS,U60057,SHREWSBURY PCN,M2L0M,"NHS Shropshire, Telford and Wrekin ICB - M2L0M",GP,Face-to-Face,Planned Clinics,8 to 14 Days,2,DNA
01MAR2026,M82006,RIVERSIDE MED PRACTICE,EMIS,U60057,SHREWSBURY PCN,M2L0M,"NHS Shropshire, Telford and Wrekin ICB - M2L0M",GP,Face-to-Face,Planned Clinics,8 to 14 Days,5,Attended
01MAR2026,M82006,RIVERSIDE MED PRACTICE,EMIS,U60057,SHREWSBURY PCN,M2L0M,"NHS Shropshire, Telford and Wrekin ICB - M2L0M",GP,Face-to-Face,Planned Clinics,22 to 28 Days,17,Attended
01MAR2026,M82006,RIVERSIDE MED PRACTICE,EMIS,U60057,SHREWSBURY PCN,M2L0M,"NHS Shropshire, Telford and Wrekin ICB - M2L0M",GP,Face-to-Face,Planned Clinics,2 to 7 Days,1,DNA
01MAR2026,M82006,RIVERSIDE MED PRACTICE,EMIS,U60057,SHREWSBURY PCN,M2L0M,"NHS Shropshire, Telford and Wrekin ICB - M2L0M",GP,Face-to-Face,Planned Clinics,2 to 7 Days,4,Attended
01MAR2026,M82006,RIVERSIDE MED PRACTICE,EMIS,U60057,SHREWSBURY PCN,M2L0M,"NHS Shropshire, Telford and Wrekin ICB - M2L0M",GP,Face-to-Face,Planned Clinics,15 to 21 Days,2,DNA
01MAR2026,M82006,RIVERSIDE MED PRACTICE,EMIS,U60057,SHREWSBURY PCN,M2L0M,"NHS Shropshire, Telford and Wrekin ICB - M2L0M",GP,Face-to-Face,Planned Clinics,15 to 21 Days,4,Attended
01MAR2026,M82006,RIVERSIDE MED PRACTICE,EMIS,U60057,SHREWSBURY PCN,M2L0M,"NHS Shropshire, Telford and Wrekin ICB - M2L0M",GP,Face-to-Face,Planned Clinics,1 Day,2,Attended
01MAR2026,M82006,RIVERSIDE MED PRACTICE,EMIS,U60057,SHREWSBURY PCN,M2L0M,"NHS Shropshire, Telford and Wrekin ICB - M2L0M",GP,Face-to-Face,Planned Clinical Procedure,More than 28 Days,2,Attended
01MAR2026,M82006,RIVERSIDE MED PRACTICE,EMIS,U60057,SHREWSBURY PCN,M2L0M,"NHS Shropshire, Telford and Wrekin ICB - M2L0M",GP,Face-to-Face,Planned Clinical Procedure,22 to 28 Days,3,Attended
01MAR2026,M82006,RIVERSIDE MED PRACTICE,EMIS,U60057,SHREWSBURY PCN,M2L0M,"NHS Shropshire, Telford and Wrekin ICB - M2L0M",GP,Face-to-Face,Planned Clinical Procedure,15 to 21 Days,9,Attended
01MAR2026,M82006,RIVERSIDE MED PRACTICE,EMIS,U60057,SHREWSBURY PCN,M2L0M,"NHS Shropshire, Telford and Wrekin ICB - M2L0M",GP,Face-to-Face,Planned Clinical Procedure,1 Day,1,Attended
01MAR2026,M82006,RIVERSIDE MED PRACTICE,EMIS,U60057,SHREWSBURY PCN,M2L0M,"NHS Shropshire, Telford and Wrekin ICB - M2L0M",GP,Face-to-Face,General Consultation Routine,Same Day,1,Unknown
01MAR2026,M82006,RIVERSIDE MED PRACTICE,EMIS,U60057,SHREWSBURY PCN,M2L0M,"NHS Shropshire, Telford and Wrekin ICB - M2L0M",GP,Face-to-Face,General Consultation Routine,Same Day,2,DNA
01MAR2026,M82006,RIVERSIDE MED PRACTICE,EMIS,U60057,SHREWSBURY PCN,M2L0M,"NHS Shropshire, Telford and Wrekin ICB - M2L0M",GP,Face-to-Face,General Consultation Routine,Same Day,31,Attended
01MAR2026,M82006,RIVERSIDE MED PRACTICE,EMIS,U60057,SHREWSBURY PCN,M2L0M,"NHS Shropshire, Telford and Wrekin ICB - M2L0M",GP,Face-to-Face,Inconsistent Mapping,Same Day,16,Attended
01MAR2026,M82006,RIVERSIDE MED PRACTICE,EMIS,U60057,SHREWSBURY PCN,M2L0M,"NHS Shropshire, Telford and Wrekin ICB - M2L0M",GP,Face-to-Face,General Consultation Routine,More than 28 Days,1,Unknown
01MAR2026,M82006,RIVERSIDE MED PRACTICE,EMIS,U60057,SHREWSBURY PCN,M2L0M,"NHS Shropshire, Telford and Wrekin ICB - M2L0M",GP,Face-to-Face,General Consultation Routine,More than 28 Days,4,DNA
01MAR2026,M82006,RIVERSIDE MED PRACTICE,EMIS,U60057,SHREWSBURY PCN,M2L0M,"NHS Shropshire, Telford and Wrekin ICB - M2L0M",GP,Face-to-Face,General Consultation Routine,More than 28 Days,12,Attended
01MAR2026,M82006,RIVERSIDE MED PRACTICE,EMIS,U60057,SHREWSBURY PCN,M2L0M,"NHS Shropshire, Telford and Wrekin ICB - M2L0M",GP,Face-to-Face,General Consultation Routine,8 to 14 Days,3,Unknown
01MAR2026,M82006,RIVERSIDE MED PRACTICE,EMIS,U60057,SHREWSBURY PCN,M2L0M,"NHS Shropshire, Telford and Wrekin ICB - M2L0M",GP,Face-to-Face,Planned Clinical Procedure,22 to 28 Days,1,DNA
01MAR2026,M82006,RIVERSIDE MED PRACTICE,EMIS,U60057,SHREWSBURY PCN,M2L0M,"NHS Shropshire, Telford and Wrekin ICB - M2L0M",GP,Face-to-Face,General Consultation Routine,8 to 14 Days,2,DNA
01MAR2026,M82006,RIVERSIDE MED PRACTICE,EMIS,U60057,SHREWSBURY PCN,M2L0M,"NHS Shropshire, Telford and Wrekin ICB - M2L0M",GP,Face-to-Face,General Consultation Routine,8 to 14 Days,24,Attended
01MAR2026,M82006,RIVERSIDE MED PRACTICE,EMIS,U60057,SHREWSBURY PCN,M2L0M,"NHS Shropshire, Telford and Wrekin ICB - M2L0M",GP,Face-to-Face,General Consultation Routine,22 to 28 Days,24,Unknown
01MAR2026,M82006,RIVERSIDE MED PRACTICE,EMIS,U60057,SHREWSBURY PCN,M2L0M,"NHS Shropshire, Telford and Wrekin ICB - M2L0M",GP,Face-to-Face,General Consultation Routine,22 to 28 Days,10,DNA
01MAR2026,M82006,RIVERSIDE MED PRACTICE,EMIS,U60057,SHREWSBURY PCN,M2L0M,"NHS Shropshire, Telford and Wrekin ICB - M2L0M",GP,Face-to-Face,General Consultation Routine,22 to 28 Days,59,Attended
01MAR2026,M82006,RIVERSIDE MED PRACTICE,EMIS,U60057,SHREWSBURY PCN,M2L0M,"NHS Shropshire, Telford and Wrekin ICB - M2L0M",GP,Face-to-Face,General Consultation Routine,2 to 7 Days,6,DNA
01MAR2026,M82006,RIVERSIDE MED PRACTICE,EMIS,U60057,SHREWSBURY PCN,M2L0M,"NHS Shropshire, Telford and Wrekin ICB - M2L0M",GP,Face-to-Face,General Consultation Routine,2 to 7 Days,68,Attended
01MAR2026,M82006,RIVERSIDE MED PRACTICE,EMIS,U60057,SHREWSBURY PCN,M2L0M,"NHS Shropshire, Telford and Wrekin ICB - M2L0M",GP,Face-to-Face,Planned Clinics,22 to 28 Days,1,DNA
01MAR2026,M82006,RIVERSIDE MED PRACTICE,EMIS,U60057,SHREWSBURY PCN,M2L0M,"NHS Shropshire, Telford and Wrekin ICB - M2L0M",GP,Face-to-Face,General Consultation Routine,15 to 21 Days,2,DNA
01MAR2026,M82006,RIVERSIDE MED PRACTICE,EMIS,U60057,SHREWSBURY PCN,M2L0M,"NHS Shropshire, Telford and Wrekin ICB - M2L0M",GP,Face-to-Face,General Consultation Routine,15 to 21 Days,24,Attended
01MAR2026,M82006,RIVERSIDE MED PRACTICE,EMIS,U60057,SHREWSBURY PCN,M2L0M,"NHS Shropshire, Telford and Wrekin ICB - M2L0M",GP,Face-to-Face,Planned Clinics,More than 28 Days,5,Attended
01MAR2026,M82006,RIVERSIDE MED PRACTICE,EMIS,U60057,SHREWSBURY PCN,M2L0M,"NHS Shropshire, Telford and Wrekin ICB - M2L0M",GP,Face-to-Face,General Consultation Routine,2 to 7 Days,1,Unknown
01MAR2026,M82006,RIVERSIDE MED PRACTICE,EMIS,U60057,SHREWSBURY PCN,M2L0M,"NHS Shropshire, Telford and Wrekin ICB - M2L0M",GP,Face-to-Face,General Consultation Routine,1 Day,8,Attended
01MAR2026,M82006,RIVERSIDE MED PRACTICE,EMIS,U60057,SHREWSBURY PCN,M2L0M,"NHS Shropshire, Telford and Wrekin ICB - M2L0M",GP,Face-to-Face,General Consultation Acute,Same Day,1,DNA
01MAR2026,M82006,RIVERSIDE MED PRACTICE,EMIS,U60057,SHREWSBURY PCN,M2L0M,"NHS Shropshire, Telford and Wrekin ICB - M2L0M",GP,Home Visit,Home Visit,Same Day,2,Attended
01MAR2026,M82006,RIVERSIDE MED PRACTICE,EMIS,U60057,SHREWSBURY PCN,M2L0M,"NHS Shropshire, Telford and Wrekin ICB - M2L0M",GP,Face-to-Face,General Consultation Acute,Same Day,100,Attended
01MAR2026,M82006,RIVERSIDE MED PRACTICE,EMIS,U60057,SHREWSBURY PCN,M2L0M,"NHS Shropshire, Telford and Wrekin ICB - M2L0M",GP,Face-to-Face,General Consultation Acute,2 to 7 Days,1,Attended
01MAR2026,M82006,RIVERSIDE MED PRACTICE,EMIS,U60057,SHREWSBURY PCN,M2L0M,"NHS Shropshire, Telford and Wrekin ICB - M2L0M",Other Practice staff,Video Conference/Online,Inconsistent Mapping,Same Day,198,Attended
01MAR2026,M82006,RIVERSIDE MED PRACTICE,EMIS,U60057,SHREWSBURY PCN,M2L0M,"NHS Shropshire, Telford and Wrekin ICB - M2L0M",Other Practice staff,Video Conference/Online,Inconsistent Mapping,More than 28 Days,3,Unknown
01MAR2026,M82006,RIVERSIDE MED PRACTICE,EMIS,U60057,SHREWSBURY PCN,M2L0M,"NHS Shropshire, Telford and Wrekin ICB - M2L0M",GP,Face-to-Face,Clinical Triage,Same Day,4,Unknown
01MAR2026,M82006,RIVERSIDE MED PRACTICE,EMIS,U60057,SHREWSBURY PCN,M2L0M,"NHS Shropshire, Telford and Wrekin ICB - M2L0M",Other Practice staff,Video Conference/Online,Inconsistent Mapping,More than 28 Days,5,Attended
01MAR2026,M82006,RIVERSIDE MED PRACTICE,EMIS,U60057,SHREWSBURY PCN,M2L0M,"NHS Shropshire, Telford and Wrekin ICB - M2L0M",Other Practice staff,Video Conference/Online,Inconsistent Mapping,8 to 14 Days,44,Attended
01MAR2026,M82006,RIVERSIDE MED PRACTICE,EMIS,U60057,SHREWSBURY PCN,M2L0M,"NHS Shropshire, Telford and Wrekin ICB - M2L0M",GP,Face-to-Face,Clinical Triage,2 to 7 Days,1,Unknown
01MAR2026,M82006,RIVERSIDE MED PRACTICE,EMIS,U60057,SHREWSBURY PCN,M2L0M,"NHS Shropshire, Telford and Wrekin ICB - M2L0M",Other Practice staff,Video Conference/Online,Inconsistent Mapping,22 to 28 Days,63,Attended
01MAR2026,M82006,RIVERSIDE MED PRACTICE,EMIS,U60057,SHREWSBURY PCN,M2L0M,"NHS Shropshire, Telford and Wrekin ICB - M2L0M",Other Practice staff,Video Conference/Online,Inconsistent Mapping,2 to 7 Days,11,Unknown
01MAR2026,M82006,RIVERSIDE MED PRACTICE,EMIS,U60057,SHREWSBURY PCN,M2L0M,"NHS Shropshire, Telford and Wrekin ICB - M2L0M",GP,Face-to-Face,Clinical Triage,1 Day,1,Unknown
01MAR2026,M82006,RIVERSIDE MED PRACTICE,EMIS,U60057,SHREWSBURY PCN,M2L0M,"NHS Shropshire, Telford and Wrekin ICB - M2L0M",Other Practice staff,Video Conference/Online,Inconsistent Mapping,2 to 7 Days,79,Attended
01MAR2026,M82006,RIVERSIDE MED PRACTICE,EMIS,U60057,SHREWSBURY PCN,M2L0M,"NHS Shropshire, Telford and Wrekin ICB - M2L0M",Other Practice staff,Video Conference/Online,Inconsistent Mapping,15 to 21 Days,5,Attended
01MAR2026,M82006,RIVERSIDE MED PRACTICE,EMIS,U60057,SHREWSBURY PCN,M2L0M,"NHS Shropshire, Telford and Wrekin ICB - M2L0M",Other Practice staff,Video Conference/Online,Inconsistent Mapping,1 Day,3,Unknown
01MAR2026,M82006,RIVERSIDE MED PRACTICE,EMIS,U60057,SHREWSBURY PCN,M2L0M,"NHS Shropshire, Telford and Wrekin ICB - M2L0M",Other Practice staff,Unknown,Inconsistent Mapping,Same Day,3,Unknown
01MAR2026,M82006,RIVERSIDE MED PRACTICE,EMIS,U60057,SHREWSBURY PCN,M2L0M,"NHS Shropshire, Telford and Wrekin ICB - M2L0M",Other Practice staff,Unknown,Inconsistent Mapping,More than 28 Days,1,Unknown
01MAR2026,M82006,RIVERSIDE MED PRACTICE,EMIS,U60057,SHREWSBURY PCN,M2L0M,"NHS Shropshire, Telford and Wrekin ICB - M2L0M",Other Practice staff,Unknown,Inconsistent Mapping,22 to 28 Days,1,Unknown
01MAR2026,M82006,RIVERSIDE MED PRACTICE,EMIS,U60057,SHREWSBURY PCN,M2L0M,"NHS Shropshire, Telford and Wrekin ICB - M2L0M",Other Practice staff,Unknown,Inconsistent Mapping,15 to 21 Days,1,Unknown
01MAR2026,M82006,RIVERSIDE MED PRACTICE,EMIS,U60057,SHREWSBURY PCN,M2L0M,"NHS Shropshire, Telford and Wrekin ICB - M2L0M",Other Practice staff,Unknown,Inconsistent Mapping,1 Day,6,Unknown
01MAR2026,M82006,RIVERSIDE MED PRACTICE,EMIS,U60057,SHREWSBURY PCN,M2L0M,"NHS Shropshire, Telford and Wrekin ICB - M2L0M",Other Practice staff,Telephone,Planned Clinics,Same Day,3,Attended
01MAR2026,M82006,RIVERSIDE MED PRACTICE,EMIS,U60057,SHREWSBURY PCN,M2L0M,"NHS Shropshire, Telford and Wrekin ICB - M2L0M",Other Practice staff,Telephone,Planned Clinics,22 to 28 Days,1,Unknown
01MAR2026,M82006,RIVERSIDE MED PRACTICE,EMIS,U60057,SHREWSBURY PCN,M2L0M,"NHS Shropshire, Telford and Wrekin ICB - M2L0M",Other Practice staff,Telephone,Planned Clinics,22 to 28 Days,11,Attended
01MAR2026,M82006,RIVERSIDE MED PRACTICE,EMIS,U60057,SHREWSBURY PCN,M2L0M,"NHS Shropshire, Telford and Wrekin ICB - M2L0M",Other Practice staff,Telephone,General Consultation Routine,Same Day,20,Attended
01MAR2026,M82006,RIVERSIDE MED PRACTICE,EMIS,U60057,SHREWSBURY PCN,M2L0M,"NHS Shropshire, Telford and Wrekin ICB - M2L0M",Other Practice staff,Telephone,General Consultation Routine,More than 28 Days,3,Attended
01MAR2026,M82006,RIVERSIDE MED PRACTICE,EMIS,U60057,SHREWSBURY PCN,M2L0M,"NHS Shropshire, Telford and Wrekin ICB - M2L0M",Other Practice staff,Telephone,General Consultation Routine,8 to 14 Days,3,DNA
01MAR2026,M82006,RIVERSIDE MED PRACTICE,EMIS,U60057,SHREWSBURY PCN,M2L0M,"NHS Shropshire, Telford and Wrekin ICB - M2L0M",Other Practice staff,Telephone,General Consultation Routine,8 to 14 Days,31,Attended
01MAR2026,M82006,RIVERSIDE MED PRACTICE,EMIS,U60057,SHREWSBURY PCN,M2L0M,"NHS Shropshire, Telford and Wrekin ICB - M2L0M",Other Practice staff,Telephone,General Consultation Routine,22 to 28 Days,1,Unknown
01MAR2026,M82006,RIVERSIDE MED PRACTICE,EMIS,U60057,SHREWSBURY PCN,M2L0M,"NHS Shropshire, Telford and Wrekin ICB - M2L0M",Other Practice staff,Telephone,General Consultation Routine,2 to 7 Days,3,Unknown
01MAR2026,M82006,RIVERSIDE MED PRACTICE,EMIS,U60057,SHREWSBURY PCN,M2L0M,"NHS Shropshire, Telford and Wrekin ICB - M2L0M",Other Practice staff,Telephone,General Consultation Routine,2 to 7 Days,5,DNA
01MAR2026,M82006,RIVERSIDE MED PRACTICE,EMIS,U60057,SHREWSBURY PCN,M2L0M,"NHS Shropshire, Telford and Wrekin ICB - M2L0M",Other Practice staff,Telephone,General Consultation Routine,2 to 7 Days,41,Attended
01MAR2026,M82006,RIVERSIDE MED PRACTICE,EMIS,U60057,SHREWSBURY PCN,M2L0M,"NHS Shropshire, Telford and Wrekin ICB - M2L0M",Other Practice staff,Telephone,General Consultation Routine,15 to 21 Days,2,Attended
01MAR2026,M82006,RIVERSIDE MED PRACTICE,EMIS,U60057,SHREWSBURY PCN,M2L0M,"NHS Shropshire, Telford and Wrekin ICB - M2L0M",Other Practice staff,Telephone,General Consultation Routine,1 Day,2,DNA
01MAR2026,M82006,RIVERSIDE MED PRACTICE,EMIS,U60057,SHREWSBURY PCN,M2L0M,"NHS Shropshire, Telford and Wrekin ICB - M2L0M",Other Practice staff,Telephone,General Consultation Routine,1 Day,19,Attended
01MAR2026,M82006,RIVERSIDE MED PRACTICE,EMIS,U60057,SHREWSBURY PCN,M2L0M,"NHS Shropshire, Telford and Wrekin ICB - M2L0M",Other Practice staff,Telephone,Clinical Triage,Same Day,4,DNA
01MAR2026,M82006,RIVERSIDE MED PRACTICE,EMIS,U60057,SHREWSBURY PCN,M2L0M,"NHS Shropshire, Telford and Wrekin ICB - M2L0M",Other Practice staff,Telephone,Clinical Triage,Same Day,151,Attended
01MAR2026,M82006,RIVERSIDE MED PRACTICE,EMIS,U60057,SHREWSBURY PCN,M2L0M,"NHS Shropshire, Telford and Wrekin ICB - M2L0M",Other Practice staff,Home Visit,Home Visit,Same Day,20,Unknown
01MAR2026,M82006,RIVERSIDE MED PRACTICE,EMIS,U60057,SHREWSBURY PCN,M2L0M,"NHS Shropshire, Telford and Wrekin ICB - M2L0M",Other Practice staff,Home Visit,Home Visit,Same Day,7,Attended
01MAR2026,M82006,RIVERSIDE MED PRACTICE,EMIS,U60057,SHREWSBURY PCN,M2L0M,"NHS Shropshire, Telford and Wrekin ICB - M2L0M",Other Practice staff,Home Visit,Home Visit,More than 28 Days,1,Attended
01MAR2026,M82006,RIVERSIDE MED PRACTICE,EMIS,U60057,SHREWSBURY PCN,M2L0M,"NHS Shropshire, Telford and Wrekin ICB - M2L0M",Other Practice staff,Home Visit,Home Visit,8 to 14 Days,1,Attended
01MAR2026,M82006,RIVERSIDE MED PRACTICE,EMIS,U60057,SHREWSBURY PCN,M2L0M,"NHS Shropshire, Telford and Wrekin ICB - M2L0M",Other Practice staff,Home Visit,Home Visit,22 to 28 Days,2,Attended
01MAR2026,M82006,RIVERSIDE MED PRACTICE,EMIS,U60057,SHREWSBURY PCN,M2L0M,"NHS Shropshire, Telford and Wrekin ICB - M2L0M",Other Practice staff,Home Visit,Home Visit,2 to 7 Days,1,Attended
01MAR2026,M82006,RIVERSIDE MED PRACTICE,EMIS,U60057,SHREWSBURY PCN,M2L0M,"NHS Shropshire, Telford and Wrekin ICB - M2L0M",Other Practice staff,Home Visit,Home Visit,1 Day,19,Unknown
01MAR2026,M82006,RIVERSIDE MED PRACTICE,EMIS,U60057,SHREWSBURY PCN,M2L0M,"NHS Shropshire, Telford and Wrekin ICB - M2L0M",Other Practice staff,Home Visit,Home Visit,1 Day,1,Attended
01MAR2026,M82006,RIVERSIDE MED PRACTICE,EMIS,U60057,SHREWSBURY PCN,M2L0M,"NHS Shropshire, Telford and Wrekin ICB - M2L0M",Other Practice staff,Face-to-Face,Planned Clinics,Same Day,2,DNA
01MAR2026,M82006,RIVERSIDE MED PRACTICE,EMIS,U60057,SHREWSBURY PCN,M2L0M,"NHS Shropshire, Telford and Wrekin ICB - M2L0M",Other Practice staff,Face-to-Face,Planned Clinics,Same Day,30,Attended
01MAR2026,M82006,RIVERSIDE MED PRACTICE,EMIS,U60057,SHREWSBURY PCN,M2L0M,"NHS Shropshire, Telford and Wrekin ICB - M2L0M",Other Practice staff,Face-to-Face,Planned Clinics,More than 28 Days,4,Unknown
01MAR2026,M82006,RIVERSIDE MED PRACTICE,EMIS,U60057,SHREWSBURY PCN,M2L0M,"NHS Shropshire, Telford and Wrekin ICB - M2L0M",Other Practice staff,Face-to-Face,Planned Clinics,More than 28 Days,79,Attended
01MAR2026,M82006,RIVERSIDE MED PRACTICE,EMIS,U60057,SHREWSBURY PCN,M2L0M,"NHS Shropshire, Telford and Wrekin ICB - M2L0M",Other Practice staff,Face-to-Face,Planned Clinics,8 to 14 Days,3,Unknown
01MAR2026,M82006,RIVERSIDE MED PRACTICE,EMIS,U60057,SHREWSBURY PCN,M2L0M,"NHS Shropshire, Telford and Wrekin ICB - M2L0M",Other Practice staff,Face-to-Face,Planned Clinics,8 to 14 Days,5,DNA
01MAR2026,M82006,RIVERSIDE MED PRACTICE,EMIS,U60057,SHREWSBURY PCN,M2L0M,"NHS Shropshire, Telford and Wrekin ICB - M2L0M",Other Practice staff,Face-to-Face,Planned Clinics,8 to 14 Days,45,Attended
01MAR2026,M82006,RIVERSIDE MED PRACTICE,EMIS,U60057,SHREWSBURY PCN,M2L0M,"NHS Shropshire, Telford and Wrekin ICB - M2L0M",Other Practice staff,Face-to-Face,Planned Clinics,22 to 28 Days,9,Unknown
01MAR2026,M82006,RIVERSIDE MED PRACTICE,EMIS,U60057,SHREWSBURY PCN,M2L0M,"NHS Shropshire, Telford and Wrekin ICB - M2L0M",Other Practice staff,Face-to-Face,Planned Clinics,22 to 28 Days,9,DNA
01MAR2026,M82006,RIVERSIDE MED PRACTICE,EMIS,U60057,SHREWSBURY PCN,M2L0M,"NHS Shropshire, Telford and Wrekin ICB - M2L0M",Other Practice staff,Face-to-Face,Planned Clinics,22 to 28 Days,118,Attended
01MAR2026,M82006,RIVERSIDE MED PRACTICE,EMIS,U60057,SHREWSBURY PCN,M2L0M,"NHS Shropshire, Telford and Wrekin ICB - M2L0M",Other Practice staff,Face-to-Face,Planned Clinics,2 to 7 Days,2,DNA
01MAR2026,M82006,RIVERSIDE MED PRACTICE,EMIS,U60057,SHREWSBURY PCN,M2L0M,"NHS Shropshire, Telford and Wrekin ICB - M2L0M",Other Practice staff,Face-to-Face,Planned Clinics,2 to 7 Days,51,Attended
01MAR2026,M82006,RIVERSIDE MED PRACTICE,EMIS,U60057,SHREWSBURY PCN,M2L0M,"NHS Shropshire, Telford and Wrekin ICB - M2L0M",Other Practice staff,Face-to-Face,Planned Clinics,15 to 21 Days,4,Unknown
01MAR2026,M82006,RIVERSIDE MED PRACTICE,EMIS,U60057,SHREWSBURY PCN,M2L0M,"NHS Shropshire, Telford and Wrekin ICB - M2L0M",Other Practice staff,Face-to-Face,Planned Clinics,15 to 21 Days,42,Attended
01MAR2026,M82006,RIVERSIDE MED PRACTICE,EMIS,U60057,SHREWSBURY PCN,M2L0M,"NHS Shropshire, Telford and Wrekin ICB - M2L0M",Other Practice staff,Face-to-Face,Planned Clinics,1 Day,28,Unknown
01MAR2026,M82006,RIVERSIDE MED PRACTICE,EMIS,U60057,SHREWSBURY PCN,M2L0M,"NHS Shropshire, Telford and Wrekin ICB - M2L0M",Other Practice staff,Face-to-Face,Planned Clinics,1 Day,80,DNA
01MAR2026,M82006,RIVERSIDE MED PRACTICE,EMIS,U60057,SHREWSBURY PCN,M2L0M,"NHS Shropshire, Telford and Wrekin ICB - M2L0M",Other Practice staff,Face-to-Face,Planned Clinical Procedure,Same Day,15,Attended
01MAR2026,M82006,RIVERSIDE MED PRACTICE,EMIS,U60057,SHREWSBURY PCN,M2L0M,"NHS Shropshire, Telford and Wrekin ICB - M2L0M",Other Practice staff,Face-to-Face,Planned Clinical Procedure,More than 28 Days,12,Unknown
01MAR2026,M82006,RIVERSIDE MED PRACTICE,EMIS,U60057,SHREWSBURY PCN,M2L0M,"NHS Shropshire, Telford and Wrekin ICB - M2L0M",Other Practice staff,Face-to-Face,Planned Clinical Procedure,More than 28 Days,3,DNA
01MAR2026,M82006,RIVERSIDE MED PRACTICE,EMIS,U60057,SHREWSBURY PCN,M2L0M,"NHS Shropshire, Telford and Wrekin ICB - M2L0M",Other Practice staff,Face-to-Face,Planned Clinical Procedure,More than 28 Days,79,Attended
01MAR2026,M82006,RIVERSIDE MED PRACTICE,EMIS,U60057,SHREWSBURY PCN,M2L0M,"NHS Shropshire, Telford and Wrekin ICB - M2L0M",Other Practice staff,Face-to-Face,Planned Clinical Procedure,8 to 14 Days,3,Unknown
01MAR2026,M82006,RIVERSIDE MED PRACTICE,EMIS,U60057,SHREWSBURY PCN,M2L0M,"NHS Shropshire, Telford and Wrekin ICB - M2L0M",Other Practice staff,Face-to-Face,Planned Clinical Procedure,8 to 14 Days,3,DNA
01MAR2026,M82006,RIVERSIDE MED PRACTICE,EMIS,U60057,SHREWSBURY PCN,M2L0M,"NHS Shropshire, Telford and Wrekin ICB - M2L0M",Other Practice staff,Face-to-Face,Planned Clinical Procedure,8 to 14 Days,48,Attended
01MAR2026,M82006,RIVERSIDE MED PRACTICE,EMIS,U60057,SHREWSBURY PCN,M2L0M,"NHS Shropshire, Telford and Wrekin ICB - M2L0M",Other Practice staff,Face-to-Face,Planned Clinical Procedure,22 to 28 Days,28,Attended
01MAR2026,M82006,RIVERSIDE MED PRACTICE,EMIS,U60057,SHREWSBURY PCN,M2L0M,"NHS Shropshire, Telford and Wrekin ICB - M2L0M",Other Practice staff,Face-to-Face,Planned Clinical Procedure,2 to 7 Days,1,Unknown
01MAR2026,M82006,RIVERSIDE MED PRACTICE,EMIS,U60057,SHREWSBURY PCN,M2L0M,"NHS Shropshire, Telford and Wrekin ICB - M2L0M",Other Practice staff,Face-to-Face,Planned Clinical Procedure,2 to 7 Days,9,DNA
01MAR2026,M82006,RIVERSIDE MED PRACTICE,EMIS,U60057,SHREWSBURY PCN,M2L0M,"NHS Shropshire, Telford and Wrekin ICB - M2L0M",Other Practice staff,Face-to-Face,Planned Clinical Procedure,15 to 21 Days,12,Unknown
01MAR2026,M82006,RIVERSIDE MED PRACTICE,EMIS,U60057,SHREWSBURY PCN,M2L0M,"NHS Shropshire, Telford and Wrekin ICB - M2L0M",Other Practice staff,Face-to-Face,Planned Clinical Procedure,15 to 21 Days,16,DNA
01MAR2026,M82006,RIVERSIDE MED PRACTICE,EMIS,U60057,SHREWSBURY PCN,M2L0M,"NHS Shropshire, Telford and Wrekin ICB - M2L0M",Other Practice staff,Face-to-Face,Planned Clinical Procedure,15 to 21 Days,55,Attended
01MAR2026,M82006,RIVERSIDE MED PRACTICE,EMIS,U60057,SHREWSBURY PCN,M2L0M,"NHS Shropshire, Telford and Wrekin ICB - M2L0M",Other Practice staff,Face-to-Face,Planned Clinical Procedure,1 Day,20,Attended
01MAR2026,M82006,RIVERSIDE MED PRACTICE,EMIS,U60057,SHREWSBURY PCN,M2L0M,"NHS Shropshire, Telford and Wrekin ICB - M2L0M",Other Practice staff,Face-to-Face,Inconsistent Mapping,Same Day,1,Attended
01MAR2026,M82006,RIVERSIDE MED PRACTICE,EMIS,U60057,SHREWSBURY PCN,M2L0M,"NHS Shropshire, Telford and Wrekin ICB - M2L0M",Other Practice staff,Face-to-Face,Inconsistent Mapping,8 to 14 Days,1,Attended
01MAR2026,M82006,RIVERSIDE MED PRACTICE,EMIS,U60057,SHREWSBURY PCN,M2L0M,"NHS Shropshire, Telford and Wrekin ICB - M2L0M",Other Practice staff,Face-to-Face,Inconsistent Mapping,2 to 7 Days,9,Attended
01MAR2026,M82006,RIVERSIDE MED PRACTICE,EMIS,U60057,SHREWSBURY PCN,M2L0M,"NHS Shropshire, Telford and Wrekin ICB - M2L0M",Other Practice staff,Face-to-Face,Inconsistent Mapping,1 Day,4,Attended
01MAR2026,M82006,RIVERSIDE MED PRACTICE,EMIS,U60057,SHREWSBURY PCN,M2L0M,"NHS Shropshire, Telford and Wrekin ICB - M2L0M",Other Practice staff,Face-to-Face,General Consultation Routine,Same Day,1,DNA
01MAR2026,M82006,RIVERSIDE MED PRACTICE,EMIS,U60057,SHREWSBURY PCN,M2L0M,"NHS Shropshire, Telford and Wrekin ICB - M2L0M",Other Practice staff,Face-to-Face,General Consultation Routine,Same Day,15,Attended
01MAR2026,M82006,RIVERSIDE MED PRACTICE,EMIS,U60057,SHREWSBURY PCN,M2L0M,"NHS Shropshire, Telford and Wrekin ICB - M2L0M",Other Practice staff,Face-to-Face,General Consultation Routine,More than 28 Days,1,DNA
01MAR2026,M82006,RIVERSIDE MED PRACTICE,EMIS,U60057,SHREWSBURY PCN,M2L0M,"NHS Shropshire, Telford and Wrekin ICB - M2L0M",Other Practice staff,Face-to-Face,General Consultation Routine,More than 28 Days,2,Attended
01MAR2026,M82006,RIVERSIDE MED PRACTICE,EMIS,U60057,SHREWSBURY PCN,M2L0M,"NHS Shropshire, Telford and Wrekin ICB - M2L0M",Other Practice staff,Face-to-Face,General Consultation Routine,8 to 14 Days,15,Attended
01MAR2026,M82006,RIVERSIDE MED PRACTICE,EMIS,U60057,SHREWSBURY PCN,M2L0M,"NHS Shropshire, Telford and Wrekin ICB - M2L0M",Other Practice staff,Face-to-Face,General Consultation Routine,22 to 28 Days,2,DNA
01MAR2026,M82006,RIVERSIDE MED PRACTICE,EMIS,U60057,SHREWSBURY PCN,M2L0M,"NHS Shropshire, Telford and Wrekin ICB - M2L0M",Other Practice staff,Face-to-Face,General Consultation Routine,22 to 28 Days,3,Attended
01MAR2026,M82006,RIVERSIDE MED PRACTICE,EMIS,U60057,SHREWSBURY PCN,M2L0M,"NHS Shropshire, Telford and Wrekin ICB - M2L0M",Other Practice staff,Face-to-Face,General Consultation Routine,2 to 7 Days,5,Unknown
01MAR2026,M82006,RIVERSIDE MED PRACTICE,EMIS,U60057,SHREWSBURY PCN,M2L0M,"NHS Shropshire, Telford and Wrekin ICB - M2L0M",Other Practice staff,Face-to-Face,General Consultation Routine,2 to 7 Days,5,DNA
01MAR2026,M82006,RIVERSIDE MED PRACTICE,EMIS,U60057,SHREWSBURY PCN,M2L0M,"NHS Shropshire, Telford and Wrekin ICB - M2L0M",Other Practice staff,Face-to-Face,General Consultation Routine,2 to 7 Days,81,Attended
01MAR2026,M82006,RIVERSIDE MED PRACTICE,EMIS,U60057,SHREWSBURY PCN,M2L0M,"NHS Shropshire, Telford and Wrekin ICB - M2L0M",Other Practice staff,Face-to-Face,Planned Clinical Procedure,1 Day,1,DNA
01MAR2026,M82006,RIVERSIDE MED PRACTICE,EMIS,U60057,SHREWSBURY PCN,M2L0M,"NHS Shropshire, Telford and Wrekin ICB - M2L0M",Other Practice staff,Face-to-Face,General Consultation Routine,15 to 21 Days,2,DNA
01MAR2026,M82006,RIVERSIDE MED PRACTICE,EMIS,U60057,SHREWSBURY PCN,M2L0M,"NHS Shropshire, Telford and Wrekin ICB - M2L0M",Other Practice staff,Face-to-Face,General Consultation Routine,15 to 21 Days,5,Attended
01MAR2026,M82006,RIVERSIDE MED PRACTICE,EMIS,U60057,SHREWSBURY PCN,M2L0M,"NHS Shropshire, Telford and Wrekin ICB - M2L0M",Other Practice staff,Face-to-Face,Planned Clinical Procedure,2 to 7 Days,62,Attended
01MAR2026,M82006,RIVERSIDE MED PRACTICE,EMIS,U60057,SHREWSBURY PCN,M2L0M,"NHS Shropshire, Telford and Wrekin ICB - M2L0M",Other Practice staff,Face-to-Face,General Consultation Routine,1 Day,2,Attended
01MAR2026,M82006,RIVERSIDE MED PRACTICE,EMIS,U60057,SHREWSBURY PCN,M2L0M,"NHS Shropshire, Telford and Wrekin ICB - M2L0M",Other Practice staff,Face-to-Face,General Consultation Acute,Same Day,21,Unknown
01MAR2026,M82006,RIVERSIDE MED PRACTICE,EMIS,U60057,SHREWSBURY PCN,M2L0M,"NHS Shropshire, Telford and Wrekin ICB - M2L0M",Other Practice staff,Face-to-Face,General Consultation Acute,Same Day,2,DNA
01MAR2026,M82006,RIVERSIDE MED PRACTICE,EMIS,U60057,SHREWSBURY PCN,M2L0M,"NHS Shropshire, Telford and Wrekin ICB - M2L0M",Other Practice staff,Face-to-Face,General Consultation Acute,Same Day,435,Attended
01MAR2026,M82006,RIVERSIDE MED PRACTICE,EMIS,U60057,SHREWSBURY PCN,M2L0M,"NHS Shropshire, Telford and Wrekin ICB - M2L0M",Other Practice staff,Face-to-Face,General Consultation Acute,8 to 14 Days,1,DNA
01MAR2026,M82006,RIVERSIDE MED PRACTICE,EMIS,U60057,SHREWSBURY PCN,M2L0M,"NHS Shropshire, Telford and Wrekin ICB - M2L0M",Other Practice staff,Face-to-Face,General Consultation Acute,8 to 14 Days,3,Attended
01MAR2026,M82006,RIVERSIDE MED PRACTICE,EMIS,U60057,SHREWSBURY PCN,M2L0M,"NHS Shropshire, Telford and Wrekin ICB - M2L0M",Other Practice staff,Face-to-Face,Planned Clinical Procedure,22 to 28 Days,8,DNA
01MAR2026,M82006,RIVERSIDE MED PRACTICE,EMIS,U60057,SHREWSBURY PCN,M2L0M,"NHS Shropshire, Telford and Wrekin ICB - M2L0M",Other Practice staff,Face-to-Face,General Consultation Acute,2 to 7 Days,8,Attended
01MAR2026,M82006,RIVERSIDE MED PRACTICE,EMIS,U60057,SHREWSBURY PCN,M2L0M,"NHS Shropshire, Telford and Wrekin ICB - M2L0M",Other Practice staff,Face-to-Face,General Consultation Acute,15 to 21 Days,1,Unknown
01MAR2026,M82006,RIVERSIDE MED PRACTICE,EMIS,U60057,SHREWSBURY PCN,M2L0M,"NHS Shropshire, Telford and Wrekin ICB - M2L0M",Other Practice staff,Face-to-Face,General Consultation Acute,15 to 21 Days,1,Attended
01MAR2026,M82006,RIVERSIDE MED PRACTICE,EMIS,U60057,SHREWSBURY PCN,M2L0M,"NHS Shropshire, Telford and Wrekin ICB - M2L0M",Other Practice staff,Face-to-Face,General Consultation Acute,1 Day,8,Attended
01MAR2026,M82006,RIVERSIDE MED PRACTICE,EMIS,U60057,SHREWSBURY PCN,M2L0M,"NHS Shropshire, Telford and Wrekin ICB - M2L0M",Other Practice staff,Face-to-Face,Planned Clinics,1 Day,81,Attended
01MAR2026,M82006,RIVERSIDE MED PRACTICE,EMIS,U60057,SHREWSBURY PCN,M2L0M,"NHS Shropshire, Telford and Wrekin ICB - M2L0M",GP,Video Conference/Online,Inconsistent Mapping,Same Day,26,Unknown
01MAR2026,M82006,RIVERSIDE MED PRACTICE,EMIS,U60057,SHREWSBURY PCN,M2L0M,"NHS Shropshire, Telford and Wrekin ICB - M2L0M",GP,Video Conference/Online,Inconsistent Mapping,Same Day,192,Attended
01MAR2026,M82006,RIVERSIDE MED PRACTICE,EMIS,U60057,SHREWSBURY PCN,M2L0M,"NHS Shropshire, Telford and Wrekin ICB - M2L0M",GP,Video Conference/Online,Inconsistent Mapping,8 to 14 Days,1,Attended
01MAR2026,M82006,RIVERSIDE MED PRACTICE,EMIS,U60057,SHREWSBURY PCN,M2L0M,"NHS Shropshire, Telford and Wrekin ICB - M2L0M",GP,Video Conference/Online,Inconsistent Mapping,2 to 7 Days,8,Unknown
01MAR2026,M82006,RIVERSIDE MED PRACTICE,EMIS,U60057,SHREWSBURY PCN,M2L0M,"NHS Shropshire, Telford and Wrekin ICB - M2L0M",Other Practice staff,Face-to-Face,Planned Clinics,15 to 21 Days,7,DNA
01MAR2026,M82006,RIVERSIDE MED PRACTICE,EMIS,U60057,SHREWSBURY PCN,M2L0M,"NHS Shropshire, Telford and Wrekin ICB - M2L0M",GP,Video Conference/Online,Inconsistent Mapping,2 to 7 Days,30,Attended
01MAR2026,M82006,RIVERSIDE MED PRACTICE,EMIS,U60057,SHREWSBURY PCN,M2L0M,"NHS Shropshire, Telford and Wrekin ICB - M2L0M",GP,Video Conference/Online,Inconsistent Mapping,1 Day,3,Unknown
01MAR2026,M82006,RIVERSIDE MED PRACTICE,EMIS,U60057,SHREWSBURY PCN,M2L0M,"NHS Shropshire, Telford and Wrekin ICB - M2L0M",Other Practice staff,Face-to-Face,Planned Clinics,2 to 7 Days,2,Unknown
01MAR2026,M82006,RIVERSIDE MED PRACTICE,EMIS,U60057,SHREWSBURY PCN,M2L0M,"NHS Shropshire, Telford and Wrekin ICB - M2L0M",GP,Video Conference/Online,Inconsistent Mapping,1 Day,20,Attended
01MAR2026,M82006,RIVERSIDE MED PRACTICE,EMIS,U60057,SHREWSBURY PCN,M2L0M,"NHS Shropshire, Telford and Wrekin ICB - M2L0M",GP,Video Conference/Online,Clinical Triage,Same Day,2,Unknown
01MAR2026,M82006,RIVERSIDE MED PRACTICE,EMIS,U60057,SHREWSBURY PCN,M2L0M,"NHS Shropshire, Telford and Wrekin ICB - M2L0M",GP,Video Conference/Online,Clinical Triage,Same Day,58,Attended
01MAR2026,M82006,RIVERSIDE MED PRACTICE,EMIS,U60057,SHREWSBURY PCN,M2L0M,"NHS Shropshire, Telford and Wrekin ICB - M2L0M",GP,Video Conference/Online,Clinical Triage,8 to 14 Days,4,Attended
01MAR2026,M82006,RIVERSIDE MED PRACTICE,EMIS,U60057,SHREWSBURY PCN,M2L0M,"NHS Shropshire, Telford and Wrekin ICB - M2L0M",GP,Video Conference/Online,Clinical Triage,22 to 28 Days,1,Attended
01MAR2026,M82006,RIVERSIDE MED PRACTICE,EMIS,U60057,SHREWSBURY PCN,M2L0M,"NHS Shropshire, Telford and Wrekin ICB - M2L0M",GP,Video Conference/Online,Clinical Triage,2 to 7 Days,1,Unknown
01MAR2026,M82006,RIVERSIDE MED PRACTICE,EMIS,U60057,SHREWSBURY PCN,M2L0M,"NHS Shropshire, Telford and Wrekin ICB - M2L0M",Other Practice staff,Face-to-Face,Planned Clinics,More than 28 Days,11,DNA
01MAR2026,M82006,RIVERSIDE MED PRACTICE,EMIS,U60057,SHREWSBURY PCN,M2L0M,"NHS Shropshire, Telford and Wrekin ICB - M2L0M",GP,Video Conference/Online,Clinical Triage,2 to 7 Days,10,Attended
01MAR2026,M82006,RIVERSIDE MED PRACTICE,EMIS,U60057,SHREWSBURY PCN,M2L0M,"NHS Shropshire, Telford and Wrekin ICB - M2L0M",GP,Video Conference/Online,Clinical Triage,15 to 21 Days,4,Attended
01MAR2026,M82006,RIVERSIDE MED PRACTICE,EMIS,U60057,SHREWSBURY PCN,M2L0M,"NHS Shropshire, Telford and Wrekin ICB - M2L0M",GP,Video Conference/Online,Clinical Triage,1 Day,2,Unknown
01MAR2026,M82006,RIVERSIDE MED PRACTICE,EMIS,U60057,SHREWSBURY PCN,M2L0M,"NHS Shropshire, Telford and Wrekin ICB - M2L0M",GP,Video Conference/Online,Clinical Triage,1 Day,5,Attended
01MAR2026,M82006,RIVERSIDE MED PRACTICE,EMIS,U60057,SHREWSBURY PCN,M2L0M,"NHS Shropshire, Telford and Wrekin ICB - M2L0M",Other Practice staff,Face-to-Face,Planned Clinics,Same Day,28,Unknown
01MAR2026,M82006,RIVERSIDE MED PRACTICE,EMIS,U60057,SHREWSBURY PCN,M2L0M,"NHS Shropshire, Telford and Wrekin ICB - M2L0M",GP,Unknown,Inconsistent Mapping,Same Day,11,Unknown
01MAR2026,M82006,RIVERSIDE MED PRACTICE,EMIS,U60057,SHREWSBURY PCN,M2L0M,"NHS Shropshire, Telford and Wrekin ICB - M2L0M",GP,Unknown,Inconsistent Mapping,2 to 7 Days,58,Unknown
01MAR2026,M82006,RIVERSIDE MED PRACTICE,EMIS,U60057,SHREWSBURY PCN,M2L0M,"NHS Shropshire, Telford and Wrekin ICB - M2L0M",GP,Unknown,Inconsistent Mapping,15 to 21 Days,1,Attended
01MAR2026,M82006,RIVERSIDE MED PRACTICE,EMIS,U60057,SHREWSBURY PCN,M2L0M,"NHS Shropshire, Telford and Wrekin ICB - M2L0M",GP,Unknown,Inconsistent Mapping,1 Day,15,Unknown
01MAR2026,M82006,RIVERSIDE MED PRACTICE,EMIS,U60057,SHREWSBURY PCN,M2L0M,"NHS Shropshire, Telford and Wrekin ICB - M2L0M",Other Practice staff,Home Visit,Home Visit,2 to 7 Days,3,Unknown
01MAR2026,M82006,RIVERSIDE MED PRACTICE,EMIS,U60057,SHREWSBURY PCN,M2L0M,"NHS Shropshire, Telford and Wrekin ICB - M2L0M",GP,Telephone,Unplanned Clinical Activity,Same Day,15,Attended
01MAR2026,M82006,RIVERSIDE MED PRACTICE,EMIS,U60057,SHREWSBURY PCN,M2L0M,"NHS Shropshire, Telford and Wrekin ICB - M2L0M",GP,Telephone,Unplanned Clinical Activity,8 to 14 Days,1,Attended
01MAR2026,M82006,RIVERSIDE MED PRACTICE,EMIS,U60057,SHREWSBURY PCN,M2L0M,"NHS Shropshire, Telford and Wrekin ICB - M2L0M",GP,Telephone,Unplanned Clinical Activity,2 to 7 Days,1,Attended
01MAR2026,M82006,RIVERSIDE MED PRACTICE,EMIS,U60057,SHREWSBURY PCN,M2L0M,"NHS Shropshire, Telford and Wrekin ICB - M2L0M",GP,Telephone,Unplanned Clinical Activity,15 to 21 Days,1,Attended
01MAR2026,M82006,RIVERSIDE MED PRACTICE,EMIS,U60057,SHREWSBURY PCN,M2L0M,"NHS Shropshire, Telford and Wrekin ICB - M2L0M",GP,Telephone,Planned Clinics,Same Day,10,Unknown
01MAR2026,M82006,RIVERSIDE MED PRACTICE,EMIS,U60057,SHREWSBURY PCN,M2L0M,"NHS Shropshire, Telford and Wrekin ICB - M2L0M",GP,Telephone,Planned Clinics,Same Day,46,Attended
01MAR2026,M82006,RIVERSIDE MED PRACTICE,EMIS,U60057,SHREWSBURY PCN,M2L0M,"NHS Shropshire, Telford and Wrekin ICB - M2L0M",GP,Telephone,Planned Clinics,2 to 7 Days,3,Attended
01MAR2026,M82006,RIVERSIDE MED PRACTICE,EMIS,U60057,SHREWSBURY PCN,M2L0M,"NHS Shropshire, Telford and Wrekin ICB - M2L0M",GP,Telephone,Planned Clinics,1 Day,1,Attended
01MAR2026,M82006,RIVERSIDE MED PRACTICE,EMIS,U60057,SHREWSBURY PCN,M2L0M,"NHS Shropshire, Telford and Wrekin ICB - M2L0M",Other Practice staff,Telephone,Clinical Triage,Same Day,1,Unknown
01MAR2026,M82006,RIVERSIDE MED PRACTICE,EMIS,U60057,SHREWSBURY PCN,M2L0M,"NHS Shropshire, Telford and Wrekin ICB - M2L0M",Other Practice staff,Telephone,General Consultation Routine,15 to 21 Days,1,Unknown
01MAR2026,M82006,RIVERSIDE MED PRACTICE,EMIS,U60057,SHREWSBURY PCN,M2L0M,"NHS Shropshire, Telford and Wrekin ICB - M2L0M",GP,Telephone,Patient contact during Care Home Round,Same Day,1,Unknown
01MAR2026,M82006,RIVERSIDE MED PRACTICE,EMIS,U60057,SHREWSBURY PCN,M2L0M,"NHS Shropshire, Telford and Wrekin ICB - M2L0M",GP,Telephone,Patient contact during Care Home Round,Same Day,17,Attended
01MAR2026,M82006,RIVERSIDE MED PRACTICE,EMIS,U60057,SHREWSBURY PCN,M2L0M,"NHS Shropshire, Telford and Wrekin ICB - M2L0M",GP,Telephone,Patient contact during Care Home Round,2 to 7 Days,13,Attended
01MAR2026,M82006,RIVERSIDE MED PRACTICE,EMIS,U60057,SHREWSBURY PCN,M2L0M,"NHS Shropshire, Telford and Wrekin ICB - M2L0M",GP,Telephone,Patient contact during Care Home Round,1 Day,2,Unknown
01MAR2026,M82006,RIVERSIDE MED PRACTICE,EMIS,U60057,SHREWSBURY PCN,M2L0M,"NHS Shropshire, Telford and Wrekin ICB - M2L0M",Other Practice staff,Telephone,General Consultation Routine,22 to 28 Days,8,Attended
01MAR2026,M82006,RIVERSIDE MED PRACTICE,EMIS,U60057,SHREWSBURY PCN,M2L0M,"NHS Shropshire, Telford and Wrekin ICB - M2L0M",GP,Telephone,Patient contact during Care Home Round,1 Day,32,Attended
01MAR2026,M82006,RIVERSIDE MED PRACTICE,EMIS,U60057,SHREWSBURY PCN,M2L0M,"NHS Shropshire, Telford and Wrekin ICB - M2L0M",GP,Telephone,Inconsistent Mapping,Same Day,2,Attended
01MAR2026,M82006,RIVERSIDE MED PRACTICE,EMIS,U60057,SHREWSBURY PCN,M2L0M,"NHS Shropshire, Telford and Wrekin ICB - M2L0M",GP,Telephone,Inconsistent Mapping,8 to 14 Days,1,Attended
01MAR2026,M82006,RIVERSIDE MED PRACTICE,EMIS,U60057,SHREWSBURY PCN,M2L0M,"NHS Shropshire, Telford and Wrekin ICB - M2L0M",GP,Telephone,Inconsistent Mapping,2 to 7 Days,1,DNA
01MAR2026,M82006,RIVERSIDE MED PRACTICE,EMIS,U60057,SHREWSBURY PCN,M2L0M,"NHS Shropshire, Telford and Wrekin ICB - M2L0M",GP,Telephone,Inconsistent Mapping,2 to 7 Days,2,Attended
01MAR2026,M82006,RIVERSIDE MED PRACTICE,EMIS,U60057,SHREWSBURY PCN,M2L0M,"NHS Shropshire, Telford and Wrekin ICB - M2L0M",GP,Telephone,General Consultation Routine,Same Day,7,DNA
01MAR2026,M82006,RIVERSIDE MED PRACTICE,EMIS,U60057,SHREWSBURY PCN,M2L0M,"NHS Shropshire, Telford and Wrekin ICB - M2L0M",GP,Telephone,General Consultation Routine,Same Day,358,Attended
01MAR2026,M82006,RIVERSIDE MED PRACTICE,EMIS,U60057,SHREWSBURY PCN,M2L0M,"NHS Shropshire, Telford and Wrekin ICB - M2L0M",GP,Telephone,General Consultation Routine,More than 28 Days,1,DNA
01MAR2026,M82006,RIVERSIDE MED PRACTICE,EMIS,U60057,SHREWSBURY PCN,M2L0M,"NHS Shropshire, Telford and Wrekin ICB - M2L0M",Other Practice staff,Telephone,Planned Clinics,More than 28 Days,4,Attended
01MAR2026,M82006,RIVERSIDE MED PRACTICE,EMIS,U60057,SHREWSBURY PCN,M2L0M,"NHS Shropshire, Telford and Wrekin ICB - M2L0M",GP,Telephone,General Consultation Routine,More than 28 Days,7,Attended
01MAR2026,M82006,RIVERSIDE MED PRACTICE,EMIS,U60057,SHREWSBURY PCN,M2L0M,"NHS Shropshire, Telford and Wrekin ICB - M2L0M",GP,Telephone,General Consultation Routine,8 to 14 Days,1,Unknown
01MAR2026,M82006,RIVERSIDE MED PRACTICE,EMIS,U60057,SHREWSBURY PCN,M2L0M,"NHS Shropshire, Telford and Wrekin ICB - M2L0M",GP,Telephone,General Consultation Routine,8 to 14 Days,36,Attended
01MAR2026,M82006,RIVERSIDE MED PRACTICE,EMIS,U60057,SHREWSBURY PCN,M2L0M,"NHS Shropshire, Telford and Wrekin ICB - M2L0M",GP,Telephone,General Consultation Routine,22 to 28 Days,8,Unknown
01MAR2026,M82006,RIVERSIDE MED PRACTICE,EMIS,U60057,SHREWSBURY PCN,M2L0M,"NHS Shropshire, Telford and Wrekin ICB - M2L0M",Other Practice staff,Unknown,Inconsistent Mapping,2 to 7 Days,33,Unknown
01MAR2026,M82006,RIVERSIDE MED PRACTICE,EMIS,U60057,SHREWSBURY PCN,M2L0M,"NHS Shropshire, Telford and Wrekin ICB - M2L0M",Other Practice staff,Video Conference/Online,Inconsistent Mapping,1 Day,24,Attended
01MAR2026,M82006,RIVERSIDE MED PRACTICE,EMIS,U60057,SHREWSBURY PCN,M2L0M,"NHS Shropshire, Telford and Wrekin ICB - M2L0M",GP,Telephone,General Consultation Routine,22 to 28 Days,5,DNA
01MAR2026,M82006,RIVERSIDE MED PRACTICE,EMIS,U60057,SHREWSBURY PCN,M2L0M,"NHS Shropshire, Telford and Wrekin ICB - M2L0M",GP,Telephone,General Consultation Routine,22 to 28 Days,125,Attended
01MAR2026,M82006,RIVERSIDE MED PRACTICE,EMIS,U60057,SHREWSBURY PCN,M2L0M,"NHS Shropshire, Telford and Wrekin ICB - M2L0M",GP,Telephone,General Consultation Routine,2 to 7 Days,3,Unknown
01MAR2026,M82006,RIVERSIDE MED PRACTICE,EMIS,U60057,SHREWSBURY PCN,M2L0M,"NHS Shropshire, Telford and Wrekin ICB - M2L0M",GP,Telephone,General Consultation Routine,2 to 7 Days,2,DNA
01MAR2026,M82006,RIVERSIDE MED PRACTICE,EMIS,U60057,SHREWSBURY PCN,M2L0M,"NHS Shropshire, Telford and Wrekin ICB - M2L0M",GP,Telephone,General Consultation Routine,2 to 7 Days,66,Attended
01MAR2026,M82006,RIVERSIDE MED PRACTICE,EMIS,U60057,SHREWSBURY PCN,M2L0M,"NHS Shropshire, Telford and Wrekin ICB - M2L0M",GP,Telephone,General Consultation Routine,15 to 21 Days,17,Attended
01MAR2026,M82006,RIVERSIDE MED PRACTICE,EMIS,U60057,SHREWSBURY PCN,M2L0M,"NHS Shropshire, Telford and Wrekin ICB - M2L0M",GP,Telephone,General Consultation Routine,1 Day,1,Unknown
01MAR2026,M82006,RIVERSIDE MED PRACTICE,EMIS,U60057,SHREWSBURY PCN,M2L0M,"NHS Shropshire, Telford and Wrekin ICB - M2L0M",GP,Telephone,General Consultation Routine,1 Day,39,Attended
01MAR2026,M82006,RIVERSIDE MED PRACTICE,EMIS,U60057,SHREWSBURY PCN,M2L0M,"NHS Shropshire, Telford and Wrekin ICB - M2L0M",Other Practice staff,Video Conference/Online,Inconsistent Mapping,22 to 28 Days,22,Unknown
01MAR2026,M82006,RIVERSIDE MED PRACTICE,EMIS,U60057,SHREWSBURY PCN,M2L0M,"NHS Shropshire, Telford and Wrekin ICB - M2L0M",GP,Face-to-Face,Clinical Triage,Same Day,3,Attended
01MAR2026,M82006,RIVERSIDE MED PRACTICE,EMIS,U60057,SHREWSBURY PCN,M2L0M,"NHS Shropshire, Telford and Wrekin ICB - M2L0M",Other Practice staff,Video Conference/Online,Inconsistent Mapping,8 to 14 Days,13,Unknown
01MAR2026,M82006,RIVERSIDE MED PRACTICE,EMIS,U60057,SHREWSBURY PCN,M2L0M,"NHS Shropshire, Telford and Wrekin ICB - M2L0M",GP,Face-to-Face,General Consultation Acute,1 Day,1,Attended
01MAR2026,M82006,RIVERSIDE MED PRACTICE,EMIS,U60057,SHREWSBURY PCN,M2L0M,"NHS Shropshire, Telford and Wrekin ICB - M2L0M",Other Practice staff,Video Conference/Online,Inconsistent Mapping,Same Day,9,Unknown
01MAR2026,M82006,RIVERSIDE MED PRACTICE,EMIS,U60057,SHREWSBURY PCN,M2L0M,"NHS Shropshire, Telford and Wrekin ICB - M2L0M",GP,Telephone,General Consultation Acute,Same Day,24,Attended
01MAR2026,M82006,RIVERSIDE MED PRACTICE,EMIS,U60057,SHREWSBURY PCN,M2L0M,"NHS Shropshire, Telford and Wrekin ICB - M2L0M",GP,Telephone,General Consultation Acute,8 to 14 Days,1,Attended
01MAR2026,M82006,RIVERSIDE MED PRACTICE,EMIS,U60057,SHREWSBURY PCN,M2L0M,"NHS Shropshire, Telford and Wrekin ICB - M2L0M",GP,Telephone,General Consultation Acute,1 Day,1,DNA
01MAR2026,M82006,RIVERSIDE MED PRACTICE,EMIS,U60057,SHREWSBURY PCN,M2L0M,"NHS Shropshire, Telford and Wrekin ICB - M2L0M",GP,Telephone,General Consultation Acute,1 Day,2,Attended
01MAR2026,M82006,RIVERSIDE MED PRACTICE,EMIS,U60057,SHREWSBURY PCN,M2L0M,"NHS Shropshire, Telford and Wrekin ICB - M2L0M",GP,Telephone,Clinical Triage,Same Day,4,Unknown
01MAR2026,M82006,RIVERSIDE MED PRACTICE,EMIS,U60057,SHREWSBURY PCN,M2L0M,"NHS Shropshire, Telford and Wrekin ICB - M2L0M",GP,Telephone,Clinical Triage,Same Day,83,Attended
01MAR2026,M82006,RIVERSIDE MED PRACTICE,EMIS,U60057,SHREWSBURY PCN,M2L0M,"NHS Shropshire, Telford and Wrekin ICB - M2L0M",GP,Telephone,Clinical Triage,2 to 7 Days,1,Attended
01MAR2026,M82006,RIVERSIDE MED PRACTICE,EMIS,U60057,SHREWSBURY PCN,M2L0M,"NHS Shropshire, Telford and Wrekin ICB - M2L0M",GP,Telephone,Clinical Triage,1 Day,11,Attended
01MAR2026,M82016,RADBROOK GREEN SURGERY,EMIS,U60057,SHREWSBURY PCN,M2L0M,"NHS Shropshire, Telford and Wrekin ICB - M2L0M",Other Practice staff,Face-to-Face,General Consultation Routine,2 to 7 Days,3,DNA
01MAR2026,M82016,RADBROOK GREEN SURGERY,EMIS,U60057,SHREWSBURY PCN,M2L0M,"NHS Shropshire, Telford and Wrekin ICB - M2L0M",Other Practice staff,Face-to-Face,General Consultation Routine,2 to 7 Days,30,Attended
01MAR2026,M82016,RADBROOK GREEN SURGERY,EMIS,U60057,SHREWSBURY PCN,M2L0M,"NHS Shropshire, Telford and Wrekin ICB - M2L0M",Other Practice staff,Face-to-Face,General Consultation Routine,15 to 21 Days,1,Attended
01MAR2026,M82016,RADBROOK GREEN SURGERY,EMIS,U60057,SHREWSBURY PCN,M2L0M,"NHS Shropshire, Telford and Wrekin ICB - M2L0M",Other Practice staff,Face-to-Face,General Consultation Routine,1 Day,17,Attended
01MAR2026,M82016,RADBROOK GREEN SURGERY,EMIS,U60057,SHREWSBURY PCN,M2L0M,"NHS Shropshire, Telford and Wrekin ICB - M2L0M",Other Practice staff,Face-to-Face,General Consultation Acute,Same Day,202,Attended
01MAR2026,M82016,RADBROOK GREEN SURGERY,EMIS,U60057,SHREWSBURY PCN,M2L0M,"NHS Shropshire, Telford and Wrekin ICB - M2L0M",Other Practice staff,Face-to-Face,General Consultation Acute,More than 28 Days,9,Attended
01MAR2026,M82016,RADBROOK GREEN SURGERY,EMIS,U60057,SHREWSBURY PCN,M2L0M,"NHS Shropshire, Telford and Wrekin ICB - M2L0M",Other Practice staff,Face-to-Face,General Consultation Acute,8 to 14 Days,4,Unknown
01MAR2026,M82016,RADBROOK GREEN SURGERY,EMIS,U60057,SHREWSBURY PCN,M2L0M,"NHS Shropshire, Telford and Wrekin ICB - M2L0M",Other Practice staff,Face-to-Face,General Consultation Acute,8 to 14 Days,37,Attended
01MAR2026,M82016,RADBROOK GREEN SURGERY,EMIS,U60057,SHREWSBURY PCN,M2L0M,"NHS Shropshire, Telford and Wrekin ICB - M2L0M",Other Practice staff,Face-to-Face,General Consultation Acute,22 to 28 Days,9,Attended
01MAR2026,M82016,RADBROOK GREEN SURGERY,EMIS,U60057,SHREWSBURY PCN,M2L0M,"NHS Shropshire, Telford and Wrekin ICB - M2L0M",Other Practice staff,Face-to-Face,General Consultation Acute,2 to 7 Days,5,Unknown
01MAR2026,M82016,RADBROOK GREEN SURGERY,EMIS,U60057,SHREWSBURY PCN,M2L0M,"NHS Shropshire, Telford and Wrekin ICB - M2L0M",Other Practice staff,Face-to-Face,General Consultation Acute,2 to 7 Days,85,Attended
01MAR2026,M82016,RADBROOK GREEN SURGERY,EMIS,U60057,SHREWSBURY PCN,M2L0M,"NHS Shropshire, Telford and Wrekin ICB - M2L0M",Other Practice staff,Face-to-Face,General Consultation Acute,15 to 21 Days,1,Unknown
01MAR2026,M82016,RADBROOK GREEN SURGERY,EMIS,U60057,SHREWSBURY PCN,M2L0M,"NHS Shropshire, Telford and Wrekin ICB - M2L0M",Other Practice staff,Face-to-Face,General Consultation Acute,15 to 21 Days,2,DNA
01MAR2026,M82016,RADBROOK GREEN SURGERY,EMIS,U60057,SHREWSBURY PCN,M2L0M,"NHS Shropshire, Telford and Wrekin ICB - M2L0M",Other Practice staff,Face-to-Face,General Consultation Acute,15 to 21 Days,13,Attended
01MAR2026,M82016,RADBROOK GREEN SURGERY,EMIS,U60057,SHREWSBURY PCN,M2L0M,"NHS Shropshire, Telford and Wrekin ICB - M2L0M",Other Practice staff,Face-to-Face,General Consultation Acute,1 Day,1,DNA
01MAR2026,M82016,RADBROOK GREEN SURGERY,EMIS,U60057,SHREWSBURY PCN,M2L0M,"NHS Shropshire, Telford and Wrekin ICB - M2L0M",Other Practice staff,Face-to-Face,General Consultation Acute,1 Day,38,Attended
01MAR2026,M82016,RADBROOK GREEN SURGERY,EMIS,U60057,SHREWSBURY PCN,M2L0M,"NHS Shropshire, Telford and Wrekin ICB - M2L0M",GP,Video Conference/Online,General Consultation Acute,Same Day,91,Unknown
01MAR2026,M82016,RADBROOK GREEN SURGERY,EMIS,U60057,SHREWSBURY PCN,M2L0M,"NHS Shropshire, Telford and Wrekin ICB - M2L0M",GP,Video Conference/Online,General Consultation Acute,2 to 7 Days,1,Attended
01MAR2026,M82016,RADBROOK GREEN SURGERY,EMIS,U60057,SHREWSBURY PCN,M2L0M,"NHS Shropshire, Telford and Wrekin ICB - M2L0M",GP,Video Conference/Online,General Consultation Acute,1 Day,2,Attended
01MAR2026,M82016,RADBROOK GREEN SURGERY,EMIS,U60057,SHREWSBURY PCN,M2L0M,"NHS Shropshire, Telford and Wrekin ICB - M2L0M",GP,Unknown,Inconsistent Mapping,Same Day,69,Unknown
01MAR2026,M82016,RADBROOK GREEN SURGERY,EMIS,U60057,SHREWSBURY PCN,M2L0M,"NHS Shropshire, Telford and Wrekin ICB - M2L0M",GP,Unknown,Inconsistent Mapping,8 to 14 Days,2,Unknown
01MAR2026,M82016,RADBROOK GREEN SURGERY,EMIS,U60057,SHREWSBURY PCN,M2L0M,"NHS Shropshire, Telford and Wrekin ICB - M2L0M",GP,Unknown,Inconsistent Mapping,22 to 28 Days,1,Unknown
01MAR2026,M82016,RADBROOK GREEN SURGERY,EMIS,U60057,SHREWSBURY PCN,M2L0M,"NHS Shropshire, Telford and Wrekin ICB - M2L0M",GP,Unknown,Inconsistent Mapping,2 to 7 Days,19,Unknown
01MAR2026,M82016,RADBROOK GREEN SURGERY,EMIS,U60057,SHREWSBURY PCN,M2L0M,"NHS Shropshire, Telford and Wrekin ICB - M2L0M",GP,Telephone,Planned Clinics,More than 28 Days,1,Attended
01MAR2026,M82016,RADBROOK GREEN SURGERY,EMIS,U60057,SHREWSBURY PCN,M2L0M,"NHS Shropshire, Telford and Wrekin ICB - M2L0M",GP,Telephone,Planned Clinics,8 to 14 Days,16,Attended
01MAR2026,M82016,RADBROOK GREEN SURGERY,EMIS,U60057,SHREWSBURY PCN,M2L0M,"NHS Shropshire, Telford and Wrekin ICB - M2L0M",GP,Telephone,Planned Clinics,22 to 28 Days,6,Attended
01MAR2026,M82016,RADBROOK GREEN SURGERY,EMIS,U60057,SHREWSBURY PCN,M2L0M,"NHS Shropshire, Telford and Wrekin ICB - M2L0M",GP,Telephone,Planned Clinics,2 to 7 Days,5,Attended
01MAR2026,M82016,RADBROOK GREEN SURGERY,EMIS,U60057,SHREWSBURY PCN,M2L0M,"NHS Shropshire, Telford and Wrekin ICB - M2L0M",GP,Telephone,Planned Clinics,15 to 21 Days,22,Attended
01MAR2026,M82016,RADBROOK GREEN SURGERY,EMIS,U60057,SHREWSBURY PCN,M2L0M,"NHS Shropshire, Telford and Wrekin ICB - M2L0M",GP,Telephone,Planned Clinics,1 Day,2,Attended
01MAR2026,M82016,RADBROOK GREEN SURGERY,EMIS,U60057,SHREWSBURY PCN,M2L0M,"NHS Shropshire, Telford and Wrekin ICB - M2L0M",GP,Telephone,General Consultation Routine,Same Day,6,Attended
01MAR2026,M82016,RADBROOK GREEN SURGERY,EMIS,U60057,SHREWSBURY PCN,M2L0M,"NHS Shropshire, Telford and Wrekin ICB - M2L0M",GP,Telephone,General Consultation Routine,More than 28 Days,2,DNA
01MAR2026,M82016,RADBROOK GREEN SURGERY,EMIS,U60057,SHREWSBURY PCN,M2L0M,"NHS Shropshire, Telford and Wrekin ICB - M2L0M",GP,Telephone,General Consultation Routine,More than 28 Days,91,Attended
01MAR2026,M82016,RADBROOK GREEN SURGERY,EMIS,U60057,SHREWSBURY PCN,M2L0M,"NHS Shropshire, Telford and Wrekin ICB - M2L0M",GP,Telephone,General Consultation Routine,8 to 14 Days,8,Attended
01MAR2026,M82016,RADBROOK GREEN SURGERY,EMIS,U60057,SHREWSBURY PCN,M2L0M,"NHS Shropshire, Telford and Wrekin ICB - M2L0M",GP,Telephone,General Consultation Routine,22 to 28 Days,39,Attended
01MAR2026,M82016,RADBROOK GREEN SURGERY,EMIS,U60057,SHREWSBURY PCN,M2L0M,"NHS Shropshire, Telford and Wrekin ICB - M2L0M",GP,Telephone,General Consultation Routine,2 to 7 Days,1,DNA
01MAR2026,M82016,RADBROOK GREEN SURGERY,EMIS,U60057,SHREWSBURY PCN,M2L0M,"NHS Shropshire, Telford and Wrekin ICB - M2L0M",GP,Telephone,General Consultation Routine,2 to 7 Days,14,Attended
01MAR2026,M82016,RADBROOK GREEN SURGERY,EMIS,U60057,SHREWSBURY PCN,M2L0M,"NHS Shropshire, Telford and Wrekin ICB - M2L0M",GP,Telephone,General Consultation Acute,Same Day,6,Unknown
01MAR2026,M82016,RADBROOK GREEN SURGERY,EMIS,U60057,SHREWSBURY PCN,M2L0M,"NHS Shropshire, Telford and Wrekin ICB - M2L0M",GP,Telephone,General Consultation Acute,Same Day,305,Attended
01MAR2026,M82016,RADBROOK GREEN SURGERY,EMIS,U60057,SHREWSBURY PCN,M2L0M,"NHS Shropshire, Telford and Wrekin ICB - M2L0M",GP,Telephone,General Consultation Acute,More than 28 Days,5,Attended
01MAR2026,M82016,RADBROOK GREEN SURGERY,EMIS,U60057,SHREWSBURY PCN,M2L0M,"NHS Shropshire, Telford and Wrekin ICB - M2L0M",GP,Telephone,General Consultation Acute,8 to 14 Days,1,DNA
01MAR2026,M82016,RADBROOK GREEN SURGERY,EMIS,U60057,SHREWSBURY PCN,M2L0M,"NHS Shropshire, Telford and Wrekin ICB - M2L0M",GP,Telephone,General Consultation Acute,8 to 14 Days,27,Attended
01MAR2026,M82016,RADBROOK GREEN SURGERY,EMIS,U60057,SHREWSBURY PCN,M2L0M,"NHS Shropshire, Telford and Wrekin ICB - M2L0M",GP,Telephone,General Consultation Acute,22 to 28 Days,11,Attended
01MAR2026,M82016,RADBROOK GREEN SURGERY,EMIS,U60057,SHREWSBURY PCN,M2L0M,"NHS Shropshire, Telford and Wrekin ICB - M2L0M",GP,Telephone,General Consultation Acute,2 to 7 Days,1,DNA
01MAR2026,M82016,RADBROOK GREEN SURGERY,EMIS,U60057,SHREWSBURY PCN,M2L0M,"NHS Shropshire, Telford and Wrekin ICB - M2L0M",GP,Telephone,General Consultation Acute,2 to 7 Days,55,Attended
01MAR2026,M82016,RADBROOK GREEN SURGERY,EMIS,U60057,SHREWSBURY PCN,M2L0M,"NHS Shropshire, Telford and Wrekin ICB - M2L0M",GP,Telephone,General Consultation Acute,15 to 21 Days,23,Attended
01MAR2026,M82016,RADBROOK GREEN SURGERY,EMIS,U60057,SHREWSBURY PCN,M2L0M,"NHS Shropshire, Telford and Wrekin ICB - M2L0M",GP,Telephone,General Consultation Acute,1 Day,1,Unknown
01MAR2026,M82016,RADBROOK GREEN SURGERY,EMIS,U60057,SHREWSBURY PCN,M2L0M,"NHS Shropshire, Telford and Wrekin ICB - M2L0M",GP,Telephone,General Consultation Acute,1 Day,27,Attended
01MAR2026,M82016,RADBROOK GREEN SURGERY,EMIS,U60057,SHREWSBURY PCN,M2L0M,"NHS Shropshire, Telford and Wrekin ICB - M2L0M",GP,Telephone,General Consultation Routine,15 to 21 Days,16,Attended
01MAR2026,M82016,RADBROOK GREEN SURGERY,EMIS,U60057,SHREWSBURY PCN,M2L0M,"NHS Shropshire, Telford and Wrekin ICB - M2L0M",GP,Home Visit,Home Visit,Same Day,1,Attended
01MAR2026,M82016,RADBROOK GREEN SURGERY,EMIS,U60057,SHREWSBURY PCN,M2L0M,"NHS Shropshire, Telford and Wrekin ICB - M2L0M",GP,Face-to-Face,Planned Clinics,1 Day,1,Attended
01MAR2026,M82016,RADBROOK GREEN SURGERY,EMIS,U60057,SHREWSBURY PCN,M2L0M,"NHS Shropshire, Telford and Wrekin ICB - M2L0M",GP,Face-to-Face,Planned Clinical Procedure,Same Day,1,Attended
01MAR2026,M82016,RADBROOK GREEN SURGERY,EMIS,U60057,SHREWSBURY PCN,M2L0M,"NHS Shropshire, Telford and Wrekin ICB - M2L0M",GP,Face-to-Face,Planned Clinical Procedure,More than 28 Days,15,Attended
01MAR2026,M82016,RADBROOK GREEN SURGERY,EMIS,U60057,SHREWSBURY PCN,M2L0M,"NHS Shropshire, Telford and Wrekin ICB - M2L0M",GP,Telephone,General Consultation Routine,22 to 28 Days,1,DNA
01MAR2026,M82016,RADBROOK GREEN SURGERY,EMIS,U60057,SHREWSBURY PCN,M2L0M,"NHS Shropshire, Telford and Wrekin ICB - M2L0M",GP,Face-to-Face,Planned Clinical Procedure,22 to 28 Days,2,Attended
01MAR2026,M82016,RADBROOK GREEN SURGERY,EMIS,U60057,SHREWSBURY PCN,M2L0M,"NHS Shropshire, Telford and Wrekin ICB - M2L0M",GP,Face-to-Face,Planned Clinical Procedure,15 to 21 Days,6,Attended
01MAR2026,M82016,RADBROOK GREEN SURGERY,EMIS,U60057,SHREWSBURY PCN,M2L0M,"NHS Shropshire, Telford and Wrekin ICB - M2L0M",GP,Face-to-Face,Patient contact during Care Home Round,Same Day,2,Unknown
01MAR2026,M82016,RADBROOK GREEN SURGERY,EMIS,U60057,SHREWSBURY PCN,M2L0M,"NHS Shropshire, Telford and Wrekin ICB - M2L0M",GP,Face-to-Face,Patient contact during Care Home Round,Same Day,144,Attended
01MAR2026,M82016,RADBROOK GREEN SURGERY,EMIS,U60057,SHREWSBURY PCN,M2L0M,"NHS Shropshire, Telford and Wrekin ICB - M2L0M",GP,Face-to-Face,Patient contact during Care Home Round,2 to 7 Days,1,Attended
01MAR2026,M82016,RADBROOK GREEN SURGERY,EMIS,U60057,SHREWSBURY PCN,M2L0M,"NHS Shropshire, Telford and Wrekin ICB - M2L0M",GP,Face-to-Face,Patient contact during Care Home Round,1 Day,2,Unknown
01MAR2026,M82016,RADBROOK GREEN SURGERY,EMIS,U60057,SHREWSBURY PCN,M2L0M,"NHS Shropshire, Telford and Wrekin ICB - M2L0M",GP,Face-to-Face,Patient contact during Care Home Round,1 Day,26,Attended
01MAR2026,M82016,RADBROOK GREEN SURGERY,EMIS,U60057,SHREWSBURY PCN,M2L0M,"NHS Shropshire, Telford and Wrekin ICB - M2L0M",GP,Face-to-Face,Non-contractual chargeable work,2 to 7 Days,1,Attended
01MAR2026,M82016,RADBROOK GREEN SURGERY,EMIS,U60057,SHREWSBURY PCN,M2L0M,"NHS Shropshire, Telford and Wrekin ICB - M2L0M",GP,Telephone,General Consultation Routine,More than 28 Days,5,Unknown
01MAR2026,M82016,RADBROOK GREEN SURGERY,EMIS,U60057,SHREWSBURY PCN,M2L0M,"NHS Shropshire, Telford and Wrekin ICB - M2L0M",GP,Face-to-Face,Inconsistent Mapping,Unknown / Data Issue,1,Attended
01MAR2026,M82016,RADBROOK GREEN SURGERY,EMIS,U60057,SHREWSBURY PCN,M2L0M,"NHS Shropshire, Telford and Wrekin ICB - M2L0M",GP,Face-to-Face,Inconsistent Mapping,Same Day,1,Unknown
01MAR2026,M82016,RADBROOK GREEN SURGERY,EMIS,U60057,SHREWSBURY PCN,M2L0M,"NHS Shropshire, Telford and Wrekin ICB - M2L0M",GP,Unknown,Inconsistent Mapping,1 Day,4,Unknown
01MAR2026,M82016,RADBROOK GREEN SURGERY,EMIS,U60057,SHREWSBURY PCN,M2L0M,"NHS Shropshire, Telford and Wrekin ICB - M2L0M",GP,Face-to-Face,Inconsistent Mapping,Same Day,102,Attended
01MAR2026,M82016,RADBROOK GREEN SURGERY,EMIS,U60057,SHREWSBURY PCN,M2L0M,"NHS Shropshire, Telford and Wrekin ICB - M2L0M",GP,Face-to-Face,Inconsistent Mapping,More than 28 Days,24,Unknown
01MAR2026,M82016,RADBROOK GREEN SURGERY,EMIS,U60057,SHREWSBURY PCN,M2L0M,"NHS Shropshire, Telford and Wrekin ICB - M2L0M",GP,Unknown,Inconsistent Mapping,More than 28 Days,2,Unknown
01MAR2026,M82016,RADBROOK GREEN SURGERY,EMIS,U60057,SHREWSBURY PCN,M2L0M,"NHS Shropshire, Telford and Wrekin ICB - M2L0M",GP,Face-to-Face,Inconsistent Mapping,More than 28 Days,1,DNA
01MAR2026,M82016,RADBROOK GREEN SURGERY,EMIS,U60057,SHREWSBURY PCN,M2L0M,"NHS Shropshire, Telford and Wrekin ICB - M2L0M",GP,Face-to-Face,Inconsistent Mapping,More than 28 Days,8,Attended
01MAR2026,M82016,RADBROOK GREEN SURGERY,EMIS,U60057,SHREWSBURY PCN,M2L0M,"NHS Shropshire, Telford and Wrekin ICB - M2L0M",GP,Face-to-Face,Inconsistent Mapping,2 to 7 Days,1,Unknown
01MAR2026,M82016,RADBROOK GREEN SURGERY,EMIS,U60057,SHREWSBURY PCN,M2L0M,"NHS Shropshire, Telford and Wrekin ICB - M2L0M",GP,Face-to-Face,Inconsistent Mapping,15 to 21 Days,1,Attended
01MAR2026,M82016,RADBROOK GREEN SURGERY,EMIS,U60057,SHREWSBURY PCN,M2L0M,"NHS Shropshire, Telford and Wrekin ICB - M2L0M",GP,Video Conference/Online,General Consultation Acute,Same Day,378,Attended
01MAR2026,M82016,RADBROOK GREEN SURGERY,EMIS,U60057,SHREWSBURY PCN,M2L0M,"NHS Shropshire, Telford and Wrekin ICB - M2L0M",GP,Face-to-Face,Inconsistent Mapping,1 Day,2,Unknown
01MAR2026,M82016,RADBROOK GREEN SURGERY,EMIS,U60057,SHREWSBURY PCN,M2L0M,"NHS Shropshire, Telford and Wrekin ICB - M2L0M",GP,Face-to-Face,General Consultation Routine,Same Day,1,DNA
01MAR2026,M82016,RADBROOK GREEN SURGERY,EMIS,U60057,SHREWSBURY PCN,M2L0M,"NHS Shropshire, Telford and Wrekin ICB - M2L0M",GP,Face-to-Face,General Consultation Routine,Same Day,9,Attended
01MAR2026,M82016,RADBROOK GREEN SURGERY,EMIS,U60057,SHREWSBURY PCN,M2L0M,"NHS Shropshire, Telford and Wrekin ICB - M2L0M",GP,Face-to-Face,General Consultation Routine,More than 28 Days,30,Attended
01MAR2026,M82016,RADBROOK GREEN SURGERY,EMIS,U60057,SHREWSBURY PCN,M2L0M,"NHS Shropshire, Telford and Wrekin ICB - M2L0M",GP,Face-to-Face,General Consultation Routine,8 to 14 Days,14,Attended
01MAR2026,M82016,RADBROOK GREEN SURGERY,EMIS,U60057,SHREWSBURY PCN,M2L0M,"NHS Shropshire, Telford and Wrekin ICB - M2L0M",GP,Face-to-Face,General Consultation Routine,22 to 28 Days,6,Attended
01MAR2026,M82016,RADBROOK GREEN SURGERY,EMIS,U60057,SHREWSBURY PCN,M2L0M,"NHS Shropshire, Telford and Wrekin ICB - M2L0M",GP,Face-to-Face,General Consultation Routine,2 to 7 Days,1,Unknown
01MAR2026,M82016,RADBROOK GREEN SURGERY,EMIS,U60057,SHREWSBURY PCN,M2L0M,"NHS Shropshire, Telford and Wrekin ICB - M2L0M",GP,Face-to-Face,General Consultation Routine,2 to 7 Days,7,DNA
01MAR2026,M82016,RADBROOK GREEN SURGERY,EMIS,U60057,SHREWSBURY PCN,M2L0M,"NHS Shropshire, Telford and Wrekin ICB - M2L0M",Other Practice staff,Face-to-Face,General Consultation Acute,2 to 7 Days,3,DNA
01MAR2026,M82016,RADBROOK GREEN SURGERY,EMIS,U60057,SHREWSBURY PCN,M2L0M,"NHS Shropshire, Telford and Wrekin ICB - M2L0M",GP,Face-to-Face,General Consultation Routine,2 to 7 Days,38,Attended
01MAR2026,M82016,RADBROOK GREEN SURGERY,EMIS,U60057,SHREWSBURY PCN,M2L0M,"NHS Shropshire, Telford and Wrekin ICB - M2L0M",GP,Face-to-Face,General Consultation Routine,15 to 21 Days,11,Attended
01MAR2026,M82016,RADBROOK GREEN SURGERY,EMIS,U60057,SHREWSBURY PCN,M2L0M,"NHS Shropshire, Telford and Wrekin ICB - M2L0M",Other Practice staff,Face-to-Face,General Consultation Acute,8 to 14 Days,4,DNA
01MAR2026,M82016,RADBROOK GREEN SURGERY,EMIS,U60057,SHREWSBURY PCN,M2L0M,"NHS Shropshire, Telford and Wrekin ICB - M2L0M",GP,Face-to-Face,General Consultation Routine,1 Day,3,DNA
01MAR2026,M82016,RADBROOK GREEN SURGERY,EMIS,U60057,SHREWSBURY PCN,M2L0M,"NHS Shropshire, Telford and Wrekin ICB - M2L0M",GP,Face-to-Face,General Consultation Routine,1 Day,30,Attended
01MAR2026,M82016,RADBROOK GREEN SURGERY,EMIS,U60057,SHREWSBURY PCN,M2L0M,"NHS Shropshire, Telford and Wrekin ICB - M2L0M",Other Practice staff,Face-to-Face,General Consultation Acute,Same Day,3,DNA
01MAR2026,M82016,RADBROOK GREEN SURGERY,EMIS,U60057,SHREWSBURY PCN,M2L0M,"NHS Shropshire, Telford and Wrekin ICB - M2L0M",GP,Face-to-Face,General Consultation Acute,Same Day,5,DNA
01MAR2026,M82016,RADBROOK GREEN SURGERY,EMIS,U60057,SHREWSBURY PCN,M2L0M,"NHS Shropshire, Telford and Wrekin ICB - M2L0M",GP,Face-to-Face,General Consultation Acute,Same Day,238,Attended
01MAR2026,M82016,RADBROOK GREEN SURGERY,EMIS,U60057,SHREWSBURY PCN,M2L0M,"NHS Shropshire, Telford and Wrekin ICB - M2L0M",GP,Face-to-Face,General Consultation Acute,More than 28 Days,10,Attended
01MAR2026,M82016,RADBROOK GREEN SURGERY,EMIS,U60057,SHREWSBURY PCN,M2L0M,"NHS Shropshire, Telford and Wrekin ICB - M2L0M",GP,Face-to-Face,General Consultation Acute,8 to 14 Days,1,Unknown
01MAR2026,M82016,RADBROOK GREEN SURGERY,EMIS,U60057,SHREWSBURY PCN,M2L0M,"NHS Shropshire, Telford and Wrekin ICB - M2L0M",GP,Face-to-Face,General Consultation Acute,8 to 14 Days,1,DNA
01MAR2026,M82016,RADBROOK GREEN SURGERY,EMIS,U60057,SHREWSBURY PCN,M2L0M,"NHS Shropshire, Telford and Wrekin ICB - M2L0M",GP,Face-to-Face,General Consultation Acute,8 to 14 Days,48,Attended
01MAR2026,M82016,RADBROOK GREEN SURGERY,EMIS,U60057,SHREWSBURY PCN,M2L0M,"NHS Shropshire, Telford and Wrekin ICB - M2L0M",GP,Face-to-Face,General Consultation Acute,22 to 28 Days,1,DNA
01MAR2026,M82016,RADBROOK GREEN SURGERY,EMIS,U60057,SHREWSBURY PCN,M2L0M,"NHS Shropshire, Telford and Wrekin ICB - M2L0M",GP,Face-to-Face,General Consultation Acute,22 to 28 Days,11,Attended
01MAR2026,M82016,RADBROOK GREEN SURGERY,EMIS,U60057,SHREWSBURY PCN,M2L0M,"NHS Shropshire, Telford and Wrekin ICB - M2L0M",GP,Face-to-Face,General Consultation Acute,2 to 7 Days,2,Unknown
01MAR2026,M82016,RADBROOK GREEN SURGERY,EMIS,U60057,SHREWSBURY PCN,M2L0M,"NHS Shropshire, Telford and Wrekin ICB - M2L0M",GP,Face-to-Face,General Consultation Acute,2 to 7 Days,3,DNA
01MAR2026,M82016,RADBROOK GREEN SURGERY,EMIS,U60057,SHREWSBURY PCN,M2L0M,"NHS Shropshire, Telford and Wrekin ICB - M2L0M",GP,Face-to-Face,General Consultation Acute,2 to 7 Days,91,Attended
01MAR2026,M82016,RADBROOK GREEN SURGERY,EMIS,U60057,SHREWSBURY PCN,M2L0M,"NHS Shropshire, Telford and Wrekin ICB - M2L0M",GP,Face-to-Face,General Consultation Acute,15 to 21 Days,35,Attended
01MAR2026,M82016,RADBROOK GREEN SURGERY,EMIS,U60057,SHREWSBURY PCN,M2L0M,"NHS Shropshire, Telford and Wrekin ICB - M2L0M",GP,Face-to-Face,General Consultation Acute,1 Day,51,Attended
01MAR2026,M82016,RADBROOK GREEN SURGERY,EMIS,U60057,SHREWSBURY PCN,M2L0M,"NHS Shropshire, Telford and Wrekin ICB - M2L0M",Other Practice staff,Face-to-Face,Planned Clinical Procedure,8 to 14 Days,10,DNA
01MAR2026,M82016,RADBROOK GREEN SURGERY,EMIS,U60057,SHREWSBURY PCN,M2L0M,"NHS Shropshire, Telford and Wrekin ICB - M2L0M",Other Practice staff,Face-to-Face,Planned Clinics,22 to 28 Days,39,Attended
01MAR2026,M82016,RADBROOK GREEN SURGERY,EMIS,U60057,SHREWSBURY PCN,M2L0M,"NHS Shropshire, Telford and Wrekin ICB - M2L0M",Other Practice staff,Face-to-Face,Planned Clinical Procedure,1 Day,2,DNA
01MAR2026,M82016,RADBROOK GREEN SURGERY,EMIS,U60057,SHREWSBURY PCN,M2L0M,"NHS Shropshire, Telford and Wrekin ICB - M2L0M",Other Practice staff,Face-to-Face,Planned Clinical Procedure,More than 28 Days,94,Attended
01MAR2026,M82016,RADBROOK GREEN SURGERY,EMIS,U60057,SHREWSBURY PCN,M2L0M,"NHS Shropshire, Telford and Wrekin ICB - M2L0M",Other Practice staff,Face-to-Face,Planned Clinics,8 to 14 Days,1,Unknown
01MAR2026,M82016,RADBROOK GREEN SURGERY,EMIS,U60057,SHREWSBURY PCN,M2L0M,"NHS Shropshire, Telford and Wrekin ICB - M2L0M",Other Practice staff,Face-to-Face,General Consultation Routine,Same Day,28,Attended
01MAR2026,M82016,RADBROOK GREEN SURGERY,EMIS,U60057,SHREWSBURY PCN,M2L0M,"NHS Shropshire, Telford and Wrekin ICB - M2L0M",Other Practice staff,Face-to-Face,General Consultation Routine,22 to 28 Days,1,Attended
01MAR2026,M82016,RADBROOK GREEN SURGERY,EMIS,U60057,SHREWSBURY PCN,M2L0M,"NHS Shropshire, Telford and Wrekin ICB - M2L0M",Other Practice staff,Telephone,General Consultation Acute,Same Day,2,DNA
01MAR2026,M82016,RADBROOK GREEN SURGERY,EMIS,U60057,SHREWSBURY PCN,M2L0M,"NHS Shropshire, Telford and Wrekin ICB - M2L0M",Other Practice staff,Telephone,General Consultation Acute,15 to 21 Days,4,Unknown
01MAR2026,M82016,RADBROOK GREEN SURGERY,EMIS,U60057,SHREWSBURY PCN,M2L0M,"NHS Shropshire, Telford and Wrekin ICB - M2L0M",Other Practice staff,Face-to-Face,Planned Clinical Procedure,15 to 21 Days,9,DNA
01MAR2026,M82016,RADBROOK GREEN SURGERY,EMIS,U60057,SHREWSBURY PCN,M2L0M,"NHS Shropshire, Telford and Wrekin ICB - M2L0M",Other Practice staff,Face-to-Face,Planned Clinical Procedure,15 to 21 Days,121,Attended
01MAR2026,M82016,RADBROOK GREEN SURGERY,EMIS,U60057,SHREWSBURY PCN,M2L0M,"NHS Shropshire, Telford and Wrekin ICB - M2L0M",Other Practice staff,Face-to-Face,Planned Clinics,22 to 28 Days,2,Unknown
01MAR2026,M82016,RADBROOK GREEN SURGERY,EMIS,U60057,SHREWSBURY PCN,M2L0M,"NHS Shropshire, Telford and Wrekin ICB - M2L0M",Other Practice staff,Video Conference/Online,General Consultation Acute,1 Day,3,Attended
01MAR2026,M82016,RADBROOK GREEN SURGERY,EMIS,U60057,SHREWSBURY PCN,M2L0M,"NHS Shropshire, Telford and Wrekin ICB - M2L0M",Other Practice staff,Video Conference/Online,General Consultation Acute,Same Day,100,Attended
01MAR2026,M82016,RADBROOK GREEN SURGERY,EMIS,U60057,SHREWSBURY PCN,M2L0M,"NHS Shropshire, Telford and Wrekin ICB - M2L0M",Other Practice staff,Telephone,General Consultation Routine,8 to 14 Days,1,DNA
01MAR2026,M82016,RADBROOK GREEN SURGERY,EMIS,U60057,SHREWSBURY PCN,M2L0M,"NHS Shropshire, Telford and Wrekin ICB - M2L0M",Other Practice staff,Face-to-Face,Planned Clinics,2 to 7 Days,14,Attended
01MAR2026,M82016,RADBROOK GREEN SURGERY,EMIS,U60057,SHREWSBURY PCN,M2L0M,"NHS Shropshire, Telford and Wrekin ICB - M2L0M",Other Practice staff,Face-to-Face,Planned Clinical Procedure,2 to 7 Days,91,Attended
01MAR2026,M82016,RADBROOK GREEN SURGERY,EMIS,U60057,SHREWSBURY PCN,M2L0M,"NHS Shropshire, Telford and Wrekin ICB - M2L0M",Other Practice staff,Telephone,General Consultation Acute,15 to 21 Days,5,Attended
01MAR2026,M82016,RADBROOK GREEN SURGERY,EMIS,U60057,SHREWSBURY PCN,M2L0M,"NHS Shropshire, Telford and Wrekin ICB - M2L0M",Other Practice staff,Face-to-Face,Planned Clinics,15 to 21 Days,35,Attended
01MAR2026,M82016,RADBROOK GREEN SURGERY,EMIS,U60057,SHREWSBURY PCN,M2L0M,"NHS Shropshire, Telford and Wrekin ICB - M2L0M",Other Practice staff,Face-to-Face,Planned Clinics,15 to 21 Days,3,Unknown
01MAR2026,M82016,RADBROOK GREEN SURGERY,EMIS,U60057,SHREWSBURY PCN,M2L0M,"NHS Shropshire, Telford and Wrekin ICB - M2L0M",Other Practice staff,Face-to-Face,Planned Clinical Procedure,More than 28 Days,6,DNA
01MAR2026,M82016,RADBROOK GREEN SURGERY,EMIS,U60057,SHREWSBURY PCN,M2L0M,"NHS Shropshire, Telford and Wrekin ICB - M2L0M",Other Practice staff,Telephone,General Consultation Acute,Same Day,64,Attended
01MAR2026,M82016,RADBROOK GREEN SURGERY,EMIS,U60057,SHREWSBURY PCN,M2L0M,"NHS Shropshire, Telford and Wrekin ICB - M2L0M",Other Practice staff,Telephone,General Consultation Routine,22 to 28 Days,3,Unknown
01MAR2026,M82016,RADBROOK GREEN SURGERY,EMIS,U60057,SHREWSBURY PCN,M2L0M,"NHS Shropshire, Telford and Wrekin ICB - M2L0M",Other Practice staff,Face-to-Face,Planned Clinical Procedure,Same Day,55,Attended
01MAR2026,M82016,RADBROOK GREEN SURGERY,EMIS,U60057,SHREWSBURY PCN,M2L0M,"NHS Shropshire, Telford and Wrekin ICB - M2L0M",Other Practice staff,Home Visit,Home Visit,2 to 7 Days,2,Attended
01MAR2026,M82016,RADBROOK GREEN SURGERY,EMIS,U60057,SHREWSBURY PCN,M2L0M,"NHS Shropshire, Telford and Wrekin ICB - M2L0M",Other Practice staff,Telephone,General Consultation Routine,22 to 28 Days,8,Attended
01MAR2026,M82016,RADBROOK GREEN SURGERY,EMIS,U60057,SHREWSBURY PCN,M2L0M,"NHS Shropshire, Telford and Wrekin ICB - M2L0M",Other Practice staff,Face-to-Face,Planned Clinics,More than 28 Days,155,Attended
01MAR2026,M82016,RADBROOK GREEN SURGERY,EMIS,U60057,SHREWSBURY PCN,M2L0M,"NHS Shropshire, Telford and Wrekin ICB - M2L0M",Other Practice staff,Face-to-Face,Planned Clinical Procedure,2 to 7 Days,7,DNA
01MAR2026,M82016,RADBROOK GREEN SURGERY,EMIS,U60057,SHREWSBURY PCN,M2L0M,"NHS Shropshire, Telford and Wrekin ICB - M2L0M",Other Practice staff,Face-to-Face,Planned Clinics,8 to 14 Days,37,Attended
01MAR2026,M82016,RADBROOK GREEN SURGERY,EMIS,U60057,SHREWSBURY PCN,M2L0M,"NHS Shropshire, Telford and Wrekin ICB - M2L0M",Other Practice staff,Face-to-Face,Planned Clinics,More than 28 Days,5,DNA
01MAR2026,M82016,RADBROOK GREEN SURGERY,EMIS,U60057,SHREWSBURY PCN,M2L0M,"NHS Shropshire, Telford and Wrekin ICB - M2L0M",Other Practice staff,Face-to-Face,Inconsistent Mapping,More than 28 Days,3,Unknown
01MAR2026,M82016,RADBROOK GREEN SURGERY,EMIS,U60057,SHREWSBURY PCN,M2L0M,"NHS Shropshire, Telford and Wrekin ICB - M2L0M",Unknown,Telephone,Care Related Encounter but does not fit into any other category,Same Day,13,Attended
01MAR2026,M82016,RADBROOK GREEN SURGERY,EMIS,U60057,SHREWSBURY PCN,M2L0M,"NHS Shropshire, Telford and Wrekin ICB - M2L0M",Other Practice staff,Video Conference/Online,General Consultation Acute,2 to 7 Days,1,Unknown
01MAR2026,M82016,RADBROOK GREEN SURGERY,EMIS,U60057,SHREWSBURY PCN,M2L0M,"NHS Shropshire, Telford and Wrekin ICB - M2L0M",Other Practice staff,Face-to-Face,Planned Clinics,Same Day,8,DNA
01MAR2026,M82016,RADBROOK GREEN SURGERY,EMIS,U60057,SHREWSBURY PCN,M2L0M,"NHS Shropshire, Telford and Wrekin ICB - M2L0M",Other Practice staff,Telephone,General Consultation Routine,Same Day,2,Attended
01MAR2026,M82016,RADBROOK GREEN SURGERY,EMIS,U60057,SHREWSBURY PCN,M2L0M,"NHS Shropshire, Telford and Wrekin ICB - M2L0M",Other Practice staff,Unknown,Inconsistent Mapping,More than 28 Days,1,Unknown
01MAR2026,M82016,RADBROOK GREEN SURGERY,EMIS,U60057,SHREWSBURY PCN,M2L0M,"NHS Shropshire, Telford and Wrekin ICB - M2L0M",Other Practice staff,Telephone,General Consultation Routine,22 to 28 Days,1,DNA
01MAR2026,M82016,RADBROOK GREEN SURGERY,EMIS,U60057,SHREWSBURY PCN,M2L0M,"NHS Shropshire, Telford and Wrekin ICB - M2L0M",Other Practice staff,Face-to-Face,Inconsistent Mapping,2 to 7 Days,1,Attended
01MAR2026,M82016,RADBROOK GREEN SURGERY,EMIS,U60057,SHREWSBURY PCN,M2L0M,"NHS Shropshire, Telford and Wrekin ICB - M2L0M",Other Practice staff,Face-to-Face,Planned Clinical Procedure,8 to 14 Days,182,Attended
01MAR2026,M82016,RADBROOK GREEN SURGERY,EMIS,U60057,SHREWSBURY PCN,M2L0M,"NHS Shropshire, Telford and Wrekin ICB - M2L0M",Other Practice staff,Telephone,General Consultation Routine,1 Day,1,Unknown
01MAR2026,M82016,RADBROOK GREEN SURGERY,EMIS,U60057,SHREWSBURY PCN,M2L0M,"NHS Shropshire, Telford and Wrekin ICB - M2L0M",Other Practice staff,Telephone,General Consultation Routine,2 to 7 Days,4,Attended
01MAR2026,M82016,RADBROOK GREEN SURGERY,EMIS,U60057,SHREWSBURY PCN,M2L0M,"NHS Shropshire, Telford and Wrekin ICB - M2L0M",Other Practice staff,Face-to-Face,Planned Clinical Procedure,8 to 14 Days,9,Unknown
01MAR2026,M82016,RADBROOK GREEN SURGERY,EMIS,U60057,SHREWSBURY PCN,M2L0M,"NHS Shropshire, Telford and Wrekin ICB - M2L0M",Other Practice staff,Face-to-Face,Planned Clinical Procedure,More than 28 Days,3,Unknown
01MAR2026,M82016,RADBROOK GREEN SURGERY,EMIS,U60057,SHREWSBURY PCN,M2L0M,"NHS Shropshire, Telford and Wrekin ICB - M2L0M",Other Practice staff,Telephone,General Consultation Routine,8 to 14 Days,4,Attended
01MAR2026,M82016,RADBROOK GREEN SURGERY,EMIS,U60057,SHREWSBURY PCN,M2L0M,"NHS Shropshire, Telford and Wrekin ICB - M2L0M",Other Practice staff,Telephone,General Consultation Acute,2 to 7 Days,5,Attended
01MAR2026,M82016,RADBROOK GREEN SURGERY,EMIS,U60057,SHREWSBURY PCN,M2L0M,"NHS Shropshire, Telford and Wrekin ICB - M2L0M",Other Practice staff,Home Visit,Home Visit,2 to 7 Days,1,Unknown
01MAR2026,M82016,RADBROOK GREEN SURGERY,EMIS,U60057,SHREWSBURY PCN,M2L0M,"NHS Shropshire, Telford and Wrekin ICB - M2L0M",Other Practice staff,Face-to-Face,Planned Clinical Procedure,15 to 21 Days,3,Unknown
01MAR2026,M82016,RADBROOK GREEN SURGERY,EMIS,U60057,SHREWSBURY PCN,M2L0M,"NHS Shropshire, Telford and Wrekin ICB - M2L0M",Other Practice staff,Home Visit,Home Visit,Same Day,2,Attended
01MAR2026,M82016,RADBROOK GREEN SURGERY,EMIS,U60057,SHREWSBURY PCN,M2L0M,"NHS Shropshire, Telford and Wrekin ICB - M2L0M",Other Practice staff,Face-to-Face,General Consultation Routine,More than 28 Days,6,Attended
01MAR2026,M82016,RADBROOK GREEN SURGERY,EMIS,U60057,SHREWSBURY PCN,M2L0M,"NHS Shropshire, Telford and Wrekin ICB - M2L0M",Unknown,Home Visit,Home Visit,Same Day,38,Attended
01MAR2026,M82016,RADBROOK GREEN SURGERY,EMIS,U60057,SHREWSBURY PCN,M2L0M,"NHS Shropshire, Telford and Wrekin ICB - M2L0M",Other Practice staff,Telephone,General Consultation Routine,15 to 21 Days,2,Attended
01MAR2026,M82016,RADBROOK GREEN SURGERY,EMIS,U60057,SHREWSBURY PCN,M2L0M,"NHS Shropshire, Telford and Wrekin ICB - M2L0M",Other Practice staff,Face-to-Face,Inconsistent Mapping,More than 28 Days,2,DNA
01MAR2026,M82016,RADBROOK GREEN SURGERY,EMIS,U60057,SHREWSBURY PCN,M2L0M,"NHS Shropshire, Telford and Wrekin ICB - M2L0M",Other Practice staff,Telephone,General Consultation Acute,8 to 14 Days,5,Attended
01MAR2026,M82016,RADBROOK GREEN SURGERY,EMIS,U60057,SHREWSBURY PCN,M2L0M,"NHS Shropshire, Telford and Wrekin ICB - M2L0M",Other Practice staff,Face-to-Face,Planned Clinical Procedure,1 Day,20,Attended
01MAR2026,M82016,RADBROOK GREEN SURGERY,EMIS,U60057,SHREWSBURY PCN,M2L0M,"NHS Shropshire, Telford and Wrekin ICB - M2L0M",Other Practice staff,Telephone,General Consultation Acute,1 Day,2,Attended
01MAR2026,M82016,RADBROOK GREEN SURGERY,EMIS,U60057,SHREWSBURY PCN,M2L0M,"NHS Shropshire, Telford and Wrekin ICB - M2L0M",Other Practice staff,Telephone,General Consultation Routine,More than 28 Days,15,Attended
01MAR2026,M82016,RADBROOK GREEN SURGERY,EMIS,U60057,SHREWSBURY PCN,M2L0M,"NHS Shropshire, Telford and Wrekin ICB - M2L0M",Other Practice staff,Face-to-Face,Planned Clinics,15 to 21 Days,2,DNA
01MAR2026,M82016,RADBROOK GREEN SURGERY,EMIS,U60057,SHREWSBURY PCN,M2L0M,"NHS Shropshire, Telford and Wrekin ICB - M2L0M",Other Practice staff,Face-to-Face,Planned Clinics,1 Day,10,Attended
01MAR2026,M82016,RADBROOK GREEN SURGERY,EMIS,U60057,SHREWSBURY PCN,M2L0M,"NHS Shropshire, Telford and Wrekin ICB - M2L0M",Other Practice staff,Telephone,General Consultation Routine,More than 28 Days,4,Unknown
01MAR2026,M82016,RADBROOK GREEN SURGERY,EMIS,U60057,SHREWSBURY PCN,M2L0M,"NHS Shropshire, Telford and Wrekin ICB - M2L0M",Other Practice staff,Face-to-Face,General Consultation Routine,8 to 14 Days,4,Attended
01MAR2026,M82016,RADBROOK GREEN SURGERY,EMIS,U60057,SHREWSBURY PCN,M2L0M,"NHS Shropshire, Telford and Wrekin ICB - M2L0M",Unknown,Home Visit,Home Visit,2 to 7 Days,4,Attended
01MAR2026,M82016,RADBROOK GREEN SURGERY,EMIS,U60057,SHREWSBURY PCN,M2L0M,"NHS Shropshire, Telford and Wrekin ICB - M2L0M",Unknown,Telephone,Clinical Triage,Same Day,11,Attended
01MAR2026,M82016,RADBROOK GREEN SURGERY,EMIS,U60057,SHREWSBURY PCN,M2L0M,"NHS Shropshire, Telford and Wrekin ICB - M2L0M",Other Practice staff,Face-to-Face,Planned Clinical Procedure,2 to 7 Days,6,Unknown
01MAR2026,M82016,RADBROOK GREEN SURGERY,EMIS,U60057,SHREWSBURY PCN,M2L0M,"NHS Shropshire, Telford and Wrekin ICB - M2L0M",Other Practice staff,Face-to-Face,Planned Clinics,More than 28 Days,18,Unknown
01MAR2026,M82016,RADBROOK GREEN SURGERY,EMIS,U60057,SHREWSBURY PCN,M2L0M,"NHS Shropshire, Telford and Wrekin ICB - M2L0M",Other Practice staff,Video Conference/Online,General Consultation Acute,15 to 21 Days,1,Unknown
01MAR2026,M82016,RADBROOK GREEN SURGERY,EMIS,U60057,SHREWSBURY PCN,M2L0M,"NHS Shropshire, Telford and Wrekin ICB - M2L0M",Other Practice staff,Face-to-Face,Planned Clinical Procedure,22 to 28 Days,79,Attended
01MAR2026,M82016,RADBROOK GREEN SURGERY,EMIS,U60057,SHREWSBURY PCN,M2L0M,"NHS Shropshire, Telford and Wrekin ICB - M2L0M",Unknown,Face-to-Face,Inconsistent Mapping,Same Day,9,Attended
01MAR2026,M82016,RADBROOK GREEN SURGERY,EMIS,U60057,SHREWSBURY PCN,M2L0M,"NHS Shropshire, Telford and Wrekin ICB - M2L0M",Unknown,Home Visit,Home Visit,1 Day,7,Attended
01MAR2026,M82016,RADBROOK GREEN SURGERY,EMIS,U60057,SHREWSBURY PCN,M2L0M,"NHS Shropshire, Telford and Wrekin ICB - M2L0M",Other Practice staff,Telephone,General Consultation Routine,15 to 21 Days,1,Unknown
01MAR2026,M82016,RADBROOK GREEN SURGERY,EMIS,U60057,SHREWSBURY PCN,M2L0M,"NHS Shropshire, Telford and Wrekin ICB - M2L0M",Other Practice staff,Face-to-Face,Planned Clinical Procedure,22 to 28 Days,6,DNA
01MAR2026,M82016,RADBROOK GREEN SURGERY,EMIS,U60057,SHREWSBURY PCN,M2L0M,"NHS Shropshire, Telford and Wrekin ICB - M2L0M",Other Practice staff,Telephone,General Consultation Acute,2 to 7 Days,3,Unknown
01MAR2026,M82016,RADBROOK GREEN SURGERY,EMIS,U60057,SHREWSBURY PCN,M2L0M,"NHS Shropshire, Telford and Wrekin ICB - M2L0M",Unknown,Telephone,Care Related Encounter but does not fit into any other category,Same Day,1,DNA
01MAR2026,M82016,RADBROOK GREEN SURGERY,EMIS,U60057,SHREWSBURY PCN,M2L0M,"NHS Shropshire, Telford and Wrekin ICB - M2L0M",Other Practice staff,Telephone,General Consultation Acute,Same Day,1,Unknown
01MAR2026,M82016,RADBROOK GREEN SURGERY,EMIS,U60057,SHREWSBURY PCN,M2L0M,"NHS Shropshire, Telford and Wrekin ICB - M2L0M",Other Practice staff,Video Conference/Online,General Consultation Acute,Same Day,38,Unknown
01MAR2026,M82016,RADBROOK GREEN SURGERY,EMIS,U60057,SHREWSBURY PCN,M2L0M,"NHS Shropshire, Telford and Wrekin ICB - M2L0M",Other Practice staff,Face-to-Face,Planned Clinics,Same Day,17,Attended
01MAR2026,M82016,RADBROOK GREEN SURGERY,EMIS,U60057,SHREWSBURY PCN,M2L0M,"NHS Shropshire, Telford and Wrekin ICB - M2L0M",Other Practice staff,Face-to-Face,Inconsistent Mapping,More than 28 Days,6,Attended
01MAR2026,M82016,RADBROOK GREEN SURGERY,EMIS,U60057,SHREWSBURY PCN,M2L0M,"NHS Shropshire, Telford and Wrekin ICB - M2L0M",Other Practice staff,Face-to-Face,General Consultation Routine,More than 28 Days,6,Unknown
01MAR2026,M82016,RADBROOK GREEN SURGERY,EMIS,U60057,SHREWSBURY PCN,M2L0M,"NHS Shropshire, Telford and Wrekin ICB - M2L0M",Other Practice staff,Face-to-Face,Planned Clinics,2 to 7 Days,21,Unknown
01MAR2026,M82018,BEECHES MEDICAL PRACTICE,EMIS,U60057,SHREWSBURY PCN,M2L0M,"NHS Shropshire, Telford and Wrekin ICB - M2L0M",Other Practice staff,Face-to-Face,General Consultation Routine,2 to 7 Days,1,Unknown
01MAR2026,M82018,BEECHES MEDICAL PRACTICE,EMIS,U60057,SHREWSBURY PCN,M2L0M,"NHS Shropshire, Telford and Wrekin ICB - M2L0M",Other Practice staff,Face-to-Face,General Consultation Routine,2 to 7 Days,5,DNA
01MAR2026,M82018,BEECHES MEDICAL PRACTICE,EMIS,U60057,SHREWSBURY PCN,M2L0M,"NHS Shropshire, Telford and Wrekin ICB - M2L0M",Other Practice staff,Face-to-Face,General Consultation Routine,2 to 7 Days,113,Attended
01MAR2026,M82018,BEECHES MEDICAL PRACTICE,EMIS,U60057,SHREWSBURY PCN,M2L0M,"NHS Shropshire, Telford and Wrekin ICB - M2L0M",Other Practice staff,Face-to-Face,General Consultation Routine,15 to 21 Days,6,Attended
01MAR2026,M82018,BEECHES MEDICAL PRACTICE,EMIS,U60057,SHREWSBURY PCN,M2L0M,"NHS Shropshire, Telford and Wrekin ICB - M2L0M",Other Practice staff,Face-to-Face,General Consultation Routine,1 Day,1,DNA
01MAR2026,M82018,BEECHES MEDICAL PRACTICE,EMIS,U60057,SHREWSBURY PCN,M2L0M,"NHS Shropshire, Telford and Wrekin ICB - M2L0M",Other Practice staff,Face-to-Face,General Consultation Routine,1 Day,27,Attended
01MAR2026,M82018,BEECHES MEDICAL PRACTICE,EMIS,U60057,SHREWSBURY PCN,M2L0M,"NHS Shropshire, Telford and Wrekin ICB - M2L0M",Other Practice staff,Face-to-Face,General Consultation Acute,Same Day,18,Unknown
01MAR2026,M82018,BEECHES MEDICAL PRACTICE,EMIS,U60057,SHREWSBURY PCN,M2L0M,"NHS Shropshire, Telford and Wrekin ICB - M2L0M",Other Practice staff,Face-to-Face,General Consultation Acute,Same Day,469,Attended
01MAR2026,M82018,BEECHES MEDICAL PRACTICE,EMIS,U60057,SHREWSBURY PCN,M2L0M,"NHS Shropshire, Telford and Wrekin ICB - M2L0M",Other Practice staff,Face-to-Face,General Consultation Acute,8 to 14 Days,1,Attended
01MAR2026,M82018,BEECHES MEDICAL PRACTICE,EMIS,U60057,SHREWSBURY PCN,M2L0M,"NHS Shropshire, Telford and Wrekin ICB - M2L0M",Other Practice staff,Face-to-Face,General Consultation Acute,22 to 28 Days,1,Attended
01MAR2026,M82018,BEECHES MEDICAL PRACTICE,EMIS,U60057,SHREWSBURY PCN,M2L0M,"NHS Shropshire, Telford and Wrekin ICB - M2L0M",Other Practice staff,Face-to-Face,General Consultation Acute,2 to 7 Days,15,Unknown
01MAR2026,M82018,BEECHES MEDICAL PRACTICE,EMIS,U60057,SHREWSBURY PCN,M2L0M,"NHS Shropshire, Telford and Wrekin ICB - M2L0M",Other Practice staff,Face-to-Face,General Consultation Acute,2 to 7 Days,11,Attended
01MAR2026,M82018,BEECHES MEDICAL PRACTICE,EMIS,U60057,SHREWSBURY PCN,M2L0M,"NHS Shropshire, Telford and Wrekin ICB - M2L0M",Other Practice staff,Face-to-Face,General Consultation Acute,15 to 21 Days,1,Attended
01MAR2026,M82018,BEECHES MEDICAL PRACTICE,EMIS,U60057,SHREWSBURY PCN,M2L0M,"NHS Shropshire, Telford and Wrekin ICB - M2L0M",GP,Video Conference/Online,Inconsistent Mapping,Same Day,11,Unknown
01MAR2026,M82018,BEECHES MEDICAL PRACTICE,EMIS,U60057,SHREWSBURY PCN,M2L0M,"NHS Shropshire, Telford and Wrekin ICB - M2L0M",GP,Video Conference/Online,Inconsistent Mapping,Same Day,376,Attended
01MAR2026,M82018,BEECHES MEDICAL PRACTICE,EMIS,U60057,SHREWSBURY PCN,M2L0M,"NHS Shropshire, Telford and Wrekin ICB - M2L0M",GP,Video Conference/Online,Inconsistent Mapping,8 to 14 Days,2,Attended
01MAR2026,M82018,BEECHES MEDICAL PRACTICE,EMIS,U60057,SHREWSBURY PCN,M2L0M,"NHS Shropshire, Telford and Wrekin ICB - M2L0M",GP,Video Conference/Online,Inconsistent Mapping,2 to 7 Days,21,Attended
01MAR2026,M82018,BEECHES MEDICAL PRACTICE,EMIS,U60057,SHREWSBURY PCN,M2L0M,"NHS Shropshire, Telford and Wrekin ICB - M2L0M",GP,Video Conference/Online,Inconsistent Mapping,1 Day,3,Unknown
01MAR2026,M82018,BEECHES MEDICAL PRACTICE,EMIS,U60057,SHREWSBURY PCN,M2L0M,"NHS Shropshire, Telford and Wrekin ICB - M2L0M",GP,Video Conference/Online,Inconsistent Mapping,1 Day,30,Attended
01MAR2026,M82018,BEECHES MEDICAL PRACTICE,EMIS,U60057,SHREWSBURY PCN,M2L0M,"NHS Shropshire, Telford and Wrekin ICB - M2L0M",GP,Telephone,Planned Clinics,22 to 28 Days,3,Attended
01MAR2026,M82018,BEECHES MEDICAL PRACTICE,EMIS,U60057,SHREWSBURY PCN,M2L0M,"NHS Shropshire, Telford and Wrekin ICB - M2L0M",GP,Telephone,Planned Clinics,15 to 21 Days,8,Attended
01MAR2026,M82018,BEECHES MEDICAL PRACTICE,EMIS,U60057,SHREWSBURY PCN,M2L0M,"NHS Shropshire, Telford and Wrekin ICB - M2L0M",GP,Telephone,General Consultation Routine,Same Day,24,Attended
01MAR2026,M82018,BEECHES MEDICAL PRACTICE,EMIS,U60057,SHREWSBURY PCN,M2L0M,"NHS Shropshire, Telford and Wrekin ICB - M2L0M",GP,Telephone,General Consultation Routine,8 to 14 Days,8,Attended
01MAR2026,M82018,BEECHES MEDICAL PRACTICE,EMIS,U60057,SHREWSBURY PCN,M2L0M,"NHS Shropshire, Telford and Wrekin ICB - M2L0M",GP,Telephone,General Consultation Routine,2 to 7 Days,1,Unknown
01MAR2026,M82018,BEECHES MEDICAL PRACTICE,EMIS,U60057,SHREWSBURY PCN,M2L0M,"NHS Shropshire, Telford and Wrekin ICB - M2L0M",GP,Telephone,General Consultation Routine,2 to 7 Days,44,Attended
01MAR2026,M82018,BEECHES MEDICAL PRACTICE,EMIS,U60057,SHREWSBURY PCN,M2L0M,"NHS Shropshire, Telford and Wrekin ICB - M2L0M",GP,Telephone,General Consultation Routine,1 Day,8,Attended
01MAR2026,M82018,BEECHES MEDICAL PRACTICE,EMIS,U60057,SHREWSBURY PCN,M2L0M,"NHS Shropshire, Telford and Wrekin ICB - M2L0M",GP,Face-to-Face,Planned Clinics,More than 28 Days,28,Attended
01MAR2026,M82018,BEECHES MEDICAL PRACTICE,EMIS,U60057,SHREWSBURY PCN,M2L0M,"NHS Shropshire, Telford and Wrekin ICB - M2L0M",GP,Face-to-Face,Planned Clinics,2 to 7 Days,1,Attended
01MAR2026,M82018,BEECHES MEDICAL PRACTICE,EMIS,U60057,SHREWSBURY PCN,M2L0M,"NHS Shropshire, Telford and Wrekin ICB - M2L0M",GP,Face-to-Face,Planned Clinical Procedure,8 to 14 Days,2,Attended
01MAR2026,M82018,BEECHES MEDICAL PRACTICE,EMIS,U60057,SHREWSBURY PCN,M2L0M,"NHS Shropshire, Telford and Wrekin ICB - M2L0M",GP,Face-to-Face,Patient contact during Care Home Round,Same Day,1,Unknown
01MAR2026,M82018,BEECHES MEDICAL PRACTICE,EMIS,U60057,SHREWSBURY PCN,M2L0M,"NHS Shropshire, Telford and Wrekin ICB - M2L0M",GP,Face-to-Face,Patient contact during Care Home Round,Same Day,94,Attended
01MAR2026,M82018,BEECHES MEDICAL PRACTICE,EMIS,U60057,SHREWSBURY PCN,M2L0M,"NHS Shropshire, Telford and Wrekin ICB - M2L0M",GP,Face-to-Face,Patient contact during Care Home Round,1 Day,4,Attended
01MAR2026,M82018,BEECHES MEDICAL PRACTICE,EMIS,U60057,SHREWSBURY PCN,M2L0M,"NHS Shropshire, Telford and Wrekin ICB - M2L0M",GP,Face-to-Face,Patient contact during Care Home Round,2 to 7 Days,10,Attended
01MAR2026,M82018,BEECHES MEDICAL PRACTICE,EMIS,U60057,SHREWSBURY PCN,M2L0M,"NHS Shropshire, Telford and Wrekin ICB - M2L0M",GP,Face-to-Face,Inconsistent Mapping,Same Day,103,Attended
01MAR2026,M82018,BEECHES MEDICAL PRACTICE,EMIS,U60057,SHREWSBURY PCN,M2L0M,"NHS Shropshire, Telford and Wrekin ICB - M2L0M",GP,Face-to-Face,Inconsistent Mapping,1 Day,2,Attended
01MAR2026,M82018,BEECHES MEDICAL PRACTICE,EMIS,U60057,SHREWSBURY PCN,M2L0M,"NHS Shropshire, Telford and Wrekin ICB - M2L0M",GP,Face-to-Face,Home Visit,Same Day,5,Attended
01MAR2026,M82018,BEECHES MEDICAL PRACTICE,EMIS,U60057,SHREWSBURY PCN,M2L0M,"NHS Shropshire, Telford and Wrekin ICB - M2L0M",GP,Face-to-Face,Home Visit,1 Day,1,Attended
01MAR2026,M82018,BEECHES MEDICAL PRACTICE,EMIS,U60057,SHREWSBURY PCN,M2L0M,"NHS Shropshire, Telford and Wrekin ICB - M2L0M",GP,Face-to-Face,General Consultation Routine,8 to 14 Days,8,Unknown
01MAR2026,M82018,BEECHES MEDICAL PRACTICE,EMIS,U60057,SHREWSBURY PCN,M2L0M,"NHS Shropshire, Telford and Wrekin ICB - M2L0M",GP,Face-to-Face,General Consultation Routine,8 to 14 Days,4,DNA
01MAR2026,M82018,BEECHES MEDICAL PRACTICE,EMIS,U60057,SHREWSBURY PCN,M2L0M,"NHS Shropshire, Telford and Wrekin ICB - M2L0M",GP,Face-to-Face,General Consultation Routine,8 to 14 Days,145,Attended
01MAR2026,M82018,BEECHES MEDICAL PRACTICE,EMIS,U60057,SHREWSBURY PCN,M2L0M,"NHS Shropshire, Telford and Wrekin ICB - M2L0M",GP,Face-to-Face,General Consultation Routine,22 to 28 Days,1,DNA
01MAR2026,M82018,BEECHES MEDICAL PRACTICE,EMIS,U60057,SHREWSBURY PCN,M2L0M,"NHS Shropshire, Telford and Wrekin ICB - M2L0M",GP,Face-to-Face,General Consultation Routine,22 to 28 Days,1,Attended
01MAR2026,M82018,BEECHES MEDICAL PRACTICE,EMIS,U60057,SHREWSBURY PCN,M2L0M,"NHS Shropshire, Telford and Wrekin ICB - M2L0M",GP,Face-to-Face,General Consultation Routine,2 to 7 Days,3,Unknown
01MAR2026,M82018,BEECHES MEDICAL PRACTICE,EMIS,U60057,SHREWSBURY PCN,M2L0M,"NHS Shropshire, Telford and Wrekin ICB - M2L0M",GP,Face-to-Face,Home Visit,8 to 14 Days,2,Attended
01MAR2026,M82018,BEECHES MEDICAL PRACTICE,EMIS,U60057,SHREWSBURY PCN,M2L0M,"NHS Shropshire, Telford and Wrekin ICB - M2L0M",GP,Face-to-Face,Inconsistent Mapping,2 to 7 Days,2,Attended
01MAR2026,M82018,BEECHES MEDICAL PRACTICE,EMIS,U60057,SHREWSBURY PCN,M2L0M,"NHS Shropshire, Telford and Wrekin ICB - M2L0M",GP,Face-to-Face,General Consultation Routine,2 to 7 Days,1,DNA
01MAR2026,M82018,BEECHES MEDICAL PRACTICE,EMIS,U60057,SHREWSBURY PCN,M2L0M,"NHS Shropshire, Telford and Wrekin ICB - M2L0M",GP,Telephone,Planned Clinics,More than 28 Days,1,Attended
01MAR2026,M82018,BEECHES MEDICAL PRACTICE,EMIS,U60057,SHREWSBURY PCN,M2L0M,"NHS Shropshire, Telford and Wrekin ICB - M2L0M",GP,Face-to-Face,General Consultation Routine,2 to 7 Days,78,Attended
01MAR2026,M82018,BEECHES MEDICAL PRACTICE,EMIS,U60057,SHREWSBURY PCN,M2L0M,"NHS Shropshire, Telford and Wrekin ICB - M2L0M",GP,Video Conference/Online,Inconsistent Mapping,2 to 7 Days,1,Unknown
01MAR2026,M82018,BEECHES MEDICAL PRACTICE,EMIS,U60057,SHREWSBURY PCN,M2L0M,"NHS Shropshire, Telford and Wrekin ICB - M2L0M",GP,Face-to-Face,Patient contact during Care Home Round,2 to 7 Days,1,Unknown
01MAR2026,M82018,BEECHES MEDICAL PRACTICE,EMIS,U60057,SHREWSBURY PCN,M2L0M,"NHS Shropshire, Telford and Wrekin ICB - M2L0M",GP,Face-to-Face,General Consultation Routine,15 to 21 Days,1,DNA
01MAR2026,M82018,BEECHES MEDICAL PRACTICE,EMIS,U60057,SHREWSBURY PCN,M2L0M,"NHS Shropshire, Telford and Wrekin ICB - M2L0M",GP,Face-to-Face,Home Visit,2 to 7 Days,1,Attended
01MAR2026,M82018,BEECHES MEDICAL PRACTICE,EMIS,U60057,SHREWSBURY PCN,M2L0M,"NHS Shropshire, Telford and Wrekin ICB - M2L0M",GP,Face-to-Face,General Consultation Routine,15 to 21 Days,6,Attended
01MAR2026,M82018,BEECHES MEDICAL PRACTICE,EMIS,U60057,SHREWSBURY PCN,M2L0M,"NHS Shropshire, Telford and Wrekin ICB - M2L0M",GP,Face-to-Face,Patient contact during Care Home Round,22 to 28 Days,1,Attended
01MAR2026,M82018,BEECHES MEDICAL PRACTICE,EMIS,U60057,SHREWSBURY PCN,M2L0M,"NHS Shropshire, Telford and Wrekin ICB - M2L0M",GP,Face-to-Face,General Consultation Routine,1 Day,1,DNA
01MAR2026,M82018,BEECHES MEDICAL PRACTICE,EMIS,U60057,SHREWSBURY PCN,M2L0M,"NHS Shropshire, Telford and Wrekin ICB - M2L0M",Other Practice staff,Face-to-Face,General Consultation Acute,1 Day,19,Attended
01MAR2026,M82018,BEECHES MEDICAL PRACTICE,EMIS,U60057,SHREWSBURY PCN,M2L0M,"NHS Shropshire, Telford and Wrekin ICB - M2L0M",GP,Face-to-Face,General Consultation Routine,1 Day,23,Attended
01MAR2026,M82018,BEECHES MEDICAL PRACTICE,EMIS,U60057,SHREWSBURY PCN,M2L0M,"NHS Shropshire, Telford and Wrekin ICB - M2L0M",GP,Face-to-Face,Planned Clinical Procedure,15 to 21 Days,1,Attended
01MAR2026,M82018,BEECHES MEDICAL PRACTICE,EMIS,U60057,SHREWSBURY PCN,M2L0M,"NHS Shropshire, Telford and Wrekin ICB - M2L0M",GP,Face-to-Face,General Consultation Acute,Same Day,1,Unknown
01MAR2026,M82018,BEECHES MEDICAL PRACTICE,EMIS,U60057,SHREWSBURY PCN,M2L0M,"NHS Shropshire, Telford and Wrekin ICB - M2L0M",GP,Face-to-Face,Planned Clinical Procedure,22 to 28 Days,1,Attended
01MAR2026,M82018,BEECHES MEDICAL PRACTICE,EMIS,U60057,SHREWSBURY PCN,M2L0M,"NHS Shropshire, Telford and Wrekin ICB - M2L0M",GP,Face-to-Face,General Consultation Acute,Same Day,948,Attended
01MAR2026,M82018,BEECHES MEDICAL PRACTICE,EMIS,U60057,SHREWSBURY PCN,M2L0M,"NHS Shropshire, Telford and Wrekin ICB - M2L0M",GP,Face-to-Face,General Consultation Acute,2 to 7 Days,3,Attended
01MAR2026,M82018,BEECHES MEDICAL PRACTICE,EMIS,U60057,SHREWSBURY PCN,M2L0M,"NHS Shropshire, Telford and Wrekin ICB - M2L0M",Other Practice staff,Face-to-Face,General Consultation Acute,Unknown / Data Issue,5,Unknown
01MAR2026,M82018,BEECHES MEDICAL PRACTICE,EMIS,U60057,SHREWSBURY PCN,M2L0M,"NHS Shropshire, Telford and Wrekin ICB - M2L0M",GP,Face-to-Face,Patient contact during Care Home Round,8 to 14 Days,8,Attended
01MAR2026,M82018,BEECHES MEDICAL PRACTICE,EMIS,U60057,SHREWSBURY PCN,M2L0M,"NHS Shropshire, Telford and Wrekin ICB - M2L0M",GP,Face-to-Face,Planned Clinics,15 to 21 Days,9,Attended
01MAR2026,M82018,BEECHES MEDICAL PRACTICE,EMIS,U60057,SHREWSBURY PCN,M2L0M,"NHS Shropshire, Telford and Wrekin ICB - M2L0M",GP,Face-to-Face,General Consultation Acute,1 Day,12,Attended
01MAR2026,M82018,BEECHES MEDICAL PRACTICE,EMIS,U60057,SHREWSBURY PCN,M2L0M,"NHS Shropshire, Telford and Wrekin ICB - M2L0M",GP,Face-to-Face,Planned Clinical Procedure,More than 28 Days,1,Attended
01MAR2026,M82018,BEECHES MEDICAL PRACTICE,EMIS,U60057,SHREWSBURY PCN,M2L0M,"NHS Shropshire, Telford and Wrekin ICB - M2L0M",GP,Face-to-Face,Planned Clinics,15 to 21 Days,1,Unknown
01MAR2026,M82018,BEECHES MEDICAL PRACTICE,EMIS,U60057,SHREWSBURY PCN,M2L0M,"NHS Shropshire, Telford and Wrekin ICB - M2L0M",Other Practice staff,Face-to-Face,General Consultation Routine,15 to 21 Days,1,Unknown
01MAR2026,M82018,BEECHES MEDICAL PRACTICE,EMIS,U60057,SHREWSBURY PCN,M2L0M,"NHS Shropshire, Telford and Wrekin ICB - M2L0M",Other Practice staff,Face-to-Face,General Consultation Routine,22 to 28 Days,10,Attended
01MAR2026,M82018,BEECHES MEDICAL PRACTICE,EMIS,U60057,SHREWSBURY PCN,M2L0M,"NHS Shropshire, Telford and Wrekin ICB - M2L0M",GP,Face-to-Face,Planned Clinics,22 to 28 Days,1,Unknown
01MAR2026,M82018,BEECHES MEDICAL PRACTICE,EMIS,U60057,SHREWSBURY PCN,M2L0M,"NHS Shropshire, Telford and Wrekin ICB - M2L0M",GP,Face-to-Face,Planned Clinics,8 to 14 Days,2,Attended
01MAR2026,M82018,BEECHES MEDICAL PRACTICE,EMIS,U60057,SHREWSBURY PCN,M2L0M,"NHS Shropshire, Telford and Wrekin ICB - M2L0M",GP,Face-to-Face,Planned Clinics,Same Day,2,Attended
01MAR2026,M82018,BEECHES MEDICAL PRACTICE,EMIS,U60057,SHREWSBURY PCN,M2L0M,"NHS Shropshire, Telford and Wrekin ICB - M2L0M",GP,Telephone,General Consultation Acute,1 Day,1,Attended
01MAR2026,M82018,BEECHES MEDICAL PRACTICE,EMIS,U60057,SHREWSBURY PCN,M2L0M,"NHS Shropshire, Telford and Wrekin ICB - M2L0M",GP,Face-to-Face,Planned Clinics,22 to 28 Days,4,Attended
01MAR2026,M82018,BEECHES MEDICAL PRACTICE,EMIS,U60057,SHREWSBURY PCN,M2L0M,"NHS Shropshire, Telford and Wrekin ICB - M2L0M",GP,Telephone,General Consultation Acute,Same Day,4,Attended
01MAR2026,M82018,BEECHES MEDICAL PRACTICE,EMIS,U60057,SHREWSBURY PCN,M2L0M,"NHS Shropshire, Telford and Wrekin ICB - M2L0M",Other Practice staff,Video Conference/Online,Inconsistent Mapping,Same Day,3,Unknown
01MAR2026,M82018,BEECHES MEDICAL PRACTICE,EMIS,U60057,SHREWSBURY PCN,M2L0M,"NHS Shropshire, Telford and Wrekin ICB - M2L0M",Other Practice staff,Video Conference/Online,Inconsistent Mapping,More than 28 Days,1,Unknown
01MAR2026,M82018,BEECHES MEDICAL PRACTICE,EMIS,U60057,SHREWSBURY PCN,M2L0M,"NHS Shropshire, Telford and Wrekin ICB - M2L0M",Other Practice staff,Video Conference/Online,Inconsistent Mapping,More than 28 Days,1,Attended
01MAR2026,M82018,BEECHES MEDICAL PRACTICE,EMIS,U60057,SHREWSBURY PCN,M2L0M,"NHS Shropshire, Telford and Wrekin ICB - M2L0M",Other Practice staff,Video Conference/Online,Inconsistent Mapping,8 to 14 Days,1,Attended
01MAR2026,M82018,BEECHES MEDICAL PRACTICE,EMIS,U60057,SHREWSBURY PCN,M2L0M,"NHS Shropshire, Telford and Wrekin ICB - M2L0M",Other Practice staff,Video Conference/Online,Inconsistent Mapping,2 to 7 Days,24,Attended
01MAR2026,M82018,BEECHES MEDICAL PRACTICE,EMIS,U60057,SHREWSBURY PCN,M2L0M,"NHS Shropshire, Telford and Wrekin ICB - M2L0M",Other Practice staff,Video Conference/Online,Inconsistent Mapping,15 to 21 Days,1,Attended
01MAR2026,M82018,BEECHES MEDICAL PRACTICE,EMIS,U60057,SHREWSBURY PCN,M2L0M,"NHS Shropshire, Telford and Wrekin ICB - M2L0M",Other Practice staff,Video Conference/Online,Inconsistent Mapping,1 Day,1,Unknown
01MAR2026,M82018,BEECHES MEDICAL PRACTICE,EMIS,U60057,SHREWSBURY PCN,M2L0M,"NHS Shropshire, Telford and Wrekin ICB - M2L0M",Other Practice staff,Video Conference/Online,Inconsistent Mapping,1 Day,35,Attended
01MAR2026,M82018,BEECHES MEDICAL PRACTICE,EMIS,U60057,SHREWSBURY PCN,M2L0M,"NHS Shropshire, Telford and Wrekin ICB - M2L0M",Other Practice staff,Telephone,Planned Clinics,Same Day,4,Attended
01MAR2026,M82018,BEECHES MEDICAL PRACTICE,EMIS,U60057,SHREWSBURY PCN,M2L0M,"NHS Shropshire, Telford and Wrekin ICB - M2L0M",Other Practice staff,Telephone,Planned Clinics,More than 28 Days,3,Attended
01MAR2026,M82018,BEECHES MEDICAL PRACTICE,EMIS,U60057,SHREWSBURY PCN,M2L0M,"NHS Shropshire, Telford and Wrekin ICB - M2L0M",Other Practice staff,Telephone,Planned Clinics,8 to 14 Days,2,Attended
01MAR2026,M82018,BEECHES MEDICAL PRACTICE,EMIS,U60057,SHREWSBURY PCN,M2L0M,"NHS Shropshire, Telford and Wrekin ICB - M2L0M",Other Practice staff,Telephone,Planned Clinics,2 to 7 Days,1,Attended
01MAR2026,M82018,BEECHES MEDICAL PRACTICE,EMIS,U60057,SHREWSBURY PCN,M2L0M,"NHS Shropshire, Telford and Wrekin ICB - M2L0M",Other Practice staff,Telephone,Planned Clinics,15 to 21 Days,5,Attended
01MAR2026,M82018,BEECHES MEDICAL PRACTICE,EMIS,U60057,SHREWSBURY PCN,M2L0M,"NHS Shropshire, Telford and Wrekin ICB - M2L0M",Other Practice staff,Telephone,General Consultation Routine,Same Day,7,Attended
01MAR2026,M82018,BEECHES MEDICAL PRACTICE,EMIS,U60057,SHREWSBURY PCN,M2L0M,"NHS Shropshire, Telford and Wrekin ICB - M2L0M",Other Practice staff,Telephone,General Consultation Routine,8 to 14 Days,2,Unknown
01MAR2026,M82018,BEECHES MEDICAL PRACTICE,EMIS,U60057,SHREWSBURY PCN,M2L0M,"NHS Shropshire, Telford and Wrekin ICB - M2L0M",Other Practice staff,Telephone,General Consultation Routine,8 to 14 Days,6,Attended
01MAR2026,M82018,BEECHES MEDICAL PRACTICE,EMIS,U60057,SHREWSBURY PCN,M2L0M,"NHS Shropshire, Telford and Wrekin ICB - M2L0M",Other Practice staff,Telephone,General Consultation Routine,2 to 7 Days,20,Attended
01MAR2026,M82018,BEECHES MEDICAL PRACTICE,EMIS,U60057,SHREWSBURY PCN,M2L0M,"NHS Shropshire, Telford and Wrekin ICB - M2L0M",Other Practice staff,Telephone,General Consultation Routine,1 Day,1,Attended
01MAR2026,M82018,BEECHES MEDICAL PRACTICE,EMIS,U60057,SHREWSBURY PCN,M2L0M,"NHS Shropshire, Telford and Wrekin ICB - M2L0M",Other Practice staff,Telephone,General Consultation Acute,Same Day,6,Attended
01MAR2026,M82018,BEECHES MEDICAL PRACTICE,EMIS,U60057,SHREWSBURY PCN,M2L0M,"NHS Shropshire, Telford and Wrekin ICB - M2L0M",Other Practice staff,Telephone,General Consultation Acute,1 Day,2,Attended
01MAR2026,M82018,BEECHES MEDICAL PRACTICE,EMIS,U60057,SHREWSBURY PCN,M2L0M,"NHS Shropshire, Telford and Wrekin ICB - M2L0M",Other Practice staff,Telephone,Clinical Triage,2 to 7 Days,2,Attended
01MAR2026,M82018,BEECHES MEDICAL PRACTICE,EMIS,U60057,SHREWSBURY PCN,M2L0M,"NHS Shropshire, Telford and Wrekin ICB - M2L0M",Other Practice staff,Face-to-Face,Planned Clinics,Same Day,1,DNA
01MAR2026,M82018,BEECHES MEDICAL PRACTICE,EMIS,U60057,SHREWSBURY PCN,M2L0M,"NHS Shropshire, Telford and Wrekin ICB - M2L0M",Other Practice staff,Face-to-Face,Planned Clinics,Same Day,13,Attended
01MAR2026,M82018,BEECHES MEDICAL PRACTICE,EMIS,U60057,SHREWSBURY PCN,M2L0M,"NHS Shropshire, Telford and Wrekin ICB - M2L0M",Other Practice staff,Face-to-Face,Planned Clinics,More than 28 Days,2,Unknown
01MAR2026,M82018,BEECHES MEDICAL PRACTICE,EMIS,U60057,SHREWSBURY PCN,M2L0M,"NHS Shropshire, Telford and Wrekin ICB - M2L0M",Other Practice staff,Face-to-Face,Planned Clinics,More than 28 Days,29,Attended
01MAR2026,M82018,BEECHES MEDICAL PRACTICE,EMIS,U60057,SHREWSBURY PCN,M2L0M,"NHS Shropshire, Telford and Wrekin ICB - M2L0M",Other Practice staff,Face-to-Face,Planned Clinics,8 to 14 Days,1,Unknown
01MAR2026,M82018,BEECHES MEDICAL PRACTICE,EMIS,U60057,SHREWSBURY PCN,M2L0M,"NHS Shropshire, Telford and Wrekin ICB - M2L0M",Other Practice staff,Face-to-Face,Planned Clinics,8 to 14 Days,2,DNA
01MAR2026,M82018,BEECHES MEDICAL PRACTICE,EMIS,U60057,SHREWSBURY PCN,M2L0M,"NHS Shropshire, Telford and Wrekin ICB - M2L0M",Other Practice staff,Face-to-Face,Planned Clinics,22 to 28 Days,1,DNA
01MAR2026,M82018,BEECHES MEDICAL PRACTICE,EMIS,U60057,SHREWSBURY PCN,M2L0M,"NHS Shropshire, Telford and Wrekin ICB - M2L0M",Other Practice staff,Face-to-Face,Planned Clinics,22 to 28 Days,30,Attended
01MAR2026,M82018,BEECHES MEDICAL PRACTICE,EMIS,U60057,SHREWSBURY PCN,M2L0M,"NHS Shropshire, Telford and Wrekin ICB - M2L0M",Other Practice staff,Face-to-Face,Planned Clinics,2 to 7 Days,1,Unknown
01MAR2026,M82018,BEECHES MEDICAL PRACTICE,EMIS,U60057,SHREWSBURY PCN,M2L0M,"NHS Shropshire, Telford and Wrekin ICB - M2L0M",Other Practice staff,Face-to-Face,Planned Clinics,2 to 7 Days,48,Attended
01MAR2026,M82018,BEECHES MEDICAL PRACTICE,EMIS,U60057,SHREWSBURY PCN,M2L0M,"NHS Shropshire, Telford and Wrekin ICB - M2L0M",Other Practice staff,Face-to-Face,Planned Clinics,15 to 21 Days,4,DNA
01MAR2026,M82018,BEECHES MEDICAL PRACTICE,EMIS,U60057,SHREWSBURY PCN,M2L0M,"NHS Shropshire, Telford and Wrekin ICB - M2L0M",Other Practice staff,Face-to-Face,Planned Clinics,15 to 21 Days,26,Attended
01MAR2026,M82018,BEECHES MEDICAL PRACTICE,EMIS,U60057,SHREWSBURY PCN,M2L0M,"NHS Shropshire, Telford and Wrekin ICB - M2L0M",Other Practice staff,Face-to-Face,Planned Clinics,2 to 7 Days,3,DNA
01MAR2026,M82018,BEECHES MEDICAL PRACTICE,EMIS,U60057,SHREWSBURY PCN,M2L0M,"NHS Shropshire, Telford and Wrekin ICB - M2L0M",Other Practice staff,Face-to-Face,Planned Clinics,1 Day,10,Attended
01MAR2026,M82018,BEECHES MEDICAL PRACTICE,EMIS,U60057,SHREWSBURY PCN,M2L0M,"NHS Shropshire, Telford and Wrekin ICB - M2L0M",Other Practice staff,Face-to-Face,Planned Clinical Procedure,Same Day,2,DNA
01MAR2026,M82018,BEECHES MEDICAL PRACTICE,EMIS,U60057,SHREWSBURY PCN,M2L0M,"NHS Shropshire, Telford and Wrekin ICB - M2L0M",Other Practice staff,Face-to-Face,Planned Clinical Procedure,Same Day,45,Attended
01MAR2026,M82018,BEECHES MEDICAL PRACTICE,EMIS,U60057,SHREWSBURY PCN,M2L0M,"NHS Shropshire, Telford and Wrekin ICB - M2L0M",Other Practice staff,Face-to-Face,Planned Clinical Procedure,More than 28 Days,14,Unknown
01MAR2026,M82018,BEECHES MEDICAL PRACTICE,EMIS,U60057,SHREWSBURY PCN,M2L0M,"NHS Shropshire, Telford and Wrekin ICB - M2L0M",Other Practice staff,Face-to-Face,Planned Clinics,8 to 14 Days,62,Attended
01MAR2026,M82018,BEECHES MEDICAL PRACTICE,EMIS,U60057,SHREWSBURY PCN,M2L0M,"NHS Shropshire, Telford and Wrekin ICB - M2L0M",Other Practice staff,Face-to-Face,Planned Clinics,More than 28 Days,3,DNA
01MAR2026,M82018,BEECHES MEDICAL PRACTICE,EMIS,U60057,SHREWSBURY PCN,M2L0M,"NHS Shropshire, Telford and Wrekin ICB - M2L0M",Other Practice staff,Face-to-Face,Planned Clinical Procedure,More than 28 Days,2,DNA
01MAR2026,M82018,BEECHES MEDICAL PRACTICE,EMIS,U60057,SHREWSBURY PCN,M2L0M,"NHS Shropshire, Telford and Wrekin ICB - M2L0M",Other Practice staff,Face-to-Face,Planned Clinical Procedure,More than 28 Days,149,Attended
01MAR2026,M82018,BEECHES MEDICAL PRACTICE,EMIS,U60057,SHREWSBURY PCN,M2L0M,"NHS Shropshire, Telford and Wrekin ICB - M2L0M",Other Practice staff,Face-to-Face,Planned Clinical Procedure,8 to 14 Days,27,DNA
01MAR2026,M82018,BEECHES MEDICAL PRACTICE,EMIS,U60057,SHREWSBURY PCN,M2L0M,"NHS Shropshire, Telford and Wrekin ICB - M2L0M",Other Practice staff,Face-to-Face,Planned Clinical Procedure,8 to 14 Days,233,Attended
01MAR2026,M82018,BEECHES MEDICAL PRACTICE,EMIS,U60057,SHREWSBURY PCN,M2L0M,"NHS Shropshire, Telford and Wrekin ICB - M2L0M",Other Practice staff,Face-to-Face,Planned Clinical Procedure,22 to 28 Days,3,Unknown
01MAR2026,M82018,BEECHES MEDICAL PRACTICE,EMIS,U60057,SHREWSBURY PCN,M2L0M,"NHS Shropshire, Telford and Wrekin ICB - M2L0M",Other Practice staff,Face-to-Face,Planned Clinical Procedure,22 to 28 Days,3,DNA
01MAR2026,M82018,BEECHES MEDICAL PRACTICE,EMIS,U60057,SHREWSBURY PCN,M2L0M,"NHS Shropshire, Telford and Wrekin ICB - M2L0M",Other Practice staff,Face-to-Face,Planned Clinical Procedure,22 to 28 Days,48,Attended
01MAR2026,M82018,BEECHES MEDICAL PRACTICE,EMIS,U60057,SHREWSBURY PCN,M2L0M,"NHS Shropshire, Telford and Wrekin ICB - M2L0M",Other Practice staff,Face-to-Face,Planned Clinical Procedure,2 to 7 Days,2,Unknown
01MAR2026,M82018,BEECHES MEDICAL PRACTICE,EMIS,U60057,SHREWSBURY PCN,M2L0M,"NHS Shropshire, Telford and Wrekin ICB - M2L0M",Other Practice staff,Telephone,General Consultation Routine,15 to 21 Days,2,Attended
01MAR2026,M82018,BEECHES MEDICAL PRACTICE,EMIS,U60057,SHREWSBURY PCN,M2L0M,"NHS Shropshire, Telford and Wrekin ICB - M2L0M",Other Practice staff,Face-to-Face,Planned Clinical Procedure,2 to 7 Days,5,DNA
01MAR2026,M82018,BEECHES MEDICAL PRACTICE,EMIS,U60057,SHREWSBURY PCN,M2L0M,"NHS Shropshire, Telford and Wrekin ICB - M2L0M",Other Practice staff,Face-to-Face,Planned Clinical Procedure,2 to 7 Days,150,Attended
01MAR2026,M82018,BEECHES MEDICAL PRACTICE,EMIS,U60057,SHREWSBURY PCN,M2L0M,"NHS Shropshire, Telford and Wrekin ICB - M2L0M",Other Practice staff,Face-to-Face,Planned Clinical Procedure,15 to 21 Days,1,Unknown
01MAR2026,M82018,BEECHES MEDICAL PRACTICE,EMIS,U60057,SHREWSBURY PCN,M2L0M,"NHS Shropshire, Telford and Wrekin ICB - M2L0M",Other Practice staff,Face-to-Face,Planned Clinical Procedure,15 to 21 Days,7,DNA
01MAR2026,M82018,BEECHES MEDICAL PRACTICE,EMIS,U60057,SHREWSBURY PCN,M2L0M,"NHS Shropshire, Telford and Wrekin ICB - M2L0M",Other Practice staff,Telephone,General Consultation Routine,More than 28 Days,1,Attended
01MAR2026,M82018,BEECHES MEDICAL PRACTICE,EMIS,U60057,SHREWSBURY PCN,M2L0M,"NHS Shropshire, Telford and Wrekin ICB - M2L0M",Other Practice staff,Face-to-Face,Planned Clinical Procedure,15 to 21 Days,189,Attended
01MAR2026,M82018,BEECHES MEDICAL PRACTICE,EMIS,U60057,SHREWSBURY PCN,M2L0M,"NHS Shropshire, Telford and Wrekin ICB - M2L0M",Other Practice staff,Face-to-Face,Planned Clinical Procedure,1 Day,1,DNA
01MAR2026,M82018,BEECHES MEDICAL PRACTICE,EMIS,U60057,SHREWSBURY PCN,M2L0M,"NHS Shropshire, Telford and Wrekin ICB - M2L0M",Other Practice staff,Face-to-Face,Planned Clinical Procedure,1 Day,42,Attended
01MAR2026,M82018,BEECHES MEDICAL PRACTICE,EMIS,U60057,SHREWSBURY PCN,M2L0M,"NHS Shropshire, Telford and Wrekin ICB - M2L0M",Other Practice staff,Face-to-Face,Inconsistent Mapping,Same Day,4,Unknown
01MAR2026,M82018,BEECHES MEDICAL PRACTICE,EMIS,U60057,SHREWSBURY PCN,M2L0M,"NHS Shropshire, Telford and Wrekin ICB - M2L0M",Other Practice staff,Telephone,Planned Clinics,22 to 28 Days,3,Attended
01MAR2026,M82018,BEECHES MEDICAL PRACTICE,EMIS,U60057,SHREWSBURY PCN,M2L0M,"NHS Shropshire, Telford and Wrekin ICB - M2L0M",Other Practice staff,Face-to-Face,Inconsistent Mapping,Same Day,248,Attended
01MAR2026,M82018,BEECHES MEDICAL PRACTICE,EMIS,U60057,SHREWSBURY PCN,M2L0M,"NHS Shropshire, Telford and Wrekin ICB - M2L0M",Other Practice staff,Face-to-Face,Home Visit,Same Day,6,Unknown
01MAR2026,M82018,BEECHES MEDICAL PRACTICE,EMIS,U60057,SHREWSBURY PCN,M2L0M,"NHS Shropshire, Telford and Wrekin ICB - M2L0M",Other Practice staff,Face-to-Face,Home Visit,Same Day,1,DNA
01MAR2026,M82018,BEECHES MEDICAL PRACTICE,EMIS,U60057,SHREWSBURY PCN,M2L0M,"NHS Shropshire, Telford and Wrekin ICB - M2L0M",Other Practice staff,Face-to-Face,Home Visit,Same Day,2,Attended
01MAR2026,M82018,BEECHES MEDICAL PRACTICE,EMIS,U60057,SHREWSBURY PCN,M2L0M,"NHS Shropshire, Telford and Wrekin ICB - M2L0M",Other Practice staff,Video Conference/Online,Inconsistent Mapping,2 to 7 Days,4,Unknown
01MAR2026,M82018,BEECHES MEDICAL PRACTICE,EMIS,U60057,SHREWSBURY PCN,M2L0M,"NHS Shropshire, Telford and Wrekin ICB - M2L0M",Other Practice staff,Face-to-Face,Home Visit,More than 28 Days,1,Attended
01MAR2026,M82018,BEECHES MEDICAL PRACTICE,EMIS,U60057,SHREWSBURY PCN,M2L0M,"NHS Shropshire, Telford and Wrekin ICB - M2L0M",Other Practice staff,Face-to-Face,Home Visit,8 to 14 Days,1,Attended
01MAR2026,M82018,BEECHES MEDICAL PRACTICE,EMIS,U60057,SHREWSBURY PCN,M2L0M,"NHS Shropshire, Telford and Wrekin ICB - M2L0M",Other Practice staff,Face-to-Face,Home Visit,2 to 7 Days,2,Attended
01MAR2026,M82018,BEECHES MEDICAL PRACTICE,EMIS,U60057,SHREWSBURY PCN,M2L0M,"NHS Shropshire, Telford and Wrekin ICB - M2L0M",Other Practice staff,Face-to-Face,Home Visit,1 Day,3,Unknown
01MAR2026,M82018,BEECHES MEDICAL PRACTICE,EMIS,U60057,SHREWSBURY PCN,M2L0M,"NHS Shropshire, Telford and Wrekin ICB - M2L0M",Other Practice staff,Video Conference/Online,Inconsistent Mapping,Same Day,332,Attended
01MAR2026,M82018,BEECHES MEDICAL PRACTICE,EMIS,U60057,SHREWSBURY PCN,M2L0M,"NHS Shropshire, Telford and Wrekin ICB - M2L0M",Other Practice staff,Face-to-Face,General Consultation Routine,Same Day,53,Unknown
01MAR2026,M82018,BEECHES MEDICAL PRACTICE,EMIS,U60057,SHREWSBURY PCN,M2L0M,"NHS Shropshire, Telford and Wrekin ICB - M2L0M",Other Practice staff,Face-to-Face,General Consultation Routine,Same Day,1,DNA
01MAR2026,M82018,BEECHES MEDICAL PRACTICE,EMIS,U60057,SHREWSBURY PCN,M2L0M,"NHS Shropshire, Telford and Wrekin ICB - M2L0M",GP,Face-to-Face,General Consultation Routine,Same Day,16,Attended
01MAR2026,M82018,BEECHES MEDICAL PRACTICE,EMIS,U60057,SHREWSBURY PCN,M2L0M,"NHS Shropshire, Telford and Wrekin ICB - M2L0M",Other Practice staff,Face-to-Face,General Consultation Routine,Same Day,23,Attended
01MAR2026,M82018,BEECHES MEDICAL PRACTICE,EMIS,U60057,SHREWSBURY PCN,M2L0M,"NHS Shropshire, Telford and Wrekin ICB - M2L0M",Other Practice staff,Face-to-Face,General Consultation Routine,More than 28 Days,8,DNA
01MAR2026,M82018,BEECHES MEDICAL PRACTICE,EMIS,U60057,SHREWSBURY PCN,M2L0M,"NHS Shropshire, Telford and Wrekin ICB - M2L0M",Other Practice staff,Face-to-Face,General Consultation Routine,More than 28 Days,26,Attended
01MAR2026,M82018,BEECHES MEDICAL PRACTICE,EMIS,U60057,SHREWSBURY PCN,M2L0M,"NHS Shropshire, Telford and Wrekin ICB - M2L0M",Other Practice staff,Face-to-Face,General Consultation Routine,8 to 14 Days,4,Unknown
01MAR2026,M82018,BEECHES MEDICAL PRACTICE,EMIS,U60057,SHREWSBURY PCN,M2L0M,"NHS Shropshire, Telford and Wrekin ICB - M2L0M",Other Practice staff,Face-to-Face,General Consultation Routine,8 to 14 Days,3,DNA
01MAR2026,M82018,BEECHES MEDICAL PRACTICE,EMIS,U60057,SHREWSBURY PCN,M2L0M,"NHS Shropshire, Telford and Wrekin ICB - M2L0M",Other Practice staff,Face-to-Face,General Consultation Routine,8 to 14 Days,132,Attended
01MAR2026,M82023,PRESCOTT SURGERY,EMIS,U60057,SHREWSBURY PCN,M2L0M,"NHS Shropshire, Telford and Wrekin ICB - M2L0M",GP,Telephone,General Consultation Routine,Same Day,19,Attended
01MAR2026,M82023,PRESCOTT SURGERY,EMIS,U60057,SHREWSBURY PCN,M2L0M,"NHS Shropshire, Telford and Wrekin ICB - M2L0M",GP,Telephone,General Consultation Routine,More than 28 Days,4,Unknown
01MAR2026,M82023,PRESCOTT SURGERY,EMIS,U60057,SHREWSBURY PCN,M2L0M,"NHS Shropshire, Telford and Wrekin ICB - M2L0M",GP,Telephone,General Consultation Routine,More than 28 Days,2,DNA
01MAR2026,M82023,PRESCOTT SURGERY,EMIS,U60057,SHREWSBURY PCN,M2L0M,"NHS Shropshire, Telford and Wrekin ICB - M2L0M",GP,Telephone,General Consultation Routine,8 to 14 Days,38,Attended
01MAR2026,M82023,PRESCOTT SURGERY,EMIS,U60057,SHREWSBURY PCN,M2L0M,"NHS Shropshire, Telford and Wrekin ICB - M2L0M",GP,Telephone,General Consultation Routine,22 to 28 Days,1,Unknown
01MAR2026,M82023,PRESCOTT SURGERY,EMIS,U60057,SHREWSBURY PCN,M2L0M,"NHS Shropshire, Telford and Wrekin ICB - M2L0M",GP,Telephone,General Consultation Routine,22 to 28 Days,7,Attended
01MAR2026,M82023,PRESCOTT SURGERY,EMIS,U60057,SHREWSBURY PCN,M2L0M,"NHS Shropshire, Telford and Wrekin ICB - M2L0M",GP,Telephone,General Consultation Routine,2 to 7 Days,38,Attended
01MAR2026,M82023,PRESCOTT SURGERY,EMIS,U60057,SHREWSBURY PCN,M2L0M,"NHS Shropshire, Telford and Wrekin ICB - M2L0M",GP,Telephone,General Consultation Routine,15 to 21 Days,1,DNA
01MAR2026,M82023,PRESCOTT SURGERY,EMIS,U60057,SHREWSBURY PCN,M2L0M,"NHS Shropshire, Telford and Wrekin ICB - M2L0M",GP,Telephone,General Consultation Routine,15 to 21 Days,17,Attended
01MAR2026,M82023,PRESCOTT SURGERY,EMIS,U60057,SHREWSBURY PCN,M2L0M,"NHS Shropshire, Telford and Wrekin ICB - M2L0M",GP,Telephone,General Consultation Routine,1 Day,8,Attended
01MAR2026,M82023,PRESCOTT SURGERY,EMIS,U60057,SHREWSBURY PCN,M2L0M,"NHS Shropshire, Telford and Wrekin ICB - M2L0M",GP,Telephone,General Consultation Acute,Same Day,4,Unknown
01MAR2026,M82023,PRESCOTT SURGERY,EMIS,U60057,SHREWSBURY PCN,M2L0M,"NHS Shropshire, Telford and Wrekin ICB - M2L0M",GP,Telephone,General Consultation Acute,Same Day,4,DNA
01MAR2026,M82023,PRESCOTT SURGERY,EMIS,U60057,SHREWSBURY PCN,M2L0M,"NHS Shropshire, Telford and Wrekin ICB - M2L0M",GP,Telephone,General Consultation Acute,Same Day,177,Attended
01MAR2026,M82023,PRESCOTT SURGERY,EMIS,U60057,SHREWSBURY PCN,M2L0M,"NHS Shropshire, Telford and Wrekin ICB - M2L0M",GP,Telephone,General Consultation Acute,8 to 14 Days,1,Unknown
01MAR2026,M82023,PRESCOTT SURGERY,EMIS,U60057,SHREWSBURY PCN,M2L0M,"NHS Shropshire, Telford and Wrekin ICB - M2L0M",GP,Telephone,General Consultation Acute,8 to 14 Days,1,DNA
01MAR2026,M82023,PRESCOTT SURGERY,EMIS,U60057,SHREWSBURY PCN,M2L0M,"NHS Shropshire, Telford and Wrekin ICB - M2L0M",GP,Telephone,General Consultation Acute,8 to 14 Days,8,Attended
01MAR2026,M82023,PRESCOTT SURGERY,EMIS,U60057,SHREWSBURY PCN,M2L0M,"NHS Shropshire, Telford and Wrekin ICB - M2L0M",GP,Telephone,General Consultation Acute,2 to 7 Days,2,DNA
01MAR2026,M82023,PRESCOTT SURGERY,EMIS,U60057,SHREWSBURY PCN,M2L0M,"NHS Shropshire, Telford and Wrekin ICB - M2L0M",GP,Telephone,General Consultation Acute,2 to 7 Days,33,Attended
01MAR2026,M82023,PRESCOTT SURGERY,EMIS,U60057,SHREWSBURY PCN,M2L0M,"NHS Shropshire, Telford and Wrekin ICB - M2L0M",GP,Telephone,General Consultation Acute,15 to 21 Days,2,Attended
01MAR2026,M82023,PRESCOTT SURGERY,EMIS,U60057,SHREWSBURY PCN,M2L0M,"NHS Shropshire, Telford and Wrekin ICB - M2L0M",GP,Telephone,General Consultation Acute,1 Day,13,Attended
01MAR2026,M82023,PRESCOTT SURGERY,EMIS,U60057,SHREWSBURY PCN,M2L0M,"NHS Shropshire, Telford and Wrekin ICB - M2L0M",GP,Telephone,Clinical Triage,Same Day,1,Unknown
01MAR2026,M82023,PRESCOTT SURGERY,EMIS,U60057,SHREWSBURY PCN,M2L0M,"NHS Shropshire, Telford and Wrekin ICB - M2L0M",GP,Telephone,Clinical Triage,Same Day,3,Attended
01MAR2026,M82023,PRESCOTT SURGERY,EMIS,U60057,SHREWSBURY PCN,M2L0M,"NHS Shropshire, Telford and Wrekin ICB - M2L0M",GP,Telephone,Clinical Triage,8 to 14 Days,2,Attended
01MAR2026,M82023,PRESCOTT SURGERY,EMIS,U60057,SHREWSBURY PCN,M2L0M,"NHS Shropshire, Telford and Wrekin ICB - M2L0M",GP,Telephone,Clinical Triage,2 to 7 Days,3,Unknown
01MAR2026,M82023,PRESCOTT SURGERY,EMIS,U60057,SHREWSBURY PCN,M2L0M,"NHS Shropshire, Telford and Wrekin ICB - M2L0M",GP,Telephone,Clinical Triage,2 to 7 Days,40,Attended
01MAR2026,M82023,PRESCOTT SURGERY,EMIS,U60057,SHREWSBURY PCN,M2L0M,"NHS Shropshire, Telford and Wrekin ICB - M2L0M",GP,Telephone,Clinical Triage,1 Day,8,Attended
01MAR2026,M82023,PRESCOTT SURGERY,EMIS,U60057,SHREWSBURY PCN,M2L0M,"NHS Shropshire, Telford and Wrekin ICB - M2L0M",GP,Face-to-Face,Planned Clinical Procedure,2 to 7 Days,1,Attended
01MAR2026,M82023,PRESCOTT SURGERY,EMIS,U60057,SHREWSBURY PCN,M2L0M,"NHS Shropshire, Telford and Wrekin ICB - M2L0M",GP,Face-to-Face,General Consultation Routine,Same Day,2,DNA
01MAR2026,M82023,PRESCOTT SURGERY,EMIS,U60057,SHREWSBURY PCN,M2L0M,"NHS Shropshire, Telford and Wrekin ICB - M2L0M",GP,Face-to-Face,General Consultation Routine,More than 28 Days,242,Attended
01MAR2026,M82023,PRESCOTT SURGERY,EMIS,U60057,SHREWSBURY PCN,M2L0M,"NHS Shropshire, Telford and Wrekin ICB - M2L0M",GP,Face-to-Face,General Consultation Routine,8 to 14 Days,128,Attended
01MAR2026,M82023,PRESCOTT SURGERY,EMIS,U60057,SHREWSBURY PCN,M2L0M,"NHS Shropshire, Telford and Wrekin ICB - M2L0M",GP,Face-to-Face,General Consultation Routine,22 to 28 Days,2,DNA
01MAR2026,M82023,PRESCOTT SURGERY,EMIS,U60057,SHREWSBURY PCN,M2L0M,"NHS Shropshire, Telford and Wrekin ICB - M2L0M",GP,Face-to-Face,General Consultation Routine,15 to 21 Days,3,DNA
01MAR2026,M82023,PRESCOTT SURGERY,EMIS,U60057,SHREWSBURY PCN,M2L0M,"NHS Shropshire, Telford and Wrekin ICB - M2L0M",GP,Face-to-Face,General Consultation Acute,Same Day,2,DNA
01MAR2026,M82023,PRESCOTT SURGERY,EMIS,U60057,SHREWSBURY PCN,M2L0M,"NHS Shropshire, Telford and Wrekin ICB - M2L0M",GP,Face-to-Face,General Consultation Acute,22 to 28 Days,9,Attended
01MAR2026,M82023,PRESCOTT SURGERY,EMIS,U60057,SHREWSBURY PCN,M2L0M,"NHS Shropshire, Telford and Wrekin ICB - M2L0M",GP,Face-to-Face,General Consultation Acute,2 to 7 Days,33,Attended
01MAR2026,M82023,PRESCOTT SURGERY,EMIS,U60057,SHREWSBURY PCN,M2L0M,"NHS Shropshire, Telford and Wrekin ICB - M2L0M",GP,Face-to-Face,General Consultation Acute,15 to 21 Days,2,Attended
01MAR2026,M82023,PRESCOTT SURGERY,EMIS,U60057,SHREWSBURY PCN,M2L0M,"NHS Shropshire, Telford and Wrekin ICB - M2L0M",GP,Face-to-Face,General Consultation Acute,1 Day,1,DNA
01MAR2026,M82023,PRESCOTT SURGERY,EMIS,U60057,SHREWSBURY PCN,M2L0M,"NHS Shropshire, Telford and Wrekin ICB - M2L0M",GP,Telephone,General Consultation Acute,1 Day,2,DNA
01MAR2026,M82023,PRESCOTT SURGERY,EMIS,U60057,SHREWSBURY PCN,M2L0M,"NHS Shropshire, Telford and Wrekin ICB - M2L0M",GP,Telephone,General Consultation Acute,22 to 28 Days,1,Attended
01MAR2026,M82023,PRESCOTT SURGERY,EMIS,U60057,SHREWSBURY PCN,M2L0M,"NHS Shropshire, Telford and Wrekin ICB - M2L0M",GP,Face-to-Face,General Consultation Acute,1 Day,13,Attended
01MAR2026,M82023,PRESCOTT SURGERY,EMIS,U60057,SHREWSBURY PCN,M2L0M,"NHS Shropshire, Telford and Wrekin ICB - M2L0M",GP,Face-to-Face,General Consultation Acute,2 to 7 Days,2,DNA
01MAR2026,M82023,PRESCOTT SURGERY,EMIS,U60057,SHREWSBURY PCN,M2L0M,"NHS Shropshire, Telford and Wrekin ICB - M2L0M",GP,Telephone,General Consultation Acute,More than 28 Days,2,Attended
01MAR2026,M82023,PRESCOTT SURGERY,EMIS,U60057,SHREWSBURY PCN,M2L0M,"NHS Shropshire, Telford and Wrekin ICB - M2L0M",GP,Face-to-Face,General Consultation Acute,Same Day,431,Attended
01MAR2026,M82023,PRESCOTT SURGERY,EMIS,U60057,SHREWSBURY PCN,M2L0M,"NHS Shropshire, Telford and Wrekin ICB - M2L0M",GP,Face-to-Face,General Consultation Acute,More than 28 Days,6,Attended
01MAR2026,M82023,PRESCOTT SURGERY,EMIS,U60057,SHREWSBURY PCN,M2L0M,"NHS Shropshire, Telford and Wrekin ICB - M2L0M",GP,Face-to-Face,General Consultation Routine,1 Day,25,Attended
01MAR2026,M82023,PRESCOTT SURGERY,EMIS,U60057,SHREWSBURY PCN,M2L0M,"NHS Shropshire, Telford and Wrekin ICB - M2L0M",GP,Face-to-Face,General Consultation Routine,1 Day,1,DNA
01MAR2026,M82023,PRESCOTT SURGERY,EMIS,U60057,SHREWSBURY PCN,M2L0M,"NHS Shropshire, Telford and Wrekin ICB - M2L0M",GP,Face-to-Face,General Consultation Acute,8 to 14 Days,11,Attended
01MAR2026,M82023,PRESCOTT SURGERY,EMIS,U60057,SHREWSBURY PCN,M2L0M,"NHS Shropshire, Telford and Wrekin ICB - M2L0M",GP,Face-to-Face,General Consultation Routine,15 to 21 Days,61,Attended
01MAR2026,M82023,PRESCOTT SURGERY,EMIS,U60057,SHREWSBURY PCN,M2L0M,"NHS Shropshire, Telford and Wrekin ICB - M2L0M",GP,Face-to-Face,General Consultation Routine,2 to 7 Days,79,Attended
01MAR2026,M82023,PRESCOTT SURGERY,EMIS,U60057,SHREWSBURY PCN,M2L0M,"NHS Shropshire, Telford and Wrekin ICB - M2L0M",GP,Face-to-Face,General Consultation Routine,2 to 7 Days,2,DNA
01MAR2026,M82023,PRESCOTT SURGERY,EMIS,U60057,SHREWSBURY PCN,M2L0M,"NHS Shropshire, Telford and Wrekin ICB - M2L0M",GP,Telephone,General Consultation Routine,2 to 7 Days,1,DNA
01MAR2026,M82023,PRESCOTT SURGERY,EMIS,U60057,SHREWSBURY PCN,M2L0M,"NHS Shropshire, Telford and Wrekin ICB - M2L0M",GP,Face-to-Face,General Consultation Routine,8 to 14 Days,4,DNA
01MAR2026,M82023,PRESCOTT SURGERY,EMIS,U60057,SHREWSBURY PCN,M2L0M,"NHS Shropshire, Telford and Wrekin ICB - M2L0M",GP,Face-to-Face,General Consultation Routine,8 to 14 Days,2,Unknown
01MAR2026,M82023,PRESCOTT SURGERY,EMIS,U60057,SHREWSBURY PCN,M2L0M,"NHS Shropshire, Telford and Wrekin ICB - M2L0M",GP,Telephone,General Consultation Routine,More than 28 Days,60,Attended
01MAR2026,M82023,PRESCOTT SURGERY,EMIS,U60057,SHREWSBURY PCN,M2L0M,"NHS Shropshire, Telford and Wrekin ICB - M2L0M",GP,Face-to-Face,General Consultation Routine,22 to 28 Days,42,Attended
01MAR2026,M82023,PRESCOTT SURGERY,EMIS,U60057,SHREWSBURY PCN,M2L0M,"NHS Shropshire, Telford and Wrekin ICB - M2L0M",GP,Face-to-Face,General Consultation Routine,More than 28 Days,5,Unknown
01MAR2026,M82023,PRESCOTT SURGERY,EMIS,U60057,SHREWSBURY PCN,M2L0M,"NHS Shropshire, Telford and Wrekin ICB - M2L0M",GP,Face-to-Face,General Consultation Routine,More than 28 Days,13,DNA
01MAR2026,M82023,PRESCOTT SURGERY,EMIS,U60057,SHREWSBURY PCN,M2L0M,"NHS Shropshire, Telford and Wrekin ICB - M2L0M",GP,Face-to-Face,General Consultation Routine,Same Day,40,Attended
01MAR2026,M82023,PRESCOTT SURGERY,EMIS,U60057,SHREWSBURY PCN,M2L0M,"NHS Shropshire, Telford and Wrekin ICB - M2L0M",GP,Unknown,Inconsistent Mapping,1 Day,23,Unknown
01MAR2026,M82023,PRESCOTT SURGERY,EMIS,U60057,SHREWSBURY PCN,M2L0M,"NHS Shropshire, Telford and Wrekin ICB - M2L0M",GP,Face-to-Face,Inconsistent Mapping,2 to 7 Days,1,Attended
01MAR2026,M82023,PRESCOTT SURGERY,EMIS,U60057,SHREWSBURY PCN,M2L0M,"NHS Shropshire, Telford and Wrekin ICB - M2L0M",GP,Face-to-Face,Planned Clinical Procedure,15 to 21 Days,2,Attended
01MAR2026,M82023,PRESCOTT SURGERY,EMIS,U60057,SHREWSBURY PCN,M2L0M,"NHS Shropshire, Telford and Wrekin ICB - M2L0M",GP,Face-to-Face,Planned Clinical Procedure,8 to 14 Days,3,Attended
01MAR2026,M82023,PRESCOTT SURGERY,EMIS,U60057,SHREWSBURY PCN,M2L0M,"NHS Shropshire, Telford and Wrekin ICB - M2L0M",GP,Face-to-Face,Planned Clinical Procedure,More than 28 Days,12,Attended
01MAR2026,M82023,PRESCOTT SURGERY,EMIS,U60057,SHREWSBURY PCN,M2L0M,"NHS Shropshire, Telford and Wrekin ICB - M2L0M",GP,Face-to-Face,Inconsistent Mapping,15 to 21 Days,1,DNA
01MAR2026,M82023,PRESCOTT SURGERY,EMIS,U60057,SHREWSBURY PCN,M2L0M,"NHS Shropshire, Telford and Wrekin ICB - M2L0M",GP,Face-to-Face,Planned Clinical Procedure,More than 28 Days,1,DNA
01MAR2026,M82023,PRESCOTT SURGERY,EMIS,U60057,SHREWSBURY PCN,M2L0M,"NHS Shropshire, Telford and Wrekin ICB - M2L0M",Unknown,Home Visit,Home Visit,2 to 7 Days,1,Attended
01MAR2026,M82023,PRESCOTT SURGERY,EMIS,U60057,SHREWSBURY PCN,M2L0M,"NHS Shropshire, Telford and Wrekin ICB - M2L0M",Unknown,Face-to-Face,Inconsistent Mapping,8 to 14 Days,1,Unknown
01MAR2026,M82023,PRESCOTT SURGERY,EMIS,U60057,SHREWSBURY PCN,M2L0M,"NHS Shropshire, Telford and Wrekin ICB - M2L0M",Unknown,Face-to-Face,Inconsistent Mapping,2 to 7 Days,2,Unknown
01MAR2026,M82023,PRESCOTT SURGERY,EMIS,U60057,SHREWSBURY PCN,M2L0M,"NHS Shropshire, Telford and Wrekin ICB - M2L0M",Unknown,Face-to-Face,Inconsistent Mapping,2 to 7 Days,1,Attended
01MAR2026,M82023,PRESCOTT SURGERY,EMIS,U60057,SHREWSBURY PCN,M2L0M,"NHS Shropshire, Telford and Wrekin ICB - M2L0M",Other Practice staff,Unknown,Inconsistent Mapping,8 to 14 Days,4,Unknown
01MAR2026,M82023,PRESCOTT SURGERY,EMIS,U60057,SHREWSBURY PCN,M2L0M,"NHS Shropshire, Telford and Wrekin ICB - M2L0M",Other Practice staff,Unknown,Inconsistent Mapping,15 to 21 Days,4,Unknown
01MAR2026,M82023,PRESCOTT SURGERY,EMIS,U60057,SHREWSBURY PCN,M2L0M,"NHS Shropshire, Telford and Wrekin ICB - M2L0M",Other Practice staff,Telephone,Structured Medication Review,More than 28 Days,2,DNA
01MAR2026,M82023,PRESCOTT SURGERY,EMIS,U60057,SHREWSBURY PCN,M2L0M,"NHS Shropshire, Telford and Wrekin ICB - M2L0M",Other Practice staff,Telephone,Structured Medication Review,More than 28 Days,2,Attended
01MAR2026,M82023,PRESCOTT SURGERY,EMIS,U60057,SHREWSBURY PCN,M2L0M,"NHS Shropshire, Telford and Wrekin ICB - M2L0M",Other Practice staff,Telephone,General Consultation Routine,Same Day,1,Attended
01MAR2026,M82023,PRESCOTT SURGERY,EMIS,U60057,SHREWSBURY PCN,M2L0M,"NHS Shropshire, Telford and Wrekin ICB - M2L0M",Other Practice staff,Telephone,General Consultation Acute,Same Day,68,Attended
01MAR2026,M82023,PRESCOTT SURGERY,EMIS,U60057,SHREWSBURY PCN,M2L0M,"NHS Shropshire, Telford and Wrekin ICB - M2L0M",Other Practice staff,Telephone,General Consultation Acute,22 to 28 Days,2,Attended
01MAR2026,M82023,PRESCOTT SURGERY,EMIS,U60057,SHREWSBURY PCN,M2L0M,"NHS Shropshire, Telford and Wrekin ICB - M2L0M",Other Practice staff,Telephone,General Consultation Acute,1 Day,2,DNA
01MAR2026,M82023,PRESCOTT SURGERY,EMIS,U60057,SHREWSBURY PCN,M2L0M,"NHS Shropshire, Telford and Wrekin ICB - M2L0M",Other Practice staff,Telephone,General Consultation Acute,1 Day,2,Attended
01MAR2026,M82023,PRESCOTT SURGERY,EMIS,U60057,SHREWSBURY PCN,M2L0M,"NHS Shropshire, Telford and Wrekin ICB - M2L0M",Other Practice staff,Face-to-Face,Planned Clinics,Same Day,7,Attended
01MAR2026,M82023,PRESCOTT SURGERY,EMIS,U60057,SHREWSBURY PCN,M2L0M,"NHS Shropshire, Telford and Wrekin ICB - M2L0M",Other Practice staff,Face-to-Face,Planned Clinics,More than 28 Days,8,Attended
01MAR2026,M82023,PRESCOTT SURGERY,EMIS,U60057,SHREWSBURY PCN,M2L0M,"NHS Shropshire, Telford and Wrekin ICB - M2L0M",Other Practice staff,Face-to-Face,Planned Clinics,8 to 14 Days,1,Unknown
01MAR2026,M82023,PRESCOTT SURGERY,EMIS,U60057,SHREWSBURY PCN,M2L0M,"NHS Shropshire, Telford and Wrekin ICB - M2L0M",Other Practice staff,Face-to-Face,Planned Clinics,8 to 14 Days,5,DNA
01MAR2026,M82023,PRESCOTT SURGERY,EMIS,U60057,SHREWSBURY PCN,M2L0M,"NHS Shropshire, Telford and Wrekin ICB - M2L0M",Other Practice staff,Face-to-Face,Planned Clinics,22 to 28 Days,2,DNA
01MAR2026,M82023,PRESCOTT SURGERY,EMIS,U60057,SHREWSBURY PCN,M2L0M,"NHS Shropshire, Telford and Wrekin ICB - M2L0M",Other Practice staff,Face-to-Face,Planned Clinics,22 to 28 Days,15,Attended
01MAR2026,M82023,PRESCOTT SURGERY,EMIS,U60057,SHREWSBURY PCN,M2L0M,"NHS Shropshire, Telford and Wrekin ICB - M2L0M",Other Practice staff,Face-to-Face,Planned Clinics,2 to 7 Days,2,DNA
01MAR2026,M82023,PRESCOTT SURGERY,EMIS,U60057,SHREWSBURY PCN,M2L0M,"NHS Shropshire, Telford and Wrekin ICB - M2L0M",Other Practice staff,Face-to-Face,Planned Clinics,2 to 7 Days,40,Attended
01MAR2026,M82023,PRESCOTT SURGERY,EMIS,U60057,SHREWSBURY PCN,M2L0M,"NHS Shropshire, Telford and Wrekin ICB - M2L0M",Other Practice staff,Face-to-Face,Planned Clinics,15 to 21 Days,4,DNA
01MAR2026,M82023,PRESCOTT SURGERY,EMIS,U60057,SHREWSBURY PCN,M2L0M,"NHS Shropshire, Telford and Wrekin ICB - M2L0M",Other Practice staff,Face-to-Face,Planned Clinics,15 to 21 Days,12,Attended
01MAR2026,M82023,PRESCOTT SURGERY,EMIS,U60057,SHREWSBURY PCN,M2L0M,"NHS Shropshire, Telford and Wrekin ICB - M2L0M",Other Practice staff,Face-to-Face,Planned Clinics,1 Day,3,Attended
01MAR2026,M82023,PRESCOTT SURGERY,EMIS,U60057,SHREWSBURY PCN,M2L0M,"NHS Shropshire, Telford and Wrekin ICB - M2L0M",Other Practice staff,Face-to-Face,Planned Clinical Procedure,Same Day,71,Attended
01MAR2026,M82023,PRESCOTT SURGERY,EMIS,U60057,SHREWSBURY PCN,M2L0M,"NHS Shropshire, Telford and Wrekin ICB - M2L0M",Other Practice staff,Face-to-Face,Planned Clinical Procedure,More than 28 Days,4,DNA
01MAR2026,M82023,PRESCOTT SURGERY,EMIS,U60057,SHREWSBURY PCN,M2L0M,"NHS Shropshire, Telford and Wrekin ICB - M2L0M",Other Practice staff,Face-to-Face,Planned Clinical Procedure,More than 28 Days,44,Attended
01MAR2026,M82023,PRESCOTT SURGERY,EMIS,U60057,SHREWSBURY PCN,M2L0M,"NHS Shropshire, Telford and Wrekin ICB - M2L0M",Other Practice staff,Face-to-Face,Planned Clinical Procedure,8 to 14 Days,1,Unknown
01MAR2026,M82023,PRESCOTT SURGERY,EMIS,U60057,SHREWSBURY PCN,M2L0M,"NHS Shropshire, Telford and Wrekin ICB - M2L0M",Other Practice staff,Face-to-Face,Planned Clinical Procedure,8 to 14 Days,14,DNA
01MAR2026,M82023,PRESCOTT SURGERY,EMIS,U60057,SHREWSBURY PCN,M2L0M,"NHS Shropshire, Telford and Wrekin ICB - M2L0M",Other Practice staff,Face-to-Face,Planned Clinical Procedure,8 to 14 Days,141,Attended
01MAR2026,M82023,PRESCOTT SURGERY,EMIS,U60057,SHREWSBURY PCN,M2L0M,"NHS Shropshire, Telford and Wrekin ICB - M2L0M",Other Practice staff,Face-to-Face,Planned Clinical Procedure,22 to 28 Days,1,Unknown
01MAR2026,M82023,PRESCOTT SURGERY,EMIS,U60057,SHREWSBURY PCN,M2L0M,"NHS Shropshire, Telford and Wrekin ICB - M2L0M",Other Practice staff,Face-to-Face,Planned Clinical Procedure,22 to 28 Days,17,DNA
01MAR2026,M82023,PRESCOTT SURGERY,EMIS,U60057,SHREWSBURY PCN,M2L0M,"NHS Shropshire, Telford and Wrekin ICB - M2L0M",Other Practice staff,Face-to-Face,Planned Clinics,8 to 14 Days,34,Attended
01MAR2026,M82023,PRESCOTT SURGERY,EMIS,U60057,SHREWSBURY PCN,M2L0M,"NHS Shropshire, Telford and Wrekin ICB - M2L0M",Other Practice staff,Face-to-Face,Planned Clinical Procedure,22 to 28 Days,163,Attended
01MAR2026,M82023,PRESCOTT SURGERY,EMIS,U60057,SHREWSBURY PCN,M2L0M,"NHS Shropshire, Telford and Wrekin ICB - M2L0M",Other Practice staff,Face-to-Face,Planned Clinical Procedure,2 to 7 Days,5,Unknown
01MAR2026,M82023,PRESCOTT SURGERY,EMIS,U60057,SHREWSBURY PCN,M2L0M,"NHS Shropshire, Telford and Wrekin ICB - M2L0M",Other Practice staff,Face-to-Face,Planned Clinics,More than 28 Days,1,DNA
01MAR2026,M82023,PRESCOTT SURGERY,EMIS,U60057,SHREWSBURY PCN,M2L0M,"NHS Shropshire, Telford and Wrekin ICB - M2L0M",Other Practice staff,Face-to-Face,Planned Clinical Procedure,2 to 7 Days,4,DNA
01MAR2026,M82023,PRESCOTT SURGERY,EMIS,U60057,SHREWSBURY PCN,M2L0M,"NHS Shropshire, Telford and Wrekin ICB - M2L0M",Other Practice staff,Face-to-Face,Planned Clinical Procedure,2 to 7 Days,201,Attended
01MAR2026,M82023,PRESCOTT SURGERY,EMIS,U60057,SHREWSBURY PCN,M2L0M,"NHS Shropshire, Telford and Wrekin ICB - M2L0M",Other Practice staff,Face-to-Face,Planned Clinical Procedure,15 to 21 Days,13,DNA
01MAR2026,M82023,PRESCOTT SURGERY,EMIS,U60057,SHREWSBURY PCN,M2L0M,"NHS Shropshire, Telford and Wrekin ICB - M2L0M",Other Practice staff,Face-to-Face,Planned Clinical Procedure,15 to 21 Days,164,Attended
01MAR2026,M82023,PRESCOTT SURGERY,EMIS,U60057,SHREWSBURY PCN,M2L0M,"NHS Shropshire, Telford and Wrekin ICB - M2L0M",Other Practice staff,Face-to-Face,Planned Clinical Procedure,1 Day,1,DNA
01MAR2026,M82023,PRESCOTT SURGERY,EMIS,U60057,SHREWSBURY PCN,M2L0M,"NHS Shropshire, Telford and Wrekin ICB - M2L0M",Other Practice staff,Face-to-Face,Planned Clinical Procedure,1 Day,41,Attended
01MAR2026,M82023,PRESCOTT SURGERY,EMIS,U60057,SHREWSBURY PCN,M2L0M,"NHS Shropshire, Telford and Wrekin ICB - M2L0M",Other Practice staff,Telephone,General Consultation Acute,2 to 7 Days,2,Attended
01MAR2026,M82023,PRESCOTT SURGERY,EMIS,U60057,SHREWSBURY PCN,M2L0M,"NHS Shropshire, Telford and Wrekin ICB - M2L0M",Other Practice staff,Face-to-Face,Inconsistent Mapping,Same Day,6,Unknown
01MAR2026,M82023,PRESCOTT SURGERY,EMIS,U60057,SHREWSBURY PCN,M2L0M,"NHS Shropshire, Telford and Wrekin ICB - M2L0M",Other Practice staff,Face-to-Face,Inconsistent Mapping,Same Day,99,Attended
01MAR2026,M82023,PRESCOTT SURGERY,EMIS,U60057,SHREWSBURY PCN,M2L0M,"NHS Shropshire, Telford and Wrekin ICB - M2L0M",Other Practice staff,Face-to-Face,Inconsistent Mapping,2 to 7 Days,1,Unknown
01MAR2026,M82023,PRESCOTT SURGERY,EMIS,U60057,SHREWSBURY PCN,M2L0M,"NHS Shropshire, Telford and Wrekin ICB - M2L0M",Other Practice staff,Face-to-Face,Inconsistent Mapping,1 Day,5,Attended
01MAR2026,M82023,PRESCOTT SURGERY,EMIS,U60057,SHREWSBURY PCN,M2L0M,"NHS Shropshire, Telford and Wrekin ICB - M2L0M",Unknown,Face-to-Face,Inconsistent Mapping,1 Day,9,Unknown
01MAR2026,M82023,PRESCOTT SURGERY,EMIS,U60057,SHREWSBURY PCN,M2L0M,"NHS Shropshire, Telford and Wrekin ICB - M2L0M",Other Practice staff,Face-to-Face,General Consultation Routine,Same Day,2,Attended
01MAR2026,M82023,PRESCOTT SURGERY,EMIS,U60057,SHREWSBURY PCN,M2L0M,"NHS Shropshire, Telford and Wrekin ICB - M2L0M",Other Practice staff,Face-to-Face,General Consultation Acute,Same Day,3,DNA
01MAR2026,M82023,PRESCOTT SURGERY,EMIS,U60057,SHREWSBURY PCN,M2L0M,"NHS Shropshire, Telford and Wrekin ICB - M2L0M",Other Practice staff,Face-to-Face,General Consultation Acute,Same Day,111,Attended
01MAR2026,M82023,PRESCOTT SURGERY,EMIS,U60057,SHREWSBURY PCN,M2L0M,"NHS Shropshire, Telford and Wrekin ICB - M2L0M",Other Practice staff,Face-to-Face,General Consultation Acute,2 to 7 Days,2,Attended
01MAR2026,M82023,PRESCOTT SURGERY,EMIS,U60057,SHREWSBURY PCN,M2L0M,"NHS Shropshire, Telford and Wrekin ICB - M2L0M",Unknown,Face-to-Face,Inconsistent Mapping,Same Day,11,Unknown
01MAR2026,M82023,PRESCOTT SURGERY,EMIS,U60057,SHREWSBURY PCN,M2L0M,"NHS Shropshire, Telford and Wrekin ICB - M2L0M",GP,Video Conference/Online,Inconsistent Mapping,Same Day,8,Unknown
01MAR2026,M82023,PRESCOTT SURGERY,EMIS,U60057,SHREWSBURY PCN,M2L0M,"NHS Shropshire, Telford and Wrekin ICB - M2L0M",GP,Video Conference/Online,Inconsistent Mapping,Same Day,7,Attended
01MAR2026,M82023,PRESCOTT SURGERY,EMIS,U60057,SHREWSBURY PCN,M2L0M,"NHS Shropshire, Telford and Wrekin ICB - M2L0M",GP,Unknown,Inconsistent Mapping,Same Day,2,Unknown
01MAR2026,M82023,PRESCOTT SURGERY,EMIS,U60057,SHREWSBURY PCN,M2L0M,"NHS Shropshire, Telford and Wrekin ICB - M2L0M",GP,Unknown,Inconsistent Mapping,More than 28 Days,21,Unknown
01MAR2026,M82023,PRESCOTT SURGERY,EMIS,U60057,SHREWSBURY PCN,M2L0M,"NHS Shropshire, Telford and Wrekin ICB - M2L0M",GP,Unknown,Inconsistent Mapping,8 to 14 Days,1,Unknown
01MAR2026,M82023,PRESCOTT SURGERY,EMIS,U60057,SHREWSBURY PCN,M2L0M,"NHS Shropshire, Telford and Wrekin ICB - M2L0M",GP,Unknown,Inconsistent Mapping,22 to 28 Days,1,Unknown
01MAR2026,M82023,PRESCOTT SURGERY,EMIS,U60057,SHREWSBURY PCN,M2L0M,"NHS Shropshire, Telford and Wrekin ICB - M2L0M",GP,Unknown,Inconsistent Mapping,2 to 7 Days,24,Unknown
01MAR2026,M82023,PRESCOTT SURGERY,EMIS,U60057,SHREWSBURY PCN,M2L0M,"NHS Shropshire, Telford and Wrekin ICB - M2L0M",GP,Unknown,Inconsistent Mapping,15 to 21 Days,2,Unknown
01MAR2026,M82032,SEVERN FIELDS MEDICAL PRACTICE,EMIS,U60057,SHREWSBURY PCN,M2L0M,"NHS Shropshire, Telford and Wrekin ICB - M2L0M",Other Practice staff,Telephone,Planned Clinics,22 to 28 Days,54,Attended
01MAR2026,M82032,SEVERN FIELDS MEDICAL PRACTICE,EMIS,U60057,SHREWSBURY PCN,M2L0M,"NHS Shropshire, Telford and Wrekin ICB - M2L0M",GP,Telephone,General Consultation Routine,22 to 28 Days,3,DNA
01MAR2026,M82032,SEVERN FIELDS MEDICAL PRACTICE,EMIS,U60057,SHREWSBURY PCN,M2L0M,"NHS Shropshire, Telford and Wrekin ICB - M2L0M",Other Practice staff,Telephone,Planned Clinics,15 to 21 Days,1,Unknown
01MAR2026,M82032,SEVERN FIELDS MEDICAL PRACTICE,EMIS,U60057,SHREWSBURY PCN,M2L0M,"NHS Shropshire, Telford and Wrekin ICB - M2L0M",Other Practice staff,Telephone,Planned Clinics,1 Day,98,Attended
01MAR2026,M82032,SEVERN FIELDS MEDICAL PRACTICE,EMIS,U60057,SHREWSBURY PCN,M2L0M,"NHS Shropshire, Telford and Wrekin ICB - M2L0M",GP,Face-to-Face,General Consultation Acute,1 Day,1,DNA
01MAR2026,M82032,SEVERN FIELDS MEDICAL PRACTICE,EMIS,U60057,SHREWSBURY PCN,M2L0M,"NHS Shropshire, Telford and Wrekin ICB - M2L0M",GP,Telephone,General Consultation Routine,15 to 21 Days,47,Attended
01MAR2026,M82032,SEVERN FIELDS MEDICAL PRACTICE,EMIS,U60057,SHREWSBURY PCN,M2L0M,"NHS Shropshire, Telford and Wrekin ICB - M2L0M",Other Practice staff,Telephone,General Consultation Routine,15 to 21 Days,1,Attended
01MAR2026,M82032,SEVERN FIELDS MEDICAL PRACTICE,EMIS,U60057,SHREWSBURY PCN,M2L0M,"NHS Shropshire, Telford and Wrekin ICB - M2L0M",Other Practice staff,Telephone,Clinical Triage,8 to 14 Days,1,Unknown
01MAR2026,M82032,SEVERN FIELDS MEDICAL PRACTICE,EMIS,U60057,SHREWSBURY PCN,M2L0M,"NHS Shropshire, Telford and Wrekin ICB - M2L0M",GP,Telephone,Clinical Triage,Same Day,121,Attended
01MAR2026,M82032,SEVERN FIELDS MEDICAL PRACTICE,EMIS,U60057,SHREWSBURY PCN,M2L0M,"NHS Shropshire, Telford and Wrekin ICB - M2L0M",Other Practice staff,Telephone,Clinical Triage,2 to 7 Days,85,Attended
01MAR2026,M82032,SEVERN FIELDS MEDICAL PRACTICE,EMIS,U60057,SHREWSBURY PCN,M2L0M,"NHS Shropshire, Telford and Wrekin ICB - M2L0M",Other Practice staff,Home Visit,Home Visit,2 to 7 Days,1,Attended
01MAR2026,M82032,SEVERN FIELDS MEDICAL PRACTICE,EMIS,U60057,SHREWSBURY PCN,M2L0M,"NHS Shropshire, Telford and Wrekin ICB - M2L0M",Other Practice staff,Face-to-Face,Planned Clinics,More than 28 Days,2,Unknown
01MAR2026,M82032,SEVERN FIELDS MEDICAL PRACTICE,EMIS,U60057,SHREWSBURY PCN,M2L0M,"NHS Shropshire, Telford and Wrekin ICB - M2L0M",Other Practice staff,Face-to-Face,Planned Clinics,More than 28 Days,3,DNA
01MAR2026,M82032,SEVERN FIELDS MEDICAL PRACTICE,EMIS,U60057,SHREWSBURY PCN,M2L0M,"NHS Shropshire, Telford and Wrekin ICB - M2L0M",GP,Telephone,Clinical Triage,1 Day,2,Attended
01MAR2026,M82032,SEVERN FIELDS MEDICAL PRACTICE,EMIS,U60057,SHREWSBURY PCN,M2L0M,"NHS Shropshire, Telford and Wrekin ICB - M2L0M",Other Practice staff,Face-to-Face,Planned Clinics,More than 28 Days,8,Attended
01MAR2026,M82032,SEVERN FIELDS MEDICAL PRACTICE,EMIS,U60057,SHREWSBURY PCN,M2L0M,"NHS Shropshire, Telford and Wrekin ICB - M2L0M",Other Practice staff,Face-to-Face,Planned Clinics,22 to 28 Days,1,Unknown
01MAR2026,M82032,SEVERN FIELDS MEDICAL PRACTICE,EMIS,U60057,SHREWSBURY PCN,M2L0M,"NHS Shropshire, Telford and Wrekin ICB - M2L0M",Other Practice staff,Face-to-Face,Planned Clinics,22 to 28 Days,4,DNA
01MAR2026,M82032,SEVERN FIELDS MEDICAL PRACTICE,EMIS,U60057,SHREWSBURY PCN,M2L0M,"NHS Shropshire, Telford and Wrekin ICB - M2L0M",Other Practice staff,Face-to-Face,Planned Clinics,2 to 7 Days,9,DNA
01MAR2026,M82032,SEVERN FIELDS MEDICAL PRACTICE,EMIS,U60057,SHREWSBURY PCN,M2L0M,"NHS Shropshire, Telford and Wrekin ICB - M2L0M",Other Practice staff,Face-to-Face,Planned Clinics,15 to 21 Days,69,Attended
01MAR2026,M82032,SEVERN FIELDS MEDICAL PRACTICE,EMIS,U60057,SHREWSBURY PCN,M2L0M,"NHS Shropshire, Telford and Wrekin ICB - M2L0M",Other Practice staff,Face-to-Face,Planned Clinical Procedure,Same Day,5,DNA
01MAR2026,M82032,SEVERN FIELDS MEDICAL PRACTICE,EMIS,U60057,SHREWSBURY PCN,M2L0M,"NHS Shropshire, Telford and Wrekin ICB - M2L0M",GP,Face-to-Face,General Consultation Routine,Same Day,22,Attended
01MAR2026,M82032,SEVERN FIELDS MEDICAL PRACTICE,EMIS,U60057,SHREWSBURY PCN,M2L0M,"NHS Shropshire, Telford and Wrekin ICB - M2L0M",Other Practice staff,Face-to-Face,Planned Clinical Procedure,Same Day,126,Attended
01MAR2026,M82032,SEVERN FIELDS MEDICAL PRACTICE,EMIS,U60057,SHREWSBURY PCN,M2L0M,"NHS Shropshire, Telford and Wrekin ICB - M2L0M",Other Practice staff,Face-to-Face,Planned Clinical Procedure,8 to 14 Days,5,Unknown
01MAR2026,M82032,SEVERN FIELDS MEDICAL PRACTICE,EMIS,U60057,SHREWSBURY PCN,M2L0M,"NHS Shropshire, Telford and Wrekin ICB - M2L0M",GP,Face-to-Face,Planned Clinics,1 Day,3,Attended
01MAR2026,M82032,SEVERN FIELDS MEDICAL PRACTICE,EMIS,U60057,SHREWSBURY PCN,M2L0M,"NHS Shropshire, Telford and Wrekin ICB - M2L0M",Other Practice staff,Face-to-Face,Planned Clinical Procedure,22 to 28 Days,14,DNA
01MAR2026,M82032,SEVERN FIELDS MEDICAL PRACTICE,EMIS,U60057,SHREWSBURY PCN,M2L0M,"NHS Shropshire, Telford and Wrekin ICB - M2L0M",Other Practice staff,Face-to-Face,Planned Clinical Procedure,2 to 7 Days,278,Attended
01MAR2026,M82032,SEVERN FIELDS MEDICAL PRACTICE,EMIS,U60057,SHREWSBURY PCN,M2L0M,"NHS Shropshire, Telford and Wrekin ICB - M2L0M",Other Practice staff,Face-to-Face,Planned Clinical Procedure,15 to 21 Days,273,Attended
01MAR2026,M82032,SEVERN FIELDS MEDICAL PRACTICE,EMIS,U60057,SHREWSBURY PCN,M2L0M,"NHS Shropshire, Telford and Wrekin ICB - M2L0M",GP,Face-to-Face,Planned Clinical Procedure,8 to 14 Days,2,Attended
01MAR2026,M82032,SEVERN FIELDS MEDICAL PRACTICE,EMIS,U60057,SHREWSBURY PCN,M2L0M,"NHS Shropshire, Telford and Wrekin ICB - M2L0M",Other Practice staff,Face-to-Face,Planned Clinical Procedure,2 to 7 Days,19,DNA
01MAR2026,M82032,SEVERN FIELDS MEDICAL PRACTICE,EMIS,U60057,SHREWSBURY PCN,M2L0M,"NHS Shropshire, Telford and Wrekin ICB - M2L0M",GP,Face-to-Face,Planned Clinical Procedure,15 to 21 Days,1,DNA
01MAR2026,M82032,SEVERN FIELDS MEDICAL PRACTICE,EMIS,U60057,SHREWSBURY PCN,M2L0M,"NHS Shropshire, Telford and Wrekin ICB - M2L0M",Other Practice staff,Face-to-Face,Planned Clinical Procedure,1 Day,2,DNA
01MAR2026,M82032,SEVERN FIELDS MEDICAL PRACTICE,EMIS,U60057,SHREWSBURY PCN,M2L0M,"NHS Shropshire, Telford and Wrekin ICB - M2L0M",Other Practice staff,Face-to-Face,Planned Clinical Procedure,15 to 21 Days,24,DNA
01MAR2026,M82032,SEVERN FIELDS MEDICAL PRACTICE,EMIS,U60057,SHREWSBURY PCN,M2L0M,"NHS Shropshire, Telford and Wrekin ICB - M2L0M",GP,Face-to-Face,Planned Clinical Procedure,22 to 28 Days,9,Attended
01MAR2026,M82032,SEVERN FIELDS MEDICAL PRACTICE,EMIS,U60057,SHREWSBURY PCN,M2L0M,"NHS Shropshire, Telford and Wrekin ICB - M2L0M",Other Practice staff,Face-to-Face,Planned Clinical Procedure,22 to 28 Days,199,Attended
01MAR2026,M82032,SEVERN FIELDS MEDICAL PRACTICE,EMIS,U60057,SHREWSBURY PCN,M2L0M,"NHS Shropshire, Telford and Wrekin ICB - M2L0M",GP,Face-to-Face,Inconsistent Mapping,More than 28 Days,4,Attended
01MAR2026,M82032,SEVERN FIELDS MEDICAL PRACTICE,EMIS,U60057,SHREWSBURY PCN,M2L0M,"NHS Shropshire, Telford and Wrekin ICB - M2L0M",Other Practice staff,Face-to-Face,Inconsistent Mapping,Same Day,6,Unknown
01MAR2026,M82032,SEVERN FIELDS MEDICAL PRACTICE,EMIS,U60057,SHREWSBURY PCN,M2L0M,"NHS Shropshire, Telford and Wrekin ICB - M2L0M",Other Practice staff,Face-to-Face,Inconsistent Mapping,Same Day,3,DNA
01MAR2026,M82032,SEVERN FIELDS MEDICAL PRACTICE,EMIS,U60057,SHREWSBURY PCN,M2L0M,"NHS Shropshire, Telford and Wrekin ICB - M2L0M",Other Practice staff,Face-to-Face,Planned Clinical Procedure,8 to 14 Days,21,DNA
01MAR2026,M82032,SEVERN FIELDS MEDICAL PRACTICE,EMIS,U60057,SHREWSBURY PCN,M2L0M,"NHS Shropshire, Telford and Wrekin ICB - M2L0M",Other Practice staff,Face-to-Face,Planned Clinical Procedure,More than 28 Days,2,Unknown
01MAR2026,M82032,SEVERN FIELDS MEDICAL PRACTICE,EMIS,U60057,SHREWSBURY PCN,M2L0M,"NHS Shropshire, Telford and Wrekin ICB - M2L0M",GP,Face-to-Face,Planned Clinics,8 to 14 Days,5,Attended
01MAR2026,M82032,SEVERN FIELDS MEDICAL PRACTICE,EMIS,U60057,SHREWSBURY PCN,M2L0M,"NHS Shropshire, Telford and Wrekin ICB - M2L0M",GP,Face-to-Face,Planned Clinics,15 to 21 Days,1,Unknown
01MAR2026,M82032,SEVERN FIELDS MEDICAL PRACTICE,EMIS,U60057,SHREWSBURY PCN,M2L0M,"NHS Shropshire, Telford and Wrekin ICB - M2L0M",GP,Face-to-Face,Planned Clinics,22 to 28 Days,3,DNA
01MAR2026,M82032,SEVERN FIELDS MEDICAL PRACTICE,EMIS,U60057,SHREWSBURY PCN,M2L0M,"NHS Shropshire, Telford and Wrekin ICB - M2L0M",Other Practice staff,Face-to-Face,Planned Clinics,15 to 21 Days,3,Unknown
01MAR2026,M82032,SEVERN FIELDS MEDICAL PRACTICE,EMIS,U60057,SHREWSBURY PCN,M2L0M,"NHS Shropshire, Telford and Wrekin ICB - M2L0M",Other Practice staff,Face-to-Face,Planned Clinics,22 to 28 Days,36,Attended
01MAR2026,M82032,SEVERN FIELDS MEDICAL PRACTICE,EMIS,U60057,SHREWSBURY PCN,M2L0M,"NHS Shropshire, Telford and Wrekin ICB - M2L0M",Other Practice staff,Face-to-Face,Inconsistent Mapping,8 to 14 Days,2,Unknown
01MAR2026,M82032,SEVERN FIELDS MEDICAL PRACTICE,EMIS,U60057,SHREWSBURY PCN,M2L0M,"NHS Shropshire, Telford and Wrekin ICB - M2L0M",Other Practice staff,Face-to-Face,Inconsistent Mapping,Same Day,513,Attended
01MAR2026,M82032,SEVERN FIELDS MEDICAL PRACTICE,EMIS,U60057,SHREWSBURY PCN,M2L0M,"NHS Shropshire, Telford and Wrekin ICB - M2L0M",Other Practice staff,Face-to-Face,Inconsistent Mapping,8 to 14 Days,3,DNA
01MAR2026,M82032,SEVERN FIELDS MEDICAL PRACTICE,EMIS,U60057,SHREWSBURY PCN,M2L0M,"NHS Shropshire, Telford and Wrekin ICB - M2L0M",Other Practice staff,Face-to-Face,Planned Clinics,8 to 14 Days,6,DNA
01MAR2026,M82032,SEVERN FIELDS MEDICAL PRACTICE,EMIS,U60057,SHREWSBURY PCN,M2L0M,"NHS Shropshire, Telford and Wrekin ICB - M2L0M",GP,Telephone,Clinical Triage,1 Day,1,DNA
01MAR2026,M82032,SEVERN FIELDS MEDICAL PRACTICE,EMIS,U60057,SHREWSBURY PCN,M2L0M,"NHS Shropshire, Telford and Wrekin ICB - M2L0M",GP,Telephone,Clinical Triage,2 to 7 Days,3,Attended
01MAR2026,M82032,SEVERN FIELDS MEDICAL PRACTICE,EMIS,U60057,SHREWSBURY PCN,M2L0M,"NHS Shropshire, Telford and Wrekin ICB - M2L0M",Other Practice staff,Telephone,Clinical Triage,1 Day,1,Unknown
01MAR2026,M82032,SEVERN FIELDS MEDICAL PRACTICE,EMIS,U60057,SHREWSBURY PCN,M2L0M,"NHS Shropshire, Telford and Wrekin ICB - M2L0M",Other Practice staff,Telephone,Clinical Triage,2 to 7 Days,2,Unknown
01MAR2026,M82032,SEVERN FIELDS MEDICAL PRACTICE,EMIS,U60057,SHREWSBURY PCN,M2L0M,"NHS Shropshire, Telford and Wrekin ICB - M2L0M",Other Practice staff,Telephone,Clinical Triage,8 to 14 Days,14,Attended
01MAR2026,M82032,SEVERN FIELDS MEDICAL PRACTICE,EMIS,U60057,SHREWSBURY PCN,M2L0M,"NHS Shropshire, Telford and Wrekin ICB - M2L0M",GP,Telephone,Clinical Triage,Same Day,5,Unknown
01MAR2026,M82032,SEVERN FIELDS MEDICAL PRACTICE,EMIS,U60057,SHREWSBURY PCN,M2L0M,"NHS Shropshire, Telford and Wrekin ICB - M2L0M",Other Practice staff,Telephone,Clinical Triage,Same Day,3,DNA
01MAR2026,M82032,SEVERN FIELDS MEDICAL PRACTICE,EMIS,U60057,SHREWSBURY PCN,M2L0M,"NHS Shropshire, Telford and Wrekin ICB - M2L0M",Other Practice staff,Telephone,Inconsistent Mapping,1 Day,30,Attended
01MAR2026,M82032,SEVERN FIELDS MEDICAL PRACTICE,EMIS,U60057,SHREWSBURY PCN,M2L0M,"NHS Shropshire, Telford and Wrekin ICB - M2L0M",Other Practice staff,Telephone,Inconsistent Mapping,2 to 7 Days,28,Attended
01MAR2026,M82032,SEVERN FIELDS MEDICAL PRACTICE,EMIS,U60057,SHREWSBURY PCN,M2L0M,"NHS Shropshire, Telford and Wrekin ICB - M2L0M",GP,Telephone,General Consultation Routine,2 to 7 Days,7,Attended
01MAR2026,M82032,SEVERN FIELDS MEDICAL PRACTICE,EMIS,U60057,SHREWSBURY PCN,M2L0M,"NHS Shropshire, Telford and Wrekin ICB - M2L0M",Other Practice staff,Telephone,Planned Clinics,15 to 21 Days,58,Attended
01MAR2026,M82032,SEVERN FIELDS MEDICAL PRACTICE,EMIS,U60057,SHREWSBURY PCN,M2L0M,"NHS Shropshire, Telford and Wrekin ICB - M2L0M",GP,Face-to-Face,General Consultation Acute,2 to 7 Days,1,DNA
01MAR2026,M82032,SEVERN FIELDS MEDICAL PRACTICE,EMIS,U60057,SHREWSBURY PCN,M2L0M,"NHS Shropshire, Telford and Wrekin ICB - M2L0M",Other Practice staff,Telephone,Planned Clinics,2 to 7 Days,5,DNA
01MAR2026,M82032,SEVERN FIELDS MEDICAL PRACTICE,EMIS,U60057,SHREWSBURY PCN,M2L0M,"NHS Shropshire, Telford and Wrekin ICB - M2L0M",GP,Telephone,General Consultation Routine,More than 28 Days,48,Attended
01MAR2026,M82032,SEVERN FIELDS MEDICAL PRACTICE,EMIS,U60057,SHREWSBURY PCN,M2L0M,"NHS Shropshire, Telford and Wrekin ICB - M2L0M",Other Practice staff,Telephone,Planned Clinics,8 to 14 Days,107,Attended
01MAR2026,M82032,SEVERN FIELDS MEDICAL PRACTICE,EMIS,U60057,SHREWSBURY PCN,M2L0M,"NHS Shropshire, Telford and Wrekin ICB - M2L0M",Other Practice staff,Face-to-Face,Inconsistent Mapping,22 to 28 Days,2,DNA
01MAR2026,M82032,SEVERN FIELDS MEDICAL PRACTICE,EMIS,U60057,SHREWSBURY PCN,M2L0M,"NHS Shropshire, Telford and Wrekin ICB - M2L0M",GP,Face-to-Face,Inconsistent Mapping,Same Day,15,Attended
01MAR2026,M82032,SEVERN FIELDS MEDICAL PRACTICE,EMIS,U60057,SHREWSBURY PCN,M2L0M,"NHS Shropshire, Telford and Wrekin ICB - M2L0M",Other Practice staff,Face-to-Face,Inconsistent Mapping,2 to 7 Days,4,Unknown
01MAR2026,M82032,SEVERN FIELDS MEDICAL PRACTICE,EMIS,U60057,SHREWSBURY PCN,M2L0M,"NHS Shropshire, Telford and Wrekin ICB - M2L0M",Other Practice staff,Face-to-Face,Inconsistent Mapping,15 to 21 Days,2,Unknown
01MAR2026,M82032,SEVERN FIELDS MEDICAL PRACTICE,EMIS,U60057,SHREWSBURY PCN,M2L0M,"NHS Shropshire, Telford and Wrekin ICB - M2L0M",GP,Face-to-Face,Non-contractual chargeable work,2 to 7 Days,2,Attended
01MAR2026,M82032,SEVERN FIELDS MEDICAL PRACTICE,EMIS,U60057,SHREWSBURY PCN,M2L0M,"NHS Shropshire, Telford and Wrekin ICB - M2L0M",Other Practice staff,Face-to-Face,Planned Clinical Procedure,1 Day,48,Attended
01MAR2026,M82032,SEVERN FIELDS MEDICAL PRACTICE,EMIS,U60057,SHREWSBURY PCN,M2L0M,"NHS Shropshire, Telford and Wrekin ICB - M2L0M",GP,Face-to-Face,Inconsistent Mapping,8 to 14 Days,13,Attended
01MAR2026,M82032,SEVERN FIELDS MEDICAL PRACTICE,EMIS,U60057,SHREWSBURY PCN,M2L0M,"NHS Shropshire, Telford and Wrekin ICB - M2L0M",Other Practice staff,Face-to-Face,Inconsistent Mapping,15 to 21 Days,32,Attended
01MAR2026,M82032,SEVERN FIELDS MEDICAL PRACTICE,EMIS,U60057,SHREWSBURY PCN,M2L0M,"NHS Shropshire, Telford and Wrekin ICB - M2L0M",Other Practice staff,Face-to-Face,General Consultation Routine,Same Day,3,DNA
01MAR2026,M82032,SEVERN FIELDS MEDICAL PRACTICE,EMIS,U60057,SHREWSBURY PCN,M2L0M,"NHS Shropshire, Telford and Wrekin ICB - M2L0M",GP,Face-to-Face,Inconsistent Mapping,22 to 28 Days,10,Attended
01MAR2026,M82032,SEVERN FIELDS MEDICAL PRACTICE,EMIS,U60057,SHREWSBURY PCN,M2L0M,"NHS Shropshire, Telford and Wrekin ICB - M2L0M",Other Practice staff,Face-to-Face,General Consultation Routine,More than 28 Days,2,DNA
01MAR2026,M82032,SEVERN FIELDS MEDICAL PRACTICE,EMIS,U60057,SHREWSBURY PCN,M2L0M,"NHS Shropshire, Telford and Wrekin ICB - M2L0M",Other Practice staff,Face-to-Face,General Consultation Routine,8 to 14 Days,1,Unknown
01MAR2026,M82032,SEVERN FIELDS MEDICAL PRACTICE,EMIS,U60057,SHREWSBURY PCN,M2L0M,"NHS Shropshire, Telford and Wrekin ICB - M2L0M",Other Practice staff,Face-to-Face,Planned Clinical Procedure,22 to 28 Days,6,Unknown
01MAR2026,M82032,SEVERN FIELDS MEDICAL PRACTICE,EMIS,U60057,SHREWSBURY PCN,M2L0M,"NHS Shropshire, Telford and Wrekin ICB - M2L0M",GP,Face-to-Face,Inconsistent Mapping,15 to 21 Days,17,Attended
01MAR2026,M82032,SEVERN FIELDS MEDICAL PRACTICE,EMIS,U60057,SHREWSBURY PCN,M2L0M,"NHS Shropshire, Telford and Wrekin ICB - M2L0M",Other Practice staff,Face-to-Face,General Consultation Routine,8 to 14 Days,16,Attended
01MAR2026,M82032,SEVERN FIELDS MEDICAL PRACTICE,EMIS,U60057,SHREWSBURY PCN,M2L0M,"NHS Shropshire, Telford and Wrekin ICB - M2L0M",Other Practice staff,Face-to-Face,General Consultation Routine,22 to 28 Days,3,Attended
01MAR2026,M82032,SEVERN FIELDS MEDICAL PRACTICE,EMIS,U60057,SHREWSBURY PCN,M2L0M,"NHS Shropshire, Telford and Wrekin ICB - M2L0M",GP,Face-to-Face,General Consultation Routine,Same Day,1,DNA
01MAR2026,M82032,SEVERN FIELDS MEDICAL PRACTICE,EMIS,U60057,SHREWSBURY PCN,M2L0M,"NHS Shropshire, Telford and Wrekin ICB - M2L0M",Other Practice staff,Face-to-Face,General Consultation Routine,2 to 7 Days,36,Attended
01MAR2026,M82032,SEVERN FIELDS MEDICAL PRACTICE,EMIS,U60057,SHREWSBURY PCN,M2L0M,"NHS Shropshire, Telford and Wrekin ICB - M2L0M",Other Practice staff,Face-to-Face,General Consultation Routine,15 to 21 Days,5,Attended
01MAR2026,M82032,SEVERN FIELDS MEDICAL PRACTICE,EMIS,U60057,SHREWSBURY PCN,M2L0M,"NHS Shropshire, Telford and Wrekin ICB - M2L0M",GP,Face-to-Face,Planned Clinical Procedure,2 to 7 Days,3,Attended
01MAR2026,M82032,SEVERN FIELDS MEDICAL PRACTICE,EMIS,U60057,SHREWSBURY PCN,M2L0M,"NHS Shropshire, Telford and Wrekin ICB - M2L0M",Other Practice staff,Face-to-Face,Planned Clinical Procedure,8 to 14 Days,261,Attended
01MAR2026,M82032,SEVERN FIELDS MEDICAL PRACTICE,EMIS,U60057,SHREWSBURY PCN,M2L0M,"NHS Shropshire, Telford and Wrekin ICB - M2L0M",Other Practice staff,Face-to-Face,General Consultation Routine,1 Day,8,Attended
01MAR2026,M82032,SEVERN FIELDS MEDICAL PRACTICE,EMIS,U60057,SHREWSBURY PCN,M2L0M,"NHS Shropshire, Telford and Wrekin ICB - M2L0M",GP,Face-to-Face,General Consultation Routine,More than 28 Days,2,Unknown
01MAR2026,M82032,SEVERN FIELDS MEDICAL PRACTICE,EMIS,U60057,SHREWSBURY PCN,M2L0M,"NHS Shropshire, Telford and Wrekin ICB - M2L0M",Other Practice staff,Face-to-Face,General Consultation Acute,Same Day,11,DNA
01MAR2026,M82032,SEVERN FIELDS MEDICAL PRACTICE,EMIS,U60057,SHREWSBURY PCN,M2L0M,"NHS Shropshire, Telford and Wrekin ICB - M2L0M",Other Practice staff,Face-to-Face,General Consultation Acute,8 to 14 Days,8,Attended
01MAR2026,M82032,SEVERN FIELDS MEDICAL PRACTICE,EMIS,U60057,SHREWSBURY PCN,M2L0M,"NHS Shropshire, Telford and Wrekin ICB - M2L0M",GP,Face-to-Face,General Consultation Routine,More than 28 Days,168,Attended
01MAR2026,M82032,SEVERN FIELDS MEDICAL PRACTICE,EMIS,U60057,SHREWSBURY PCN,M2L0M,"NHS Shropshire, Telford and Wrekin ICB - M2L0M",Other Practice staff,Face-to-Face,General Consultation Acute,2 to 7 Days,93,Attended
01MAR2026,M82032,SEVERN FIELDS MEDICAL PRACTICE,EMIS,U60057,SHREWSBURY PCN,M2L0M,"NHS Shropshire, Telford and Wrekin ICB - M2L0M",GP,Face-to-Face,Planned Clinics,22 to 28 Days,15,Attended
01MAR2026,M82032,SEVERN FIELDS MEDICAL PRACTICE,EMIS,U60057,SHREWSBURY PCN,M2L0M,"NHS Shropshire, Telford and Wrekin ICB - M2L0M",Other Practice staff,Face-to-Face,General Consultation Acute,2 to 7 Days,4,DNA
01MAR2026,M82032,SEVERN FIELDS MEDICAL PRACTICE,EMIS,U60057,SHREWSBURY PCN,M2L0M,"NHS Shropshire, Telford and Wrekin ICB - M2L0M",Other Practice staff,Face-to-Face,Planned Clinics,2 to 7 Days,50,Attended
01MAR2026,M82032,SEVERN FIELDS MEDICAL PRACTICE,EMIS,U60057,SHREWSBURY PCN,M2L0M,"NHS Shropshire, Telford and Wrekin ICB - M2L0M",Other Practice staff,Face-to-Face,General Consultation Acute,Same Day,247,Attended
01MAR2026,M82032,SEVERN FIELDS MEDICAL PRACTICE,EMIS,U60057,SHREWSBURY PCN,M2L0M,"NHS Shropshire, Telford and Wrekin ICB - M2L0M",Other Practice staff,Face-to-Face,General Consultation Acute,15 to 21 Days,1,Attended
01MAR2026,M82032,SEVERN FIELDS MEDICAL PRACTICE,EMIS,U60057,SHREWSBURY PCN,M2L0M,"NHS Shropshire, Telford and Wrekin ICB - M2L0M",Other Practice staff,Face-to-Face,Planned Clinics,1 Day,5,Attended
01MAR2026,M82032,SEVERN FIELDS MEDICAL PRACTICE,EMIS,U60057,SHREWSBURY PCN,M2L0M,"NHS Shropshire, Telford and Wrekin ICB - M2L0M",Other Practice staff,Face-to-Face,General Consultation Routine,15 to 21 Days,1,DNA
01MAR2026,M82032,SEVERN FIELDS MEDICAL PRACTICE,EMIS,U60057,SHREWSBURY PCN,M2L0M,"NHS Shropshire, Telford and Wrekin ICB - M2L0M",Other Practice staff,Face-to-Face,Planned Clinical Procedure,More than 28 Days,9,DNA
01MAR2026,M82032,SEVERN FIELDS MEDICAL PRACTICE,EMIS,U60057,SHREWSBURY PCN,M2L0M,"NHS Shropshire, Telford and Wrekin ICB - M2L0M",Other Practice staff,Face-to-Face,General Consultation Routine,2 to 7 Days,4,DNA
01MAR2026,M82032,SEVERN FIELDS MEDICAL PRACTICE,EMIS,U60057,SHREWSBURY PCN,M2L0M,"NHS Shropshire, Telford and Wrekin ICB - M2L0M",Other Practice staff,Face-to-Face,Planned Clinical Procedure,More than 28 Days,100,Attended
01MAR2026,M82032,SEVERN FIELDS MEDICAL PRACTICE,EMIS,U60057,SHREWSBURY PCN,M2L0M,"NHS Shropshire, Telford and Wrekin ICB - M2L0M",Other Practice staff,Face-to-Face,General Consultation Routine,22 to 28 Days,1,DNA
01MAR2026,M82032,SEVERN FIELDS MEDICAL PRACTICE,EMIS,U60057,SHREWSBURY PCN,M2L0M,"NHS Shropshire, Telford and Wrekin ICB - M2L0M",Other Practice staff,Face-to-Face,Planned Clinical Procedure,2 to 7 Days,2,Unknown
01MAR2026,M82032,SEVERN FIELDS MEDICAL PRACTICE,EMIS,U60057,SHREWSBURY PCN,M2L0M,"NHS Shropshire, Telford and Wrekin ICB - M2L0M",Other Practice staff,Face-to-Face,General Consultation Routine,8 to 14 Days,2,DNA
01MAR2026,M82032,SEVERN FIELDS MEDICAL PRACTICE,EMIS,U60057,SHREWSBURY PCN,M2L0M,"NHS Shropshire, Telford and Wrekin ICB - M2L0M",GP,Face-to-Face,Planned Clinical Procedure,More than 28 Days,1,Attended
01MAR2026,M82032,SEVERN FIELDS MEDICAL PRACTICE,EMIS,U60057,SHREWSBURY PCN,M2L0M,"NHS Shropshire, Telford and Wrekin ICB - M2L0M",Other Practice staff,Face-to-Face,General Consultation Routine,More than 28 Days,3,Attended
01MAR2026,M82032,SEVERN FIELDS MEDICAL PRACTICE,EMIS,U60057,SHREWSBURY PCN,M2L0M,"NHS Shropshire, Telford and Wrekin ICB - M2L0M",GP,Face-to-Face,General Consultation Routine,8 to 14 Days,6,DNA
01MAR2026,M82032,SEVERN FIELDS MEDICAL PRACTICE,EMIS,U60057,SHREWSBURY PCN,M2L0M,"NHS Shropshire, Telford and Wrekin ICB - M2L0M",Other Practice staff,Face-to-Face,General Consultation Acute,1 Day,3,DNA
01MAR2026,M82032,SEVERN FIELDS MEDICAL PRACTICE,EMIS,U60057,SHREWSBURY PCN,M2L0M,"NHS Shropshire, Telford and Wrekin ICB - M2L0M",Other Practice staff,Face-to-Face,General Consultation Routine,Same Day,15,Attended
01MAR2026,M82032,SEVERN FIELDS MEDICAL PRACTICE,EMIS,U60057,SHREWSBURY PCN,M2L0M,"NHS Shropshire, Telford and Wrekin ICB - M2L0M",Other Practice staff,Face-to-Face,Planned Clinical Procedure,15 to 21 Days,6,Unknown
01MAR2026,M82032,SEVERN FIELDS MEDICAL PRACTICE,EMIS,U60057,SHREWSBURY PCN,M2L0M,"NHS Shropshire, Telford and Wrekin ICB - M2L0M",Other Practice staff,Face-to-Face,Inconsistent Mapping,1 Day,22,Attended
01MAR2026,M82032,SEVERN FIELDS MEDICAL PRACTICE,EMIS,U60057,SHREWSBURY PCN,M2L0M,"NHS Shropshire, Telford and Wrekin ICB - M2L0M",Other Practice staff,Face-to-Face,Inconsistent Mapping,15 to 21 Days,1,DNA
01MAR2026,M82032,SEVERN FIELDS MEDICAL PRACTICE,EMIS,U60057,SHREWSBURY PCN,M2L0M,"NHS Shropshire, Telford and Wrekin ICB - M2L0M",GP,Face-to-Face,Planned Clinical Procedure,15 to 21 Days,6,Attended
01MAR2026,M82032,SEVERN FIELDS MEDICAL PRACTICE,EMIS,U60057,SHREWSBURY PCN,M2L0M,"NHS Shropshire, Telford and Wrekin ICB - M2L0M",Other Practice staff,Face-to-Face,Inconsistent Mapping,2 to 7 Days,60,Attended
01MAR2026,M82032,SEVERN FIELDS MEDICAL PRACTICE,EMIS,U60057,SHREWSBURY PCN,M2L0M,"NHS Shropshire, Telford and Wrekin ICB - M2L0M",Other Practice staff,Face-to-Face,Inconsistent Mapping,More than 28 Days,2,Attended
01MAR2026,M82032,SEVERN FIELDS MEDICAL PRACTICE,EMIS,U60057,SHREWSBURY PCN,M2L0M,"NHS Shropshire, Telford and Wrekin ICB - M2L0M",Other Practice staff,Face-to-Face,Inconsistent Mapping,22 to 28 Days,28,Attended
01MAR2026,M82032,SEVERN FIELDS MEDICAL PRACTICE,EMIS,U60057,SHREWSBURY PCN,M2L0M,"NHS Shropshire, Telford and Wrekin ICB - M2L0M",GP,Face-to-Face,Inconsistent Mapping,Same Day,1,Unknown
01MAR2026,M82032,SEVERN FIELDS MEDICAL PRACTICE,EMIS,U60057,SHREWSBURY PCN,M2L0M,"NHS Shropshire, Telford and Wrekin ICB - M2L0M",Other Practice staff,Face-to-Face,Inconsistent Mapping,8 to 14 Days,33,Attended
01MAR2026,M82032,SEVERN FIELDS MEDICAL PRACTICE,EMIS,U60057,SHREWSBURY PCN,M2L0M,"NHS Shropshire, Telford and Wrekin ICB - M2L0M",GP,Face-to-Face,Planned Clinics,More than 28 Days,34,Attended
01MAR2026,M82032,SEVERN FIELDS MEDICAL PRACTICE,EMIS,U60057,SHREWSBURY PCN,M2L0M,"NHS Shropshire, Telford and Wrekin ICB - M2L0M",Other Practice staff,Face-to-Face,General Consultation Acute,1 Day,59,Attended
01MAR2026,M82032,SEVERN FIELDS MEDICAL PRACTICE,EMIS,U60057,SHREWSBURY PCN,M2L0M,"NHS Shropshire, Telford and Wrekin ICB - M2L0M",GP,Face-to-Face,General Consultation Routine,8 to 14 Days,71,Attended
01MAR2026,M82032,SEVERN FIELDS MEDICAL PRACTICE,EMIS,U60057,SHREWSBURY PCN,M2L0M,"NHS Shropshire, Telford and Wrekin ICB - M2L0M",Other Practice staff,Face-to-Face,Clinical Triage,Same Day,1,Unknown
01MAR2026,M82032,SEVERN FIELDS MEDICAL PRACTICE,EMIS,U60057,SHREWSBURY PCN,M2L0M,"NHS Shropshire, Telford and Wrekin ICB - M2L0M",GP,Face-to-Face,Non-contractual chargeable work,2 to 7 Days,1,DNA
01MAR2026,M82032,SEVERN FIELDS MEDICAL PRACTICE,EMIS,U60057,SHREWSBURY PCN,M2L0M,"NHS Shropshire, Telford and Wrekin ICB - M2L0M",Other Practice staff,Face-to-Face,Patient contact during Care Home Round,Same Day,1,Attended
01MAR2026,M82032,SEVERN FIELDS MEDICAL PRACTICE,EMIS,U60057,SHREWSBURY PCN,M2L0M,"NHS Shropshire, Telford and Wrekin ICB - M2L0M",Other Practice staff,Face-to-Face,Clinical Triage,Same Day,69,Attended
01MAR2026,M82032,SEVERN FIELDS MEDICAL PRACTICE,EMIS,U60057,SHREWSBURY PCN,M2L0M,"NHS Shropshire, Telford and Wrekin ICB - M2L0M",GP,Face-to-Face,Planned Clinical Procedure,1 Day,2,Attended
01MAR2026,M82032,SEVERN FIELDS MEDICAL PRACTICE,EMIS,U60057,SHREWSBURY PCN,M2L0M,"NHS Shropshire, Telford and Wrekin ICB - M2L0M",GP,Face-to-Face,General Consultation Routine,22 to 28 Days,13,DNA
01MAR2026,M82032,SEVERN FIELDS MEDICAL PRACTICE,EMIS,U60057,SHREWSBURY PCN,M2L0M,"NHS Shropshire, Telford and Wrekin ICB - M2L0M",Other Practice staff,Face-to-Face,Clinical Triage,8 to 14 Days,1,Attended
01MAR2026,M82032,SEVERN FIELDS MEDICAL PRACTICE,EMIS,U60057,SHREWSBURY PCN,M2L0M,"NHS Shropshire, Telford and Wrekin ICB - M2L0M",Unknown,Home Visit,Home Visit,Same Day,9,Attended
01MAR2026,M82032,SEVERN FIELDS MEDICAL PRACTICE,EMIS,U60057,SHREWSBURY PCN,M2L0M,"NHS Shropshire, Telford and Wrekin ICB - M2L0M",GP,Face-to-Face,Inconsistent Mapping,22 to 28 Days,1,Unknown
01MAR2026,M82032,SEVERN FIELDS MEDICAL PRACTICE,EMIS,U60057,SHREWSBURY PCN,M2L0M,"NHS Shropshire, Telford and Wrekin ICB - M2L0M",GP,Face-to-Face,General Consultation Routine,22 to 28 Days,118,Attended
01MAR2026,M82032,SEVERN FIELDS MEDICAL PRACTICE,EMIS,U60057,SHREWSBURY PCN,M2L0M,"NHS Shropshire, Telford and Wrekin ICB - M2L0M",GP,Video Conference/Online,Inconsistent Mapping,Same Day,10,Unknown
01MAR2026,M82032,SEVERN FIELDS MEDICAL PRACTICE,EMIS,U60057,SHREWSBURY PCN,M2L0M,"NHS Shropshire, Telford and Wrekin ICB - M2L0M",Unknown,Home Visit,Home Visit,2 to 7 Days,3,Attended
01MAR2026,M82032,SEVERN FIELDS MEDICAL PRACTICE,EMIS,U60057,SHREWSBURY PCN,M2L0M,"NHS Shropshire, Telford and Wrekin ICB - M2L0M",GP,Face-to-Face,Inconsistent Mapping,2 to 7 Days,183,Attended
01MAR2026,M82032,SEVERN FIELDS MEDICAL PRACTICE,EMIS,U60057,SHREWSBURY PCN,M2L0M,"NHS Shropshire, Telford and Wrekin ICB - M2L0M",Unknown,Home Visit,Home Visit,1 Day,6,Attended
01MAR2026,M82032,SEVERN FIELDS MEDICAL PRACTICE,EMIS,U60057,SHREWSBURY PCN,M2L0M,"NHS Shropshire, Telford and Wrekin ICB - M2L0M",GP,Video Conference/Online,Inconsistent Mapping,8 to 14 Days,3,Unknown
01MAR2026,M82032,SEVERN FIELDS MEDICAL PRACTICE,EMIS,U60057,SHREWSBURY PCN,M2L0M,"NHS Shropshire, Telford and Wrekin ICB - M2L0M",Unknown,Face-to-Face,Planned Clinics,Same Day,206,Unknown
01MAR2026,M82032,SEVERN FIELDS MEDICAL PRACTICE,EMIS,U60057,SHREWSBURY PCN,M2L0M,"NHS Shropshire, Telford and Wrekin ICB - M2L0M",Unknown,Face-to-Face,Planned Clinics,2 to 7 Days,10,Unknown
01MAR2026,M82032,SEVERN FIELDS MEDICAL PRACTICE,EMIS,U60057,SHREWSBURY PCN,M2L0M,"NHS Shropshire, Telford and Wrekin ICB - M2L0M",Other Practice staff,Face-to-Face,Planned Clinics,8 to 14 Days,65,Attended
01MAR2026,M82032,SEVERN FIELDS MEDICAL PRACTICE,EMIS,U60057,SHREWSBURY PCN,M2L0M,"NHS Shropshire, Telford and Wrekin ICB - M2L0M",Unknown,Face-to-Face,Planned Clinics,2 to 7 Days,5,Attended
01MAR2026,M82032,SEVERN FIELDS MEDICAL PRACTICE,EMIS,U60057,SHREWSBURY PCN,M2L0M,"NHS Shropshire, Telford and Wrekin ICB - M2L0M",GP,Face-to-Face,General Consultation Routine,2 to 7 Days,49,Attended
01MAR2026,M82032,SEVERN FIELDS MEDICAL PRACTICE,EMIS,U60057,SHREWSBURY PCN,M2L0M,"NHS Shropshire, Telford and Wrekin ICB - M2L0M",GP,Video Conference/Online,Inconsistent Mapping,2 to 7 Days,12,Unknown
01MAR2026,M82032,SEVERN FIELDS MEDICAL PRACTICE,EMIS,U60057,SHREWSBURY PCN,M2L0M,"NHS Shropshire, Telford and Wrekin ICB - M2L0M",Unknown,Face-to-Face,Planned Clinics,1 Day,2,Unknown
01MAR2026,M82032,SEVERN FIELDS MEDICAL PRACTICE,EMIS,U60057,SHREWSBURY PCN,M2L0M,"NHS Shropshire, Telford and Wrekin ICB - M2L0M",GP,Face-to-Face,Inconsistent Mapping,1 Day,13,Attended
01MAR2026,M82032,SEVERN FIELDS MEDICAL PRACTICE,EMIS,U60057,SHREWSBURY PCN,M2L0M,"NHS Shropshire, Telford and Wrekin ICB - M2L0M",GP,Face-to-Face,Planned Clinical Procedure,Same Day,4,Attended
01MAR2026,M82032,SEVERN FIELDS MEDICAL PRACTICE,EMIS,U60057,SHREWSBURY PCN,M2L0M,"NHS Shropshire, Telford and Wrekin ICB - M2L0M",GP,Face-to-Face,Planned Clinics,15 to 21 Days,15,Attended
01MAR2026,M82032,SEVERN FIELDS MEDICAL PRACTICE,EMIS,U60057,SHREWSBURY PCN,M2L0M,"NHS Shropshire, Telford and Wrekin ICB - M2L0M",Other Practice staff,Face-to-Face,Planned Clinics,2 to 7 Days,1,Unknown
01MAR2026,M82032,SEVERN FIELDS MEDICAL PRACTICE,EMIS,U60057,SHREWSBURY PCN,M2L0M,"NHS Shropshire, Telford and Wrekin ICB - M2L0M",Other Practice staff,Video Conference/Online,Unplanned Clinical Activity,Same Day,101,Attended
01MAR2026,M82032,SEVERN FIELDS MEDICAL PRACTICE,EMIS,U60057,SHREWSBURY PCN,M2L0M,"NHS Shropshire, Telford and Wrekin ICB - M2L0M",Other Practice staff,Face-to-Face,Planned Clinics,15 to 21 Days,13,DNA
01MAR2026,M82032,SEVERN FIELDS MEDICAL PRACTICE,EMIS,U60057,SHREWSBURY PCN,M2L0M,"NHS Shropshire, Telford and Wrekin ICB - M2L0M",GP,Face-to-Face,General Consultation Routine,More than 28 Days,17,DNA
01MAR2026,M82032,SEVERN FIELDS MEDICAL PRACTICE,EMIS,U60057,SHREWSBURY PCN,M2L0M,"NHS Shropshire, Telford and Wrekin ICB - M2L0M",GP,Video Conference/Online,Inconsistent Mapping,1 Day,8,Unknown
01MAR2026,M82032,SEVERN FIELDS MEDICAL PRACTICE,EMIS,U60057,SHREWSBURY PCN,M2L0M,"NHS Shropshire, Telford and Wrekin ICB - M2L0M",Other Practice staff,Video Conference/Online,Unplanned Clinical Activity,1 Day,2,Attended
01MAR2026,M82032,SEVERN FIELDS MEDICAL PRACTICE,EMIS,U60057,SHREWSBURY PCN,M2L0M,"NHS Shropshire, Telford and Wrekin ICB - M2L0M",Other Practice staff,Video Conference/Online,Patient contact during Care Home Round,2 to 7 Days,2,Unknown
01MAR2026,M82032,SEVERN FIELDS MEDICAL PRACTICE,EMIS,U60057,SHREWSBURY PCN,M2L0M,"NHS Shropshire, Telford and Wrekin ICB - M2L0M",GP,Face-to-Face,Planned Clinics,8 to 14 Days,2,DNA
01MAR2026,M82032,SEVERN FIELDS MEDICAL PRACTICE,EMIS,U60057,SHREWSBURY PCN,M2L0M,"NHS Shropshire, Telford and Wrekin ICB - M2L0M",GP,Face-to-Face,General Consultation Routine,15 to 21 Days,223,Attended
01MAR2026,M82032,SEVERN FIELDS MEDICAL PRACTICE,EMIS,U60057,SHREWSBURY PCN,M2L0M,"NHS Shropshire, Telford and Wrekin ICB - M2L0M",GP,Telephone,Planned Clinics,Same Day,19,Attended
01MAR2026,M82032,SEVERN FIELDS MEDICAL PRACTICE,EMIS,U60057,SHREWSBURY PCN,M2L0M,"NHS Shropshire, Telford and Wrekin ICB - M2L0M",Other Practice staff,Video Conference/Online,Patient contact during Care Home Round,1 Day,4,Attended
01MAR2026,M82032,SEVERN FIELDS MEDICAL PRACTICE,EMIS,U60057,SHREWSBURY PCN,M2L0M,"NHS Shropshire, Telford and Wrekin ICB - M2L0M",GP,Face-to-Face,Planned Clinics,More than 28 Days,1,DNA
01MAR2026,M82032,SEVERN FIELDS MEDICAL PRACTICE,EMIS,U60057,SHREWSBURY PCN,M2L0M,"NHS Shropshire, Telford and Wrekin ICB - M2L0M",Other Practice staff,Face-to-Face,Planned Clinics,8 to 14 Days,1,Unknown
01MAR2026,M82032,SEVERN FIELDS MEDICAL PRACTICE,EMIS,U60057,SHREWSBURY PCN,M2L0M,"NHS Shropshire, Telford and Wrekin ICB - M2L0M",Other Practice staff,Video Conference/Online,Inconsistent Mapping,2 to 7 Days,4,Unknown
01MAR2026,M82032,SEVERN FIELDS MEDICAL PRACTICE,EMIS,U60057,SHREWSBURY PCN,M2L0M,"NHS Shropshire, Telford and Wrekin ICB - M2L0M",GP,Telephone,Planned Clinics,More than 28 Days,48,Attended
01MAR2026,M82032,SEVERN FIELDS MEDICAL PRACTICE,EMIS,U60057,SHREWSBURY PCN,M2L0M,"NHS Shropshire, Telford and Wrekin ICB - M2L0M",Other Practice staff,Video Conference/Online,Inconsistent Mapping,1 Day,1,Unknown
01MAR2026,M82032,SEVERN FIELDS MEDICAL PRACTICE,EMIS,U60057,SHREWSBURY PCN,M2L0M,"NHS Shropshire, Telford and Wrekin ICB - M2L0M",Other Practice staff,Face-to-Face,Planned Clinics,Same Day,50,Attended
01MAR2026,M82032,SEVERN FIELDS MEDICAL PRACTICE,EMIS,U60057,SHREWSBURY PCN,M2L0M,"NHS Shropshire, Telford and Wrekin ICB - M2L0M",Other Practice staff,Telephone,Clinical Triage,1 Day,70,Attended
01MAR2026,M82032,SEVERN FIELDS MEDICAL PRACTICE,EMIS,U60057,SHREWSBURY PCN,M2L0M,"NHS Shropshire, Telford and Wrekin ICB - M2L0M",GP,Telephone,Clinical Triage,2 to 7 Days,3,DNA
01MAR2026,M82032,SEVERN FIELDS MEDICAL PRACTICE,EMIS,U60057,SHREWSBURY PCN,M2L0M,"NHS Shropshire, Telford and Wrekin ICB - M2L0M",Other Practice staff,Telephone,Clinical Triage,15 to 21 Days,2,Attended
01MAR2026,M82032,SEVERN FIELDS MEDICAL PRACTICE,EMIS,U60057,SHREWSBURY PCN,M2L0M,"NHS Shropshire, Telford and Wrekin ICB - M2L0M",Other Practice staff,Telephone,Unplanned Clinical Activity,Same Day,3,Unknown
01MAR2026,M82032,SEVERN FIELDS MEDICAL PRACTICE,EMIS,U60057,SHREWSBURY PCN,M2L0M,"NHS Shropshire, Telford and Wrekin ICB - M2L0M",Other Practice staff,Telephone,Unplanned Clinical Activity,Same Day,2,DNA
01MAR2026,M82032,SEVERN FIELDS MEDICAL PRACTICE,EMIS,U60057,SHREWSBURY PCN,M2L0M,"NHS Shropshire, Telford and Wrekin ICB - M2L0M",GP,Face-to-Face,General Consultation Routine,1 Day,20,Attended
01MAR2026,M82032,SEVERN FIELDS MEDICAL PRACTICE,EMIS,U60057,SHREWSBURY PCN,M2L0M,"NHS Shropshire, Telford and Wrekin ICB - M2L0M",GP,Telephone,Planned Clinics,8 to 14 Days,36,Attended
01MAR2026,M82032,SEVERN FIELDS MEDICAL PRACTICE,EMIS,U60057,SHREWSBURY PCN,M2L0M,"NHS Shropshire, Telford and Wrekin ICB - M2L0M",Other Practice staff,Telephone,Unplanned Clinical Activity,Same Day,131,Attended
01MAR2026,M82032,SEVERN FIELDS MEDICAL PRACTICE,EMIS,U60057,SHREWSBURY PCN,M2L0M,"NHS Shropshire, Telford and Wrekin ICB - M2L0M",GP,Telephone,Clinical Triage,Same Day,6,DNA
01MAR2026,M82032,SEVERN FIELDS MEDICAL PRACTICE,EMIS,U60057,SHREWSBURY PCN,M2L0M,"NHS Shropshire, Telford and Wrekin ICB - M2L0M",Other Practice staff,Telephone,Clinical Triage,8 to 14 Days,1,DNA
01MAR2026,M82032,SEVERN FIELDS MEDICAL PRACTICE,EMIS,U60057,SHREWSBURY PCN,M2L0M,"NHS Shropshire, Telford and Wrekin ICB - M2L0M",GP,Face-to-Face,General Consultation Acute,1 Day,8,Attended
01MAR2026,M82032,SEVERN FIELDS MEDICAL PRACTICE,EMIS,U60057,SHREWSBURY PCN,M2L0M,"NHS Shropshire, Telford and Wrekin ICB - M2L0M",Other Practice staff,Telephone,Clinical Triage,Same Day,66,Attended
01MAR2026,M82032,SEVERN FIELDS MEDICAL PRACTICE,EMIS,U60057,SHREWSBURY PCN,M2L0M,"NHS Shropshire, Telford and Wrekin ICB - M2L0M",GP,Telephone,General Consultation Routine,1 Day,10,Attended
01MAR2026,M82032,SEVERN FIELDS MEDICAL PRACTICE,EMIS,U60057,SHREWSBURY PCN,M2L0M,"NHS Shropshire, Telford and Wrekin ICB - M2L0M",Other Practice staff,Telephone,Clinical Triage,Same Day,2,Unknown
01MAR2026,M82032,SEVERN FIELDS MEDICAL PRACTICE,EMIS,U60057,SHREWSBURY PCN,M2L0M,"NHS Shropshire, Telford and Wrekin ICB - M2L0M",GP,Telephone,General Consultation Routine,15 to 21 Days,1,Unknown
01MAR2026,M82032,SEVERN FIELDS MEDICAL PRACTICE,EMIS,U60057,SHREWSBURY PCN,M2L0M,"NHS Shropshire, Telford and Wrekin ICB - M2L0M",Other Practice staff,Telephone,Inconsistent Mapping,Same Day,242,Attended
01MAR2026,M82032,SEVERN FIELDS MEDICAL PRACTICE,EMIS,U60057,SHREWSBURY PCN,M2L0M,"NHS Shropshire, Telford and Wrekin ICB - M2L0M",GP,Face-to-Face,General Consultation Acute,2 to 7 Days,14,Attended
01MAR2026,M82032,SEVERN FIELDS MEDICAL PRACTICE,EMIS,U60057,SHREWSBURY PCN,M2L0M,"NHS Shropshire, Telford and Wrekin ICB - M2L0M",Other Practice staff,Telephone,Planned Clinics,1 Day,5,DNA
01MAR2026,M82032,SEVERN FIELDS MEDICAL PRACTICE,EMIS,U60057,SHREWSBURY PCN,M2L0M,"NHS Shropshire, Telford and Wrekin ICB - M2L0M",GP,Telephone,General Consultation Routine,22 to 28 Days,28,Attended
01MAR2026,M82032,SEVERN FIELDS MEDICAL PRACTICE,EMIS,U60057,SHREWSBURY PCN,M2L0M,"NHS Shropshire, Telford and Wrekin ICB - M2L0M",Other Practice staff,Telephone,Planned Clinics,15 to 21 Days,5,DNA
01MAR2026,M82032,SEVERN FIELDS MEDICAL PRACTICE,EMIS,U60057,SHREWSBURY PCN,M2L0M,"NHS Shropshire, Telford and Wrekin ICB - M2L0M",Other Practice staff,Telephone,Planned Clinics,2 to 7 Days,96,Attended
01MAR2026,M82032,SEVERN FIELDS MEDICAL PRACTICE,EMIS,U60057,SHREWSBURY PCN,M2L0M,"NHS Shropshire, Telford and Wrekin ICB - M2L0M",GP,Telephone,General Consultation Routine,8 to 14 Days,29,Attended
01MAR2026,M82032,SEVERN FIELDS MEDICAL PRACTICE,EMIS,U60057,SHREWSBURY PCN,M2L0M,"NHS Shropshire, Telford and Wrekin ICB - M2L0M",Other Practice staff,Telephone,Planned Clinics,2 to 7 Days,2,Unknown
01MAR2026,M82032,SEVERN FIELDS MEDICAL PRACTICE,EMIS,U60057,SHREWSBURY PCN,M2L0M,"NHS Shropshire, Telford and Wrekin ICB - M2L0M",GP,Face-to-Face,General Consultation Acute,2 to 7 Days,1,Unknown
01MAR2026,M82032,SEVERN FIELDS MEDICAL PRACTICE,EMIS,U60057,SHREWSBURY PCN,M2L0M,"NHS Shropshire, Telford and Wrekin ICB - M2L0M",Other Practice staff,Telephone,Planned Clinics,22 to 28 Days,1,DNA
01MAR2026,M82032,SEVERN FIELDS MEDICAL PRACTICE,EMIS,U60057,SHREWSBURY PCN,M2L0M,"NHS Shropshire, Telford and Wrekin ICB - M2L0M",GP,Telephone,General Consultation Routine,More than 28 Days,3,DNA
01MAR2026,M82032,SEVERN FIELDS MEDICAL PRACTICE,EMIS,U60057,SHREWSBURY PCN,M2L0M,"NHS Shropshire, Telford and Wrekin ICB - M2L0M",Other Practice staff,Telephone,Planned Clinics,8 to 14 Days,2,DNA
01MAR2026,M82032,SEVERN FIELDS MEDICAL PRACTICE,EMIS,U60057,SHREWSBURY PCN,M2L0M,"NHS Shropshire, Telford and Wrekin ICB - M2L0M",Other Practice staff,Telephone,Unplanned Clinical Activity,8 to 14 Days,1,Attended
01MAR2026,M82032,SEVERN FIELDS MEDICAL PRACTICE,EMIS,U60057,SHREWSBURY PCN,M2L0M,"NHS Shropshire, Telford and Wrekin ICB - M2L0M",GP,Telephone,Planned Clinics,22 to 28 Days,57,Attended
01MAR2026,M82032,SEVERN FIELDS MEDICAL PRACTICE,EMIS,U60057,SHREWSBURY PCN,M2L0M,"NHS Shropshire, Telford and Wrekin ICB - M2L0M",Other Practice staff,Telephone,Unplanned Clinical Activity,2 to 7 Days,10,Attended
01MAR2026,M82032,SEVERN FIELDS MEDICAL PRACTICE,EMIS,U60057,SHREWSBURY PCN,M2L0M,"NHS Shropshire, Telford and Wrekin ICB - M2L0M",Other Practice staff,Telephone,Structured Medication Review,Same Day,1,Attended
01MAR2026,M82032,SEVERN FIELDS MEDICAL PRACTICE,EMIS,U60057,SHREWSBURY PCN,M2L0M,"NHS Shropshire, Telford and Wrekin ICB - M2L0M",GP,Face-to-Face,General Consultation Acute,Same Day,2,DNA
01MAR2026,M82032,SEVERN FIELDS MEDICAL PRACTICE,EMIS,U60057,SHREWSBURY PCN,M2L0M,"NHS Shropshire, Telford and Wrekin ICB - M2L0M",GP,Telephone,Planned Clinics,15 to 21 Days,1,Unknown
01MAR2026,M82032,SEVERN FIELDS MEDICAL PRACTICE,EMIS,U60057,SHREWSBURY PCN,M2L0M,"NHS Shropshire, Telford and Wrekin ICB - M2L0M",Other Practice staff,Telephone,Structured Medication Review,8 to 14 Days,1,Attended
01MAR2026,M82032,SEVERN FIELDS MEDICAL PRACTICE,EMIS,U60057,SHREWSBURY PCN,M2L0M,"NHS Shropshire, Telford and Wrekin ICB - M2L0M",Other Practice staff,Telephone,Structured Medication Review,22 to 28 Days,10,Attended
01MAR2026,M82032,SEVERN FIELDS MEDICAL PRACTICE,EMIS,U60057,SHREWSBURY PCN,M2L0M,"NHS Shropshire, Telford and Wrekin ICB - M2L0M",Other Practice staff,Telephone,Structured Medication Review,More than 28 Days,13,Attended
01MAR2026,M82032,SEVERN FIELDS MEDICAL PRACTICE,EMIS,U60057,SHREWSBURY PCN,M2L0M,"NHS Shropshire, Telford and Wrekin ICB - M2L0M",GP,Telephone,Planned Clinics,2 to 7 Days,19,Attended
01MAR2026,M82032,SEVERN FIELDS MEDICAL PRACTICE,EMIS,U60057,SHREWSBURY PCN,M2L0M,"NHS Shropshire, Telford and Wrekin ICB - M2L0M",Other Practice staff,Telephone,Unplanned Clinical Activity,1 Day,3,Attended
01MAR2026,M82032,SEVERN FIELDS MEDICAL PRACTICE,EMIS,U60057,SHREWSBURY PCN,M2L0M,"NHS Shropshire, Telford and Wrekin ICB - M2L0M",GP,Face-to-Face,General Consultation Acute,Same Day,4,Unknown
01MAR2026,M82032,SEVERN FIELDS MEDICAL PRACTICE,EMIS,U60057,SHREWSBURY PCN,M2L0M,"NHS Shropshire, Telford and Wrekin ICB - M2L0M",Other Practice staff,Telephone,Unplanned Clinical Activity,2 to 7 Days,1,Unknown
01MAR2026,M82032,SEVERN FIELDS MEDICAL PRACTICE,EMIS,U60057,SHREWSBURY PCN,M2L0M,"NHS Shropshire, Telford and Wrekin ICB - M2L0M",GP,Telephone,Planned Clinics,22 to 28 Days,1,Unknown
01MAR2026,M82032,SEVERN FIELDS MEDICAL PRACTICE,EMIS,U60057,SHREWSBURY PCN,M2L0M,"NHS Shropshire, Telford and Wrekin ICB - M2L0M",Other Practice staff,Telephone,Unplanned Clinical Activity,More than 28 Days,1,Attended
01MAR2026,M82032,SEVERN FIELDS MEDICAL PRACTICE,EMIS,U60057,SHREWSBURY PCN,M2L0M,"NHS Shropshire, Telford and Wrekin ICB - M2L0M",GP,Telephone,Planned Clinics,15 to 21 Days,19,Attended
01MAR2026,M82032,SEVERN FIELDS MEDICAL PRACTICE,EMIS,U60057,SHREWSBURY PCN,M2L0M,"NHS Shropshire, Telford and Wrekin ICB - M2L0M",Other Practice staff,Telephone,Structured Medication Review,2 to 7 Days,1,Attended
01MAR2026,M82032,SEVERN FIELDS MEDICAL PRACTICE,EMIS,U60057,SHREWSBURY PCN,M2L0M,"NHS Shropshire, Telford and Wrekin ICB - M2L0M",GP,Telephone,Planned Clinics,8 to 14 Days,1,Unknown
01MAR2026,M82032,SEVERN FIELDS MEDICAL PRACTICE,EMIS,U60057,SHREWSBURY PCN,M2L0M,"NHS Shropshire, Telford and Wrekin ICB - M2L0M",Other Practice staff,Video Conference/Online,Inconsistent Mapping,1 Day,3,Attended
01MAR2026,M82032,SEVERN FIELDS MEDICAL PRACTICE,EMIS,U60057,SHREWSBURY PCN,M2L0M,"NHS Shropshire, Telford and Wrekin ICB - M2L0M",GP,Face-to-Face,General Consultation Routine,1 Day,2,DNA
01MAR2026,M82032,SEVERN FIELDS MEDICAL PRACTICE,EMIS,U60057,SHREWSBURY PCN,M2L0M,"NHS Shropshire, Telford and Wrekin ICB - M2L0M",Other Practice staff,Video Conference/Online,Inconsistent Mapping,2 to 7 Days,15,Attended
01MAR2026,M82032,SEVERN FIELDS MEDICAL PRACTICE,EMIS,U60057,SHREWSBURY PCN,M2L0M,"NHS Shropshire, Telford and Wrekin ICB - M2L0M",GP,Telephone,Planned Clinics,More than 28 Days,2,DNA
01MAR2026,M82032,SEVERN FIELDS MEDICAL PRACTICE,EMIS,U60057,SHREWSBURY PCN,M2L0M,"NHS Shropshire, Telford and Wrekin ICB - M2L0M",Other Practice staff,Video Conference/Online,Inconsistent Mapping,Same Day,137,Attended
01MAR2026,M82032,SEVERN FIELDS MEDICAL PRACTICE,EMIS,U60057,SHREWSBURY PCN,M2L0M,"NHS Shropshire, Telford and Wrekin ICB - M2L0M",Other Practice staff,Telephone,Structured Medication Review,15 to 21 Days,4,Attended
01MAR2026,M82032,SEVERN FIELDS MEDICAL PRACTICE,EMIS,U60057,SHREWSBURY PCN,M2L0M,"NHS Shropshire, Telford and Wrekin ICB - M2L0M",Other Practice staff,Video Conference/Online,Patient contact during Care Home Round,2 to 7 Days,5,Attended
01MAR2026,M82032,SEVERN FIELDS MEDICAL PRACTICE,EMIS,U60057,SHREWSBURY PCN,M2L0M,"NHS Shropshire, Telford and Wrekin ICB - M2L0M",GP,Video Conference/Online,Inconsistent Mapping,1 Day,21,Attended
01MAR2026,M82032,SEVERN FIELDS MEDICAL PRACTICE,EMIS,U60057,SHREWSBURY PCN,M2L0M,"NHS Shropshire, Telford and Wrekin ICB - M2L0M",Other Practice staff,Video Conference/Online,Patient contact during Care Home Round,Same Day,1,Attended
01MAR2026,M82032,SEVERN FIELDS MEDICAL PRACTICE,EMIS,U60057,SHREWSBURY PCN,M2L0M,"NHS Shropshire, Telford and Wrekin ICB - M2L0M",GP,Face-to-Face,General Consultation Routine,15 to 21 Days,25,DNA
01MAR2026,M82032,SEVERN FIELDS MEDICAL PRACTICE,EMIS,U60057,SHREWSBURY PCN,M2L0M,"NHS Shropshire, Telford and Wrekin ICB - M2L0M",Other Practice staff,Video Conference/Online,Unplanned Clinical Activity,2 to 7 Days,1,Attended
01MAR2026,M82032,SEVERN FIELDS MEDICAL PRACTICE,EMIS,U60057,SHREWSBURY PCN,M2L0M,"NHS Shropshire, Telford and Wrekin ICB - M2L0M",GP,Video Conference/Online,Inconsistent Mapping,2 to 7 Days,36,Attended
01MAR2026,M82032,SEVERN FIELDS MEDICAL PRACTICE,EMIS,U60057,SHREWSBURY PCN,M2L0M,"NHS Shropshire, Telford and Wrekin ICB - M2L0M",Other Practice staff,Video Conference/Online,Unplanned Clinical Activity,Same Day,27,Unknown
01MAR2026,M82032,SEVERN FIELDS MEDICAL PRACTICE,EMIS,U60057,SHREWSBURY PCN,M2L0M,"NHS Shropshire, Telford and Wrekin ICB - M2L0M",GP,Face-to-Face,General Consultation Acute,Same Day,414,Attended
01MAR2026,M82032,SEVERN FIELDS MEDICAL PRACTICE,EMIS,U60057,SHREWSBURY PCN,M2L0M,"NHS Shropshire, Telford and Wrekin ICB - M2L0M",GP,Telephone,Planned Clinics,1 Day,8,Attended
01MAR2026,M82032,SEVERN FIELDS MEDICAL PRACTICE,EMIS,U60057,SHREWSBURY PCN,M2L0M,"NHS Shropshire, Telford and Wrekin ICB - M2L0M",Other Practice staff,Telephone,Planned Clinics,Same Day,1,Unknown
01MAR2026,M82032,SEVERN FIELDS MEDICAL PRACTICE,EMIS,U60057,SHREWSBURY PCN,M2L0M,"NHS Shropshire, Telford and Wrekin ICB - M2L0M",Other Practice staff,Face-to-Face,Planned Clinics,1 Day,1,DNA
01MAR2026,M82032,SEVERN FIELDS MEDICAL PRACTICE,EMIS,U60057,SHREWSBURY PCN,M2L0M,"NHS Shropshire, Telford and Wrekin ICB - M2L0M",GP,Video Conference/Online,Inconsistent Mapping,8 to 14 Days,3,Attended
01MAR2026,M82032,SEVERN FIELDS MEDICAL PRACTICE,EMIS,U60057,SHREWSBURY PCN,M2L0M,"NHS Shropshire, Telford and Wrekin ICB - M2L0M",Unknown,Face-to-Face,Planned Clinics,8 to 14 Days,1,Attended
01MAR2026,M82032,SEVERN FIELDS MEDICAL PRACTICE,EMIS,U60057,SHREWSBURY PCN,M2L0M,"NHS Shropshire, Telford and Wrekin ICB - M2L0M",GP,Face-to-Face,General Consultation Routine,2 to 7 Days,5,DNA
01MAR2026,M82032,SEVERN FIELDS MEDICAL PRACTICE,EMIS,U60057,SHREWSBURY PCN,M2L0M,"NHS Shropshire, Telford and Wrekin ICB - M2L0M",Unknown,Face-to-Face,Planned Clinics,Unknown / Data Issue,1,Unknown
01MAR2026,M82032,SEVERN FIELDS MEDICAL PRACTICE,EMIS,U60057,SHREWSBURY PCN,M2L0M,"NHS Shropshire, Telford and Wrekin ICB - M2L0M",GP,Video Conference/Online,Inconsistent Mapping,Same Day,16,Attended
01MAR2026,M82032,SEVERN FIELDS MEDICAL PRACTICE,EMIS,U60057,SHREWSBURY PCN,M2L0M,"NHS Shropshire, Telford and Wrekin ICB - M2L0M",Unknown,Home Visit,Home Visit,1 Day,14,Unknown
01MAR2026,M82032,SEVERN FIELDS MEDICAL PRACTICE,EMIS,U60057,SHREWSBURY PCN,M2L0M,"NHS Shropshire, Telford and Wrekin ICB - M2L0M",Unknown,Home Visit,Home Visit,2 to 7 Days,6,Unknown
01MAR2026,M82032,SEVERN FIELDS MEDICAL PRACTICE,EMIS,U60057,SHREWSBURY PCN,M2L0M,"NHS Shropshire, Telford and Wrekin ICB - M2L0M",Other Practice staff,Face-to-Face,Clinical Triage,1 Day,2,Attended
01MAR2026,M82032,SEVERN FIELDS MEDICAL PRACTICE,EMIS,U60057,SHREWSBURY PCN,M2L0M,"NHS Shropshire, Telford and Wrekin ICB - M2L0M",Unknown,Home Visit,Home Visit,Same Day,30,Unknown
01MAR2026,M82032,SEVERN FIELDS MEDICAL PRACTICE,EMIS,U60057,SHREWSBURY PCN,M2L0M,"NHS Shropshire, Telford and Wrekin ICB - M2L0M",Other Practice staff,Telephone,Planned Clinics,Same Day,2,DNA
01MAR2026,M82032,SEVERN FIELDS MEDICAL PRACTICE,EMIS,U60057,SHREWSBURY PCN,M2L0M,"NHS Shropshire, Telford and Wrekin ICB - M2L0M",GP,Face-to-Face,Planned Clinics,2 to 7 Days,4,Attended
01MAR2026,M82032,SEVERN FIELDS MEDICAL PRACTICE,EMIS,U60057,SHREWSBURY PCN,M2L0M,"NHS Shropshire, Telford and Wrekin ICB - M2L0M",GP,Telephone,General Consultation Routine,Same Day,3,Attended
01MAR2026,M82032,SEVERN FIELDS MEDICAL PRACTICE,EMIS,U60057,SHREWSBURY PCN,M2L0M,"NHS Shropshire, Telford and Wrekin ICB - M2L0M",Other Practice staff,Telephone,Planned Clinics,Same Day,92,Attended
01MAR2026,M82032,SEVERN FIELDS MEDICAL PRACTICE,EMIS,U60057,SHREWSBURY PCN,M2L0M,"NHS Shropshire, Telford and Wrekin ICB - M2L0M",Other Practice staff,Telephone,Planned Clinics,More than 28 Days,1,Unknown
01MAR2026,M82032,SEVERN FIELDS MEDICAL PRACTICE,EMIS,U60057,SHREWSBURY PCN,M2L0M,"NHS Shropshire, Telford and Wrekin ICB - M2L0M",GP,Face-to-Face,General Consultation Acute,8 to 14 Days,2,Attended
01MAR2026,M82032,SEVERN FIELDS MEDICAL PRACTICE,EMIS,U60057,SHREWSBURY PCN,M2L0M,"NHS Shropshire, Telford and Wrekin ICB - M2L0M",GP,Telephone,General Consultation Routine,More than 28 Days,1,Unknown
01MAR2026,M82032,SEVERN FIELDS MEDICAL PRACTICE,EMIS,U60057,SHREWSBURY PCN,M2L0M,"NHS Shropshire, Telford and Wrekin ICB - M2L0M",Other Practice staff,Telephone,Planned Clinics,More than 28 Days,18,Attended
01MAR2026,M82034,CLAREMONT BANK SURGERY,EMIS,U60057,SHREWSBURY PCN,M2L0M,"NHS Shropshire, Telford and Wrekin ICB - M2L0M",GP,Face-to-Face,General Consultation Routine,15 to 21 Days,6,Attended
01MAR2026,M82034,CLAREMONT BANK SURGERY,EMIS,U60057,SHREWSBURY PCN,M2L0M,"NHS Shropshire, Telford and Wrekin ICB - M2L0M",GP,Face-to-Face,General Consultation Acute,Same Day,5,DNA
01MAR2026,M82034,CLAREMONT BANK SURGERY,EMIS,U60057,SHREWSBURY PCN,M2L0M,"NHS Shropshire, Telford and Wrekin ICB - M2L0M",GP,Face-to-Face,General Consultation Acute,Same Day,566,Attended
01MAR2026,M82034,CLAREMONT BANK SURGERY,EMIS,U60057,SHREWSBURY PCN,M2L0M,"NHS Shropshire, Telford and Wrekin ICB - M2L0M",GP,Face-to-Face,General Consultation Acute,8 to 14 Days,9,Attended
01MAR2026,M82034,CLAREMONT BANK SURGERY,EMIS,U60057,SHREWSBURY PCN,M2L0M,"NHS Shropshire, Telford and Wrekin ICB - M2L0M",GP,Face-to-Face,General Consultation Acute,22 to 28 Days,2,Attended
01MAR2026,M82034,CLAREMONT BANK SURGERY,EMIS,U60057,SHREWSBURY PCN,M2L0M,"NHS Shropshire, Telford and Wrekin ICB - M2L0M",GP,Face-to-Face,General Consultation Acute,2 to 7 Days,3,DNA
01MAR2026,M82034,CLAREMONT BANK SURGERY,EMIS,U60057,SHREWSBURY PCN,M2L0M,"NHS Shropshire, Telford and Wrekin ICB - M2L0M",GP,Face-to-Face,General Consultation Acute,2 to 7 Days,16,Attended
01MAR2026,M82034,CLAREMONT BANK SURGERY,EMIS,U60057,SHREWSBURY PCN,M2L0M,"NHS Shropshire, Telford and Wrekin ICB - M2L0M",GP,Face-to-Face,General Consultation Acute,15 to 21 Days,6,Attended
01MAR2026,M82034,CLAREMONT BANK SURGERY,EMIS,U60057,SHREWSBURY PCN,M2L0M,"NHS Shropshire, Telford and Wrekin ICB - M2L0M",GP,Face-to-Face,General Consultation Acute,1 Day,7,Attended
01MAR2026,M82034,CLAREMONT BANK SURGERY,EMIS,U60057,SHREWSBURY PCN,M2L0M,"NHS Shropshire, Telford and Wrekin ICB - M2L0M",GP,Video Conference/Online,Inconsistent Mapping,Same Day,21,Unknown
01MAR2026,M82034,CLAREMONT BANK SURGERY,EMIS,U60057,SHREWSBURY PCN,M2L0M,"NHS Shropshire, Telford and Wrekin ICB - M2L0M",Other Practice staff,Face-to-Face,Planned Clinical Procedure,22 to 28 Days,21,Attended
01MAR2026,M82034,CLAREMONT BANK SURGERY,EMIS,U60057,SHREWSBURY PCN,M2L0M,"NHS Shropshire, Telford and Wrekin ICB - M2L0M",Other Practice staff,Telephone,Inconsistent Mapping,22 to 28 Days,2,Attended
01MAR2026,M82034,CLAREMONT BANK SURGERY,EMIS,U60057,SHREWSBURY PCN,M2L0M,"NHS Shropshire, Telford and Wrekin ICB - M2L0M",Other Practice staff,Face-to-Face,General Consultation Acute,8 to 14 Days,1,Attended
01MAR2026,M82034,CLAREMONT BANK SURGERY,EMIS,U60057,SHREWSBURY PCN,M2L0M,"NHS Shropshire, Telford and Wrekin ICB - M2L0M",Other Practice staff,Face-to-Face,Inconsistent Mapping,Same Day,4,Attended
01MAR2026,M82034,CLAREMONT BANK SURGERY,EMIS,U60057,SHREWSBURY PCN,M2L0M,"NHS Shropshire, Telford and Wrekin ICB - M2L0M",GP,Telephone,Inconsistent Mapping,1 Day,2,DNA
01MAR2026,M82034,CLAREMONT BANK SURGERY,EMIS,U60057,SHREWSBURY PCN,M2L0M,"NHS Shropshire, Telford and Wrekin ICB - M2L0M",Other Practice staff,Face-to-Face,Planned Clinical Procedure,Same Day,25,Attended
01MAR2026,M82034,CLAREMONT BANK SURGERY,EMIS,U60057,SHREWSBURY PCN,M2L0M,"NHS Shropshire, Telford and Wrekin ICB - M2L0M",Other Practice staff,Telephone,Inconsistent Mapping,More than 28 Days,2,Attended
01MAR2026,M82034,CLAREMONT BANK SURGERY,EMIS,U60057,SHREWSBURY PCN,M2L0M,"NHS Shropshire, Telford and Wrekin ICB - M2L0M",Other Practice staff,Face-to-Face,Planned Clinics,More than 28 Days,1,Unknown
01MAR2026,M82034,CLAREMONT BANK SURGERY,EMIS,U60057,SHREWSBURY PCN,M2L0M,"NHS Shropshire, Telford and Wrekin ICB - M2L0M",GP,Telephone,Patient contact during Care Home Round,8 to 14 Days,1,Attended
01MAR2026,M82034,CLAREMONT BANK SURGERY,EMIS,U60057,SHREWSBURY PCN,M2L0M,"NHS Shropshire, Telford and Wrekin ICB - M2L0M",Unknown,Telephone,Patient contact during Care Home Round,2 to 7 Days,2,Unknown
01MAR2026,M82034,CLAREMONT BANK SURGERY,EMIS,U60057,SHREWSBURY PCN,M2L0M,"NHS Shropshire, Telford and Wrekin ICB - M2L0M",Other Practice staff,Face-to-Face,Inconsistent Mapping,2 to 7 Days,1,Attended
01MAR2026,M82034,CLAREMONT BANK SURGERY,EMIS,U60057,SHREWSBURY PCN,M2L0M,"NHS Shropshire, Telford and Wrekin ICB - M2L0M",GP,Telephone,Inconsistent Mapping,22 to 28 Days,1,Unknown
01MAR2026,M82034,CLAREMONT BANK SURGERY,EMIS,U60057,SHREWSBURY PCN,M2L0M,"NHS Shropshire, Telford and Wrekin ICB - M2L0M",Other Practice staff,Face-to-Face,Planned Clinical Procedure,15 to 21 Days,5,Unknown
01MAR2026,M82034,CLAREMONT BANK SURGERY,EMIS,U60057,SHREWSBURY PCN,M2L0M,"NHS Shropshire, Telford and Wrekin ICB - M2L0M",GP,Telephone,General Consultation Routine,15 to 21 Days,8,Attended
01MAR2026,M82034,CLAREMONT BANK SURGERY,EMIS,U60057,SHREWSBURY PCN,M2L0M,"NHS Shropshire, Telford and Wrekin ICB - M2L0M",Other Practice staff,Face-to-Face,Planned Clinical Procedure,8 to 14 Days,2,Unknown
01MAR2026,M82034,CLAREMONT BANK SURGERY,EMIS,U60057,SHREWSBURY PCN,M2L0M,"NHS Shropshire, Telford and Wrekin ICB - M2L0M",Other Practice staff,Face-to-Face,Clinical Triage,15 to 21 Days,2,Attended
01MAR2026,M82034,CLAREMONT BANK SURGERY,EMIS,U60057,SHREWSBURY PCN,M2L0M,"NHS Shropshire, Telford and Wrekin ICB - M2L0M",GP,Video Conference/Online,Inconsistent Mapping,8 to 14 Days,2,Attended
01MAR2026,M82034,CLAREMONT BANK SURGERY,EMIS,U60057,SHREWSBURY PCN,M2L0M,"NHS Shropshire, Telford and Wrekin ICB - M2L0M",Other Practice staff,Face-to-Face,Clinical Triage,More than 28 Days,2,Attended
01MAR2026,M82034,CLAREMONT BANK SURGERY,EMIS,U60057,SHREWSBURY PCN,M2L0M,"NHS Shropshire, Telford and Wrekin ICB - M2L0M",Other Practice staff,Face-to-Face,Clinical Triage,22 to 28 Days,1,Attended
01MAR2026,M82034,CLAREMONT BANK SURGERY,EMIS,U60057,SHREWSBURY PCN,M2L0M,"NHS Shropshire, Telford and Wrekin ICB - M2L0M",Other Practice staff,Face-to-Face,General Consultation Routine,15 to 21 Days,3,Attended
01MAR2026,M82034,CLAREMONT BANK SURGERY,EMIS,U60057,SHREWSBURY PCN,M2L0M,"NHS Shropshire, Telford and Wrekin ICB - M2L0M",GP,Telephone,General Consultation Routine,2 to 7 Days,9,Attended
01MAR2026,M82034,CLAREMONT BANK SURGERY,EMIS,U60057,SHREWSBURY PCN,M2L0M,"NHS Shropshire, Telford and Wrekin ICB - M2L0M",Other Practice staff,Face-to-Face,Planned Clinical Procedure,2 to 7 Days,94,Attended
01MAR2026,M82034,CLAREMONT BANK SURGERY,EMIS,U60057,SHREWSBURY PCN,M2L0M,"NHS Shropshire, Telford and Wrekin ICB - M2L0M",Unknown,Home Visit,Inconsistent Mapping,1 Day,1,Unknown
01MAR2026,M82034,CLAREMONT BANK SURGERY,EMIS,U60057,SHREWSBURY PCN,M2L0M,"NHS Shropshire, Telford and Wrekin ICB - M2L0M",GP,Telephone,Inconsistent Mapping,More than 28 Days,2,Attended
01MAR2026,M82034,CLAREMONT BANK SURGERY,EMIS,U60057,SHREWSBURY PCN,M2L0M,"NHS Shropshire, Telford and Wrekin ICB - M2L0M",Other Practice staff,Face-to-Face,Planned Clinical Procedure,Same Day,1,DNA
01MAR2026,M82034,CLAREMONT BANK SURGERY,EMIS,U60057,SHREWSBURY PCN,M2L0M,"NHS Shropshire, Telford and Wrekin ICB - M2L0M",Other Practice staff,Face-to-Face,Inconsistent Mapping,1 Day,1,Attended
01MAR2026,M82034,CLAREMONT BANK SURGERY,EMIS,U60057,SHREWSBURY PCN,M2L0M,"NHS Shropshire, Telford and Wrekin ICB - M2L0M",GP,Face-to-Face,Planned Clinical Procedure,Same Day,1,DNA
01MAR2026,M82034,CLAREMONT BANK SURGERY,EMIS,U60057,SHREWSBURY PCN,M2L0M,"NHS Shropshire, Telford and Wrekin ICB - M2L0M",Other Practice staff,Face-to-Face,Inconsistent Mapping,8 to 14 Days,1,Attended
01MAR2026,M82034,CLAREMONT BANK SURGERY,EMIS,U60057,SHREWSBURY PCN,M2L0M,"NHS Shropshire, Telford and Wrekin ICB - M2L0M",GP,Telephone,Patient contact during Care Home Round,2 to 7 Days,3,Attended
01MAR2026,M82034,CLAREMONT BANK SURGERY,EMIS,U60057,SHREWSBURY PCN,M2L0M,"NHS Shropshire, Telford and Wrekin ICB - M2L0M",GP,Telephone,Patient contact during Care Home Round,1 Day,2,Attended
01MAR2026,M82034,CLAREMONT BANK SURGERY,EMIS,U60057,SHREWSBURY PCN,M2L0M,"NHS Shropshire, Telford and Wrekin ICB - M2L0M",GP,Face-to-Face,Planned Clinical Procedure,1 Day,1,DNA
01MAR2026,M82034,CLAREMONT BANK SURGERY,EMIS,U60057,SHREWSBURY PCN,M2L0M,"NHS Shropshire, Telford and Wrekin ICB - M2L0M",GP,Telephone,Inconsistent Mapping,15 to 21 Days,2,DNA
01MAR2026,M82034,CLAREMONT BANK SURGERY,EMIS,U60057,SHREWSBURY PCN,M2L0M,"NHS Shropshire, Telford and Wrekin ICB - M2L0M",Other Practice staff,Face-to-Face,Planned Clinics,22 to 28 Days,2,DNA
01MAR2026,M82034,CLAREMONT BANK SURGERY,EMIS,U60057,SHREWSBURY PCN,M2L0M,"NHS Shropshire, Telford and Wrekin ICB - M2L0M",Other Practice staff,Telephone,Planned Clinics,1 Day,1,Attended
01MAR2026,M82034,CLAREMONT BANK SURGERY,EMIS,U60057,SHREWSBURY PCN,M2L0M,"NHS Shropshire, Telford and Wrekin ICB - M2L0M",Other Practice staff,Face-to-Face,Planned Clinics,More than 28 Days,11,Attended
01MAR2026,M82034,CLAREMONT BANK SURGERY,EMIS,U60057,SHREWSBURY PCN,M2L0M,"NHS Shropshire, Telford and Wrekin ICB - M2L0M",GP,Telephone,General Consultation Routine,More than 28 Days,3,Attended
01MAR2026,M82034,CLAREMONT BANK SURGERY,EMIS,U60057,SHREWSBURY PCN,M2L0M,"NHS Shropshire, Telford and Wrekin ICB - M2L0M",GP,Face-to-Face,Planned Clinical Procedure,2 to 7 Days,42,Attended
01MAR2026,M82034,CLAREMONT BANK SURGERY,EMIS,U60057,SHREWSBURY PCN,M2L0M,"NHS Shropshire, Telford and Wrekin ICB - M2L0M",GP,Video Conference/Online,Inconsistent Mapping,Same Day,144,Attended
01MAR2026,M82034,CLAREMONT BANK SURGERY,EMIS,U60057,SHREWSBURY PCN,M2L0M,"NHS Shropshire, Telford and Wrekin ICB - M2L0M",GP,Face-to-Face,Planned Clinical Procedure,8 to 14 Days,1,DNA
01MAR2026,M82034,CLAREMONT BANK SURGERY,EMIS,U60057,SHREWSBURY PCN,M2L0M,"NHS Shropshire, Telford and Wrekin ICB - M2L0M",Other Practice staff,Face-to-Face,Clinical Triage,Same Day,1,Attended
01MAR2026,M82034,CLAREMONT BANK SURGERY,EMIS,U60057,SHREWSBURY PCN,M2L0M,"NHS Shropshire, Telford and Wrekin ICB - M2L0M",GP,Video Conference/Online,Inconsistent Mapping,2 to 7 Days,55,Attended
01MAR2026,M82034,CLAREMONT BANK SURGERY,EMIS,U60057,SHREWSBURY PCN,M2L0M,"NHS Shropshire, Telford and Wrekin ICB - M2L0M",GP,Face-to-Face,Planned Clinical Procedure,More than 28 Days,72,Attended
01MAR2026,M82034,CLAREMONT BANK SURGERY,EMIS,U60057,SHREWSBURY PCN,M2L0M,"NHS Shropshire, Telford and Wrekin ICB - M2L0M",Other Practice staff,Face-to-Face,Planned Clinics,2 to 7 Days,1,Unknown
01MAR2026,M82034,CLAREMONT BANK SURGERY,EMIS,U60057,SHREWSBURY PCN,M2L0M,"NHS Shropshire, Telford and Wrekin ICB - M2L0M",Other Practice staff,Face-to-Face,Planned Clinics,Same Day,1,Attended
01MAR2026,M82034,CLAREMONT BANK SURGERY,EMIS,U60057,SHREWSBURY PCN,M2L0M,"NHS Shropshire, Telford and Wrekin ICB - M2L0M",Unknown,Telephone,Patient contact during Care Home Round,15 to 21 Days,29,Unknown
01MAR2026,M82034,CLAREMONT BANK SURGERY,EMIS,U60057,SHREWSBURY PCN,M2L0M,"NHS Shropshire, Telford and Wrekin ICB - M2L0M",GP,Telephone,Inconsistent Mapping,15 to 21 Days,19,Attended
01MAR2026,M82034,CLAREMONT BANK SURGERY,EMIS,U60057,SHREWSBURY PCN,M2L0M,"NHS Shropshire, Telford and Wrekin ICB - M2L0M",GP,Telephone,Inconsistent Mapping,2 to 7 Days,6,Attended
01MAR2026,M82034,CLAREMONT BANK SURGERY,EMIS,U60057,SHREWSBURY PCN,M2L0M,"NHS Shropshire, Telford and Wrekin ICB - M2L0M",Other Practice staff,Face-to-Face,Planned Clinics,22 to 28 Days,10,Attended
01MAR2026,M82034,CLAREMONT BANK SURGERY,EMIS,U60057,SHREWSBURY PCN,M2L0M,"NHS Shropshire, Telford and Wrekin ICB - M2L0M",Other Practice staff,Face-to-Face,Planned Clinical Procedure,15 to 21 Days,7,DNA
01MAR2026,M82034,CLAREMONT BANK SURGERY,EMIS,U60057,SHREWSBURY PCN,M2L0M,"NHS Shropshire, Telford and Wrekin ICB - M2L0M",GP,Telephone,General Consultation Acute,Same Day,49,Attended
01MAR2026,M82034,CLAREMONT BANK SURGERY,EMIS,U60057,SHREWSBURY PCN,M2L0M,"NHS Shropshire, Telford and Wrekin ICB - M2L0M",Other Practice staff,Face-to-Face,Planned Clinical Procedure,15 to 21 Days,41,Attended
01MAR2026,M82034,CLAREMONT BANK SURGERY,EMIS,U60057,SHREWSBURY PCN,M2L0M,"NHS Shropshire, Telford and Wrekin ICB - M2L0M",Other Practice staff,Face-to-Face,Planned Clinical Procedure,1 Day,11,Attended
01MAR2026,M82034,CLAREMONT BANK SURGERY,EMIS,U60057,SHREWSBURY PCN,M2L0M,"NHS Shropshire, Telford and Wrekin ICB - M2L0M",Other Practice staff,Face-to-Face,Planned Clinical Procedure,8 to 14 Days,3,DNA
01MAR2026,M82034,CLAREMONT BANK SURGERY,EMIS,U60057,SHREWSBURY PCN,M2L0M,"NHS Shropshire, Telford and Wrekin ICB - M2L0M",Other Practice staff,Face-to-Face,Planned Clinical Procedure,22 to 28 Days,2,DNA
01MAR2026,M82034,CLAREMONT BANK SURGERY,EMIS,U60057,SHREWSBURY PCN,M2L0M,"NHS Shropshire, Telford and Wrekin ICB - M2L0M",GP,Face-to-Face,Planned Clinical Procedure,22 to 28 Days,231,Attended
01MAR2026,M82034,CLAREMONT BANK SURGERY,EMIS,U60057,SHREWSBURY PCN,M2L0M,"NHS Shropshire, Telford and Wrekin ICB - M2L0M",Other Practice staff,Telephone,Inconsistent Mapping,1 Day,13,Attended
01MAR2026,M82034,CLAREMONT BANK SURGERY,EMIS,U60057,SHREWSBURY PCN,M2L0M,"NHS Shropshire, Telford and Wrekin ICB - M2L0M",Other Practice staff,Face-to-Face,General Consultation Routine,More than 28 Days,12,Attended
01MAR2026,M82034,CLAREMONT BANK SURGERY,EMIS,U60057,SHREWSBURY PCN,M2L0M,"NHS Shropshire, Telford and Wrekin ICB - M2L0M",Other Practice staff,Face-to-Face,Planned Clinical Procedure,More than 28 Days,1,DNA
01MAR2026,M82034,CLAREMONT BANK SURGERY,EMIS,U60057,SHREWSBURY PCN,M2L0M,"NHS Shropshire, Telford and Wrekin ICB - M2L0M",Other Practice staff,Face-to-Face,Inconsistent Mapping,15 to 21 Days,2,Attended
01MAR2026,M82034,CLAREMONT BANK SURGERY,EMIS,U60057,SHREWSBURY PCN,M2L0M,"NHS Shropshire, Telford and Wrekin ICB - M2L0M",GP,Telephone,Inconsistent Mapping,Same Day,6,DNA
01MAR2026,M82034,CLAREMONT BANK SURGERY,EMIS,U60057,SHREWSBURY PCN,M2L0M,"NHS Shropshire, Telford and Wrekin ICB - M2L0M",Other Practice staff,Face-to-Face,Inconsistent Mapping,2 to 7 Days,1,DNA
01MAR2026,M82034,CLAREMONT BANK SURGERY,EMIS,U60057,SHREWSBURY PCN,M2L0M,"NHS Shropshire, Telford and Wrekin ICB - M2L0M",GP,Home Visit,Home Visit,8 to 14 Days,1,Unknown
01MAR2026,M82034,CLAREMONT BANK SURGERY,EMIS,U60057,SHREWSBURY PCN,M2L0M,"NHS Shropshire, Telford and Wrekin ICB - M2L0M",GP,Telephone,Inconsistent Mapping,8 to 14 Days,8,Attended
01MAR2026,M82034,CLAREMONT BANK SURGERY,EMIS,U60057,SHREWSBURY PCN,M2L0M,"NHS Shropshire, Telford and Wrekin ICB - M2L0M",GP,Video Conference/Online,Inconsistent Mapping,2 to 7 Days,6,Unknown
01MAR2026,M82034,CLAREMONT BANK SURGERY,EMIS,U60057,SHREWSBURY PCN,M2L0M,"NHS Shropshire, Telford and Wrekin ICB - M2L0M",GP,Face-to-Face,Planned Clinical Procedure,22 to 28 Days,13,DNA
01MAR2026,M82034,CLAREMONT BANK SURGERY,EMIS,U60057,SHREWSBURY PCN,M2L0M,"NHS Shropshire, Telford and Wrekin ICB - M2L0M",GP,Telephone,General Consultation Acute,1 Day,1,DNA
01MAR2026,M82034,CLAREMONT BANK SURGERY,EMIS,U60057,SHREWSBURY PCN,M2L0M,"NHS Shropshire, Telford and Wrekin ICB - M2L0M",GP,Telephone,Inconsistent Mapping,22 to 28 Days,5,Attended
01MAR2026,M82034,CLAREMONT BANK SURGERY,EMIS,U60057,SHREWSBURY PCN,M2L0M,"NHS Shropshire, Telford and Wrekin ICB - M2L0M",Other Practice staff,Face-to-Face,General Consultation Routine,8 to 14 Days,9,Attended
01MAR2026,M82034,CLAREMONT BANK SURGERY,EMIS,U60057,SHREWSBURY PCN,M2L0M,"NHS Shropshire, Telford and Wrekin ICB - M2L0M",Other Practice staff,Telephone,Inconsistent Mapping,8 to 14 Days,1,Attended
01MAR2026,M82034,CLAREMONT BANK SURGERY,EMIS,U60057,SHREWSBURY PCN,M2L0M,"NHS Shropshire, Telford and Wrekin ICB - M2L0M",Other Practice staff,Face-to-Face,General Consultation Routine,2 to 7 Days,4,Attended
01MAR2026,M82034,CLAREMONT BANK SURGERY,EMIS,U60057,SHREWSBURY PCN,M2L0M,"NHS Shropshire, Telford and Wrekin ICB - M2L0M",GP,Face-to-Face,Planned Clinical Procedure,More than 28 Days,2,Unknown
01MAR2026,M82034,CLAREMONT BANK SURGERY,EMIS,U60057,SHREWSBURY PCN,M2L0M,"NHS Shropshire, Telford and Wrekin ICB - M2L0M",Other Practice staff,Telephone,General Consultation Routine,2 to 7 Days,2,Attended
01MAR2026,M82034,CLAREMONT BANK SURGERY,EMIS,U60057,SHREWSBURY PCN,M2L0M,"NHS Shropshire, Telford and Wrekin ICB - M2L0M",Unknown,Home Visit,Inconsistent Mapping,1 Day,4,Attended
01MAR2026,M82034,CLAREMONT BANK SURGERY,EMIS,U60057,SHREWSBURY PCN,M2L0M,"NHS Shropshire, Telford and Wrekin ICB - M2L0M",GP,Face-to-Face,Planned Clinical Procedure,More than 28 Days,4,DNA
01MAR2026,M82034,CLAREMONT BANK SURGERY,EMIS,U60057,SHREWSBURY PCN,M2L0M,"NHS Shropshire, Telford and Wrekin ICB - M2L0M",GP,Face-to-Face,Planned Clinical Procedure,2 to 7 Days,1,Unknown
01MAR2026,M82034,CLAREMONT BANK SURGERY,EMIS,U60057,SHREWSBURY PCN,M2L0M,"NHS Shropshire, Telford and Wrekin ICB - M2L0M",Other Practice staff,Face-to-Face,General Consultation Acute,2 to 7 Days,1,Attended
01MAR2026,M82034,CLAREMONT BANK SURGERY,EMIS,U60057,SHREWSBURY PCN,M2L0M,"NHS Shropshire, Telford and Wrekin ICB - M2L0M",Other Practice staff,Telephone,Inconsistent Mapping,Same Day,63,Attended
01MAR2026,M82034,CLAREMONT BANK SURGERY,EMIS,U60057,SHREWSBURY PCN,M2L0M,"NHS Shropshire, Telford and Wrekin ICB - M2L0M",GP,Face-to-Face,General Consultation Routine,2 to 7 Days,2,Attended
01MAR2026,M82034,CLAREMONT BANK SURGERY,EMIS,U60057,SHREWSBURY PCN,M2L0M,"NHS Shropshire, Telford and Wrekin ICB - M2L0M",Other Practice staff,Face-to-Face,General Consultation Acute,1 Day,2,Attended
01MAR2026,M82034,CLAREMONT BANK SURGERY,EMIS,U60057,SHREWSBURY PCN,M2L0M,"NHS Shropshire, Telford and Wrekin ICB - M2L0M",Other Practice staff,Telephone,General Consultation Routine,Same Day,13,Attended
01MAR2026,M82034,CLAREMONT BANK SURGERY,EMIS,U60057,SHREWSBURY PCN,M2L0M,"NHS Shropshire, Telford and Wrekin ICB - M2L0M",GP,Telephone,Inconsistent Mapping,1 Day,13,Attended
01MAR2026,M82034,CLAREMONT BANK SURGERY,EMIS,U60057,SHREWSBURY PCN,M2L0M,"NHS Shropshire, Telford and Wrekin ICB - M2L0M",GP,Face-to-Face,Planned Clinical Procedure,8 to 14 Days,30,Attended
01MAR2026,M82034,CLAREMONT BANK SURGERY,EMIS,U60057,SHREWSBURY PCN,M2L0M,"NHS Shropshire, Telford and Wrekin ICB - M2L0M",GP,Face-to-Face,Planned Clinical Procedure,15 to 21 Days,30,Attended
01MAR2026,M82034,CLAREMONT BANK SURGERY,EMIS,U60057,SHREWSBURY PCN,M2L0M,"NHS Shropshire, Telford and Wrekin ICB - M2L0M",Other Practice staff,Face-to-Face,Planned Clinics,More than 28 Days,3,DNA
01MAR2026,M82034,CLAREMONT BANK SURGERY,EMIS,U60057,SHREWSBURY PCN,M2L0M,"NHS Shropshire, Telford and Wrekin ICB - M2L0M",Other Practice staff,Face-to-Face,Planned Clinics,2 to 7 Days,5,Attended
01MAR2026,M82034,CLAREMONT BANK SURGERY,EMIS,U60057,SHREWSBURY PCN,M2L0M,"NHS Shropshire, Telford and Wrekin ICB - M2L0M",Other Practice staff,Face-to-Face,Planned Clinics,8 to 14 Days,5,Attended
01MAR2026,M82034,CLAREMONT BANK SURGERY,EMIS,U60057,SHREWSBURY PCN,M2L0M,"NHS Shropshire, Telford and Wrekin ICB - M2L0M",GP,Face-to-Face,General Consultation Routine,22 to 28 Days,2,Attended
01MAR2026,M82034,CLAREMONT BANK SURGERY,EMIS,U60057,SHREWSBURY PCN,M2L0M,"NHS Shropshire, Telford and Wrekin ICB - M2L0M",Other Practice staff,Face-to-Face,Planned Clinical Procedure,More than 28 Days,45,Attended
01MAR2026,M82034,CLAREMONT BANK SURGERY,EMIS,U60057,SHREWSBURY PCN,M2L0M,"NHS Shropshire, Telford and Wrekin ICB - M2L0M",GP,Face-to-Face,Planned Clinical Procedure,1 Day,11,Attended
01MAR2026,M82034,CLAREMONT BANK SURGERY,EMIS,U60057,SHREWSBURY PCN,M2L0M,"NHS Shropshire, Telford and Wrekin ICB - M2L0M",Other Practice staff,Face-to-Face,General Consultation Acute,22 to 28 Days,1,Attended
01MAR2026,M82034,CLAREMONT BANK SURGERY,EMIS,U60057,SHREWSBURY PCN,M2L0M,"NHS Shropshire, Telford and Wrekin ICB - M2L0M",GP,Telephone,General Consultation Routine,8 to 14 Days,6,Attended
01MAR2026,M82034,CLAREMONT BANK SURGERY,EMIS,U60057,SHREWSBURY PCN,M2L0M,"NHS Shropshire, Telford and Wrekin ICB - M2L0M",Other Practice staff,Face-to-Face,General Consultation Acute,Same Day,3,DNA
01MAR2026,M82034,CLAREMONT BANK SURGERY,EMIS,U60057,SHREWSBURY PCN,M2L0M,"NHS Shropshire, Telford and Wrekin ICB - M2L0M",Other Practice staff,Face-to-Face,Planned Clinics,2 to 7 Days,3,DNA
01MAR2026,M82034,CLAREMONT BANK SURGERY,EMIS,U60057,SHREWSBURY PCN,M2L0M,"NHS Shropshire, Telford and Wrekin ICB - M2L0M",Other Practice staff,Telephone,Planned Clinics,Same Day,1,Attended
01MAR2026,M82034,CLAREMONT BANK SURGERY,EMIS,U60057,SHREWSBURY PCN,M2L0M,"NHS Shropshire, Telford and Wrekin ICB - M2L0M",Other Practice staff,Face-to-Face,General Consultation Acute,Same Day,115,Attended
01MAR2026,M82034,CLAREMONT BANK SURGERY,EMIS,U60057,SHREWSBURY PCN,M2L0M,"NHS Shropshire, Telford and Wrekin ICB - M2L0M",GP,Home Visit,Home Visit,Same Day,1,Unknown
01MAR2026,M82034,CLAREMONT BANK SURGERY,EMIS,U60057,SHREWSBURY PCN,M2L0M,"NHS Shropshire, Telford and Wrekin ICB - M2L0M",Other Practice staff,Face-to-Face,Planned Clinics,8 to 14 Days,1,Unknown
01MAR2026,M82034,CLAREMONT BANK SURGERY,EMIS,U60057,SHREWSBURY PCN,M2L0M,"NHS Shropshire, Telford and Wrekin ICB - M2L0M",Other Practice staff,Face-to-Face,General Consultation Routine,22 to 28 Days,1,Attended
01MAR2026,M82034,CLAREMONT BANK SURGERY,EMIS,U60057,SHREWSBURY PCN,M2L0M,"NHS Shropshire, Telford and Wrekin ICB - M2L0M",Other Practice staff,Face-to-Face,Planned Clinics,8 to 14 Days,1,DNA
01MAR2026,M82034,CLAREMONT BANK SURGERY,EMIS,U60057,SHREWSBURY PCN,M2L0M,"NHS Shropshire, Telford and Wrekin ICB - M2L0M",Other Practice staff,Face-to-Face,General Consultation Routine,1 Day,1,DNA
01MAR2026,M82034,CLAREMONT BANK SURGERY,EMIS,U60057,SHREWSBURY PCN,M2L0M,"NHS Shropshire, Telford and Wrekin ICB - M2L0M",Other Practice staff,Telephone,Inconsistent Mapping,2 to 7 Days,13,Attended
01MAR2026,M82034,CLAREMONT BANK SURGERY,EMIS,U60057,SHREWSBURY PCN,M2L0M,"NHS Shropshire, Telford and Wrekin ICB - M2L0M",Other Practice staff,Face-to-Face,Planned Clinical Procedure,More than 28 Days,4,Unknown
01MAR2026,M82034,CLAREMONT BANK SURGERY,EMIS,U60057,SHREWSBURY PCN,M2L0M,"NHS Shropshire, Telford and Wrekin ICB - M2L0M",Other Practice staff,Face-to-Face,Planned Clinical Procedure,2 to 7 Days,4,DNA
01MAR2026,M82034,CLAREMONT BANK SURGERY,EMIS,U60057,SHREWSBURY PCN,M2L0M,"NHS Shropshire, Telford and Wrekin ICB - M2L0M",Other Practice staff,Face-to-Face,Planned Clinical Procedure,8 to 14 Days,72,Attended
01MAR2026,M82034,CLAREMONT BANK SURGERY,EMIS,U60057,SHREWSBURY PCN,M2L0M,"NHS Shropshire, Telford and Wrekin ICB - M2L0M",Other Practice staff,Telephone,Planned Clinics,2 to 7 Days,1,Attended
01MAR2026,M82034,CLAREMONT BANK SURGERY,EMIS,U60057,SHREWSBURY PCN,M2L0M,"NHS Shropshire, Telford and Wrekin ICB - M2L0M",GP,Face-to-Face,Planned Clinical Procedure,22 to 28 Days,9,Unknown
01MAR2026,M82034,CLAREMONT BANK SURGERY,EMIS,U60057,SHREWSBURY PCN,M2L0M,"NHS Shropshire, Telford and Wrekin ICB - M2L0M",GP,Telephone,General Consultation Routine,Same Day,61,Attended
01MAR2026,M82034,CLAREMONT BANK SURGERY,EMIS,U60057,SHREWSBURY PCN,M2L0M,"NHS Shropshire, Telford and Wrekin ICB - M2L0M",GP,Telephone,Inconsistent Mapping,Same Day,301,Attended
01MAR2026,M82034,CLAREMONT BANK SURGERY,EMIS,U60057,SHREWSBURY PCN,M2L0M,"NHS Shropshire, Telford and Wrekin ICB - M2L0M",Unknown,Home Visit,Inconsistent Mapping,Same Day,26,Unknown
01MAR2026,M82034,CLAREMONT BANK SURGERY,EMIS,U60057,SHREWSBURY PCN,M2L0M,"NHS Shropshire, Telford and Wrekin ICB - M2L0M",GP,Home Visit,Home Visit,Same Day,16,Attended
01MAR2026,M82034,CLAREMONT BANK SURGERY,EMIS,U60057,SHREWSBURY PCN,M2L0M,"NHS Shropshire, Telford and Wrekin ICB - M2L0M",Other Practice staff,Face-to-Face,Inconsistent Mapping,More than 28 Days,2,DNA
01MAR2026,M82034,CLAREMONT BANK SURGERY,EMIS,U60057,SHREWSBURY PCN,M2L0M,"NHS Shropshire, Telford and Wrekin ICB - M2L0M",Other Practice staff,Face-to-Face,Planned Clinics,15 to 21 Days,8,Attended
01MAR2026,M82034,CLAREMONT BANK SURGERY,EMIS,U60057,SHREWSBURY PCN,M2L0M,"NHS Shropshire, Telford and Wrekin ICB - M2L0M",GP,Telephone,Inconsistent Mapping,Same Day,2,Unknown
01MAR2026,M82034,CLAREMONT BANK SURGERY,EMIS,U60057,SHREWSBURY PCN,M2L0M,"NHS Shropshire, Telford and Wrekin ICB - M2L0M",Unknown,Home Visit,Inconsistent Mapping,Same Day,79,Attended
01MAR2026,M82034,CLAREMONT BANK SURGERY,EMIS,U60057,SHREWSBURY PCN,M2L0M,"NHS Shropshire, Telford and Wrekin ICB - M2L0M",Other Practice staff,Face-to-Face,Planned Clinical Procedure,2 to 7 Days,1,Unknown
01MAR2026,M82034,CLAREMONT BANK SURGERY,EMIS,U60057,SHREWSBURY PCN,M2L0M,"NHS Shropshire, Telford and Wrekin ICB - M2L0M",GP,Video Conference/Online,Inconsistent Mapping,1 Day,12,Attended
01MAR2026,M82034,CLAREMONT BANK SURGERY,EMIS,U60057,SHREWSBURY PCN,M2L0M,"NHS Shropshire, Telford and Wrekin ICB - M2L0M",Other Practice staff,Face-to-Face,Planned Clinics,15 to 21 Days,3,DNA
01MAR2026,M82034,CLAREMONT BANK SURGERY,EMIS,U60057,SHREWSBURY PCN,M2L0M,"NHS Shropshire, Telford and Wrekin ICB - M2L0M",GP,Face-to-Face,Planned Clinical Procedure,Same Day,6,Attended
01MAR2026,M82034,CLAREMONT BANK SURGERY,EMIS,U60057,SHREWSBURY PCN,M2L0M,"NHS Shropshire, Telford and Wrekin ICB - M2L0M",Other Practice staff,Face-to-Face,General Consultation Routine,8 to 14 Days,3,Unknown
01MAR2026,M82040,MARYSVILLE MEDICAL PRACT,EMIS,U60057,SHREWSBURY PCN,M2L0M,"NHS Shropshire, Telford and Wrekin ICB - M2L0M",Other Practice staff,Video Conference/Online,Clinical Triage,Same Day,1,Attended
01MAR2026,M82040,MARYSVILLE MEDICAL PRACT,EMIS,U60057,SHREWSBURY PCN,M2L0M,"NHS Shropshire, Telford and Wrekin ICB - M2L0M",Other Practice staff,Video Conference/Online,Clinical Triage,2 to 7 Days,1,Attended
01MAR2026,M82040,MARYSVILLE MEDICAL PRACT,EMIS,U60057,SHREWSBURY PCN,M2L0M,"NHS Shropshire, Telford and Wrekin ICB - M2L0M",Other Practice staff,Video Conference/Online,Clinical Triage,1 Day,2,Attended
01MAR2026,M82040,MARYSVILLE MEDICAL PRACT,EMIS,U60057,SHREWSBURY PCN,M2L0M,"NHS Shropshire, Telford and Wrekin ICB - M2L0M",Other Practice staff,Telephone,Unplanned Clinical Activity,Same Day,5,Attended
01MAR2026,M82040,MARYSVILLE MEDICAL PRACT,EMIS,U60057,SHREWSBURY PCN,M2L0M,"NHS Shropshire, Telford and Wrekin ICB - M2L0M",Other Practice staff,Telephone,Planned Clinics,More than 28 Days,3,Unknown
01MAR2026,M82040,MARYSVILLE MEDICAL PRACT,EMIS,U60057,SHREWSBURY PCN,M2L0M,"NHS Shropshire, Telford and Wrekin ICB - M2L0M",Other Practice staff,Telephone,Planned Clinics,More than 28 Days,17,Attended
01MAR2026,M82040,MARYSVILLE MEDICAL PRACT,EMIS,U60057,SHREWSBURY PCN,M2L0M,"NHS Shropshire, Telford and Wrekin ICB - M2L0M",Other Practice staff,Telephone,Planned Clinics,8 to 14 Days,2,Unknown
01MAR2026,M82040,MARYSVILLE MEDICAL PRACT,EMIS,U60057,SHREWSBURY PCN,M2L0M,"NHS Shropshire, Telford and Wrekin ICB - M2L0M",Other Practice staff,Telephone,Planned Clinics,22 to 28 Days,3,Unknown
01MAR2026,M82040,MARYSVILLE MEDICAL PRACT,EMIS,U60057,SHREWSBURY PCN,M2L0M,"NHS Shropshire, Telford and Wrekin ICB - M2L0M",Other Practice staff,Telephone,Planned Clinics,22 to 28 Days,20,Attended
01MAR2026,M82040,MARYSVILLE MEDICAL PRACT,EMIS,U60057,SHREWSBURY PCN,M2L0M,"NHS Shropshire, Telford and Wrekin ICB - M2L0M",Other Practice staff,Telephone,Planned Clinics,2 to 7 Days,8,Attended
01MAR2026,M82040,MARYSVILLE MEDICAL PRACT,EMIS,U60057,SHREWSBURY PCN,M2L0M,"NHS Shropshire, Telford and Wrekin ICB - M2L0M",Other Practice staff,Telephone,Planned Clinics,1 Day,1,Unknown
01MAR2026,M82040,MARYSVILLE MEDICAL PRACT,EMIS,U60057,SHREWSBURY PCN,M2L0M,"NHS Shropshire, Telford and Wrekin ICB - M2L0M",Other Practice staff,Telephone,Planned Clinics,1 Day,5,Attended
01MAR2026,M82040,MARYSVILLE MEDICAL PRACT,EMIS,U60057,SHREWSBURY PCN,M2L0M,"NHS Shropshire, Telford and Wrekin ICB - M2L0M",Other Practice staff,Telephone,Inconsistent Mapping,Same Day,2,Attended
01MAR2026,M82040,MARYSVILLE MEDICAL PRACT,EMIS,U60057,SHREWSBURY PCN,M2L0M,"NHS Shropshire, Telford and Wrekin ICB - M2L0M",Other Practice staff,Telephone,General Consultation Routine,Same Day,7,Attended
01MAR2026,M82040,MARYSVILLE MEDICAL PRACT,EMIS,U60057,SHREWSBURY PCN,M2L0M,"NHS Shropshire, Telford and Wrekin ICB - M2L0M",Other Practice staff,Telephone,General Consultation Routine,8 to 14 Days,4,Unknown
01MAR2026,M82040,MARYSVILLE MEDICAL PRACT,EMIS,U60057,SHREWSBURY PCN,M2L0M,"NHS Shropshire, Telford and Wrekin ICB - M2L0M",Other Practice staff,Telephone,General Consultation Routine,8 to 14 Days,7,Attended
01MAR2026,M82040,MARYSVILLE MEDICAL PRACT,EMIS,U60057,SHREWSBURY PCN,M2L0M,"NHS Shropshire, Telford and Wrekin ICB - M2L0M",Other Practice staff,Telephone,General Consultation Routine,22 to 28 Days,4,Attended
01MAR2026,M82040,MARYSVILLE MEDICAL PRACT,EMIS,U60057,SHREWSBURY PCN,M2L0M,"NHS Shropshire, Telford and Wrekin ICB - M2L0M",Other Practice staff,Telephone,General Consultation Routine,15 to 21 Days,12,Attended
01MAR2026,M82040,MARYSVILLE MEDICAL PRACT,EMIS,U60057,SHREWSBURY PCN,M2L0M,"NHS Shropshire, Telford and Wrekin ICB - M2L0M",Other Practice staff,Telephone,General Consultation Routine,1 Day,5,Attended
01MAR2026,M82040,MARYSVILLE MEDICAL PRACT,EMIS,U60057,SHREWSBURY PCN,M2L0M,"NHS Shropshire, Telford and Wrekin ICB - M2L0M",Other Practice staff,Telephone,Clinical Triage,Same Day,8,Attended
01MAR2026,M82040,MARYSVILLE MEDICAL PRACT,EMIS,U60057,SHREWSBURY PCN,M2L0M,"NHS Shropshire, Telford and Wrekin ICB - M2L0M",Other Practice staff,Telephone,Clinical Triage,22 to 28 Days,2,Attended
01MAR2026,M82040,MARYSVILLE MEDICAL PRACT,EMIS,U60057,SHREWSBURY PCN,M2L0M,"NHS Shropshire, Telford and Wrekin ICB - M2L0M",Other Practice staff,Telephone,Clinical Triage,2 to 7 Days,2,Attended
01MAR2026,M82040,MARYSVILLE MEDICAL PRACT,EMIS,U60057,SHREWSBURY PCN,M2L0M,"NHS Shropshire, Telford and Wrekin ICB - M2L0M",Other Practice staff,Telephone,Clinical Triage,15 to 21 Days,2,Attended
01MAR2026,M82040,MARYSVILLE MEDICAL PRACT,EMIS,U60057,SHREWSBURY PCN,M2L0M,"NHS Shropshire, Telford and Wrekin ICB - M2L0M",Other Practice staff,Face-to-Face,Unplanned Clinical Activity,Same Day,46,Attended
01MAR2026,M82040,MARYSVILLE MEDICAL PRACT,EMIS,U60057,SHREWSBURY PCN,M2L0M,"NHS Shropshire, Telford and Wrekin ICB - M2L0M",Other Practice staff,Face-to-Face,Unplanned Clinical Activity,1 Day,2,Attended
01MAR2026,M82040,MARYSVILLE MEDICAL PRACT,EMIS,U60057,SHREWSBURY PCN,M2L0M,"NHS Shropshire, Telford and Wrekin ICB - M2L0M",Other Practice staff,Face-to-Face,Service provided by organisation external to the practice,Same Day,2,Attended
01MAR2026,M82040,MARYSVILLE MEDICAL PRACT,EMIS,U60057,SHREWSBURY PCN,M2L0M,"NHS Shropshire, Telford and Wrekin ICB - M2L0M",Other Practice staff,Face-to-Face,Service provided by organisation external to the practice,More than 28 Days,1,Unknown
01MAR2026,M82040,MARYSVILLE MEDICAL PRACT,EMIS,U60057,SHREWSBURY PCN,M2L0M,"NHS Shropshire, Telford and Wrekin ICB - M2L0M",Other Practice staff,Face-to-Face,Service provided by organisation external to the practice,More than 28 Days,3,DNA
01MAR2026,M82040,MARYSVILLE MEDICAL PRACT,EMIS,U60057,SHREWSBURY PCN,M2L0M,"NHS Shropshire, Telford and Wrekin ICB - M2L0M",Other Practice staff,Face-to-Face,Service provided by organisation external to the practice,More than 28 Days,16,Attended
01MAR2026,M82040,MARYSVILLE MEDICAL PRACT,EMIS,U60057,SHREWSBURY PCN,M2L0M,"NHS Shropshire, Telford and Wrekin ICB - M2L0M",Other Practice staff,Face-to-Face,Service provided by organisation external to the practice,8 to 14 Days,7,Attended
01MAR2026,M82040,MARYSVILLE MEDICAL PRACT,EMIS,U60057,SHREWSBURY PCN,M2L0M,"NHS Shropshire, Telford and Wrekin ICB - M2L0M",Other Practice staff,Face-to-Face,Service provided by organisation external to the practice,22 to 28 Days,17,Attended
01MAR2026,M82040,MARYSVILLE MEDICAL PRACT,EMIS,U60057,SHREWSBURY PCN,M2L0M,"NHS Shropshire, Telford and Wrekin ICB - M2L0M",Other Practice staff,Face-to-Face,Service provided by organisation external to the practice,2 to 7 Days,8,Attended
01MAR2026,M82040,MARYSVILLE MEDICAL PRACT,EMIS,U60057,SHREWSBURY PCN,M2L0M,"NHS Shropshire, Telford and Wrekin ICB - M2L0M",Other Practice staff,Face-to-Face,Service provided by organisation external to the practice,15 to 21 Days,1,Unknown
01MAR2026,M82040,MARYSVILLE MEDICAL PRACT,EMIS,U60057,SHREWSBURY PCN,M2L0M,"NHS Shropshire, Telford and Wrekin ICB - M2L0M",Other Practice staff,Face-to-Face,Service provided by organisation external to the practice,15 to 21 Days,7,Attended
01MAR2026,M82040,MARYSVILLE MEDICAL PRACT,EMIS,U60057,SHREWSBURY PCN,M2L0M,"NHS Shropshire, Telford and Wrekin ICB - M2L0M",Other Practice staff,Face-to-Face,Planned Clinics,Same Day,3,DNA
01MAR2026,M82040,MARYSVILLE MEDICAL PRACT,EMIS,U60057,SHREWSBURY PCN,M2L0M,"NHS Shropshire, Telford and Wrekin ICB - M2L0M",Other Practice staff,Face-to-Face,Planned Clinics,Same Day,284,Attended
01MAR2026,M82040,MARYSVILLE MEDICAL PRACT,EMIS,U60057,SHREWSBURY PCN,M2L0M,"NHS Shropshire, Telford and Wrekin ICB - M2L0M",Other Practice staff,Face-to-Face,Planned Clinics,More than 28 Days,5,DNA
01MAR2026,M82040,MARYSVILLE MEDICAL PRACT,EMIS,U60057,SHREWSBURY PCN,M2L0M,"NHS Shropshire, Telford and Wrekin ICB - M2L0M",Other Practice staff,Face-to-Face,Planned Clinics,More than 28 Days,45,Attended
01MAR2026,M82040,MARYSVILLE MEDICAL PRACT,EMIS,U60057,SHREWSBURY PCN,M2L0M,"NHS Shropshire, Telford and Wrekin ICB - M2L0M",Other Practice staff,Face-to-Face,Planned Clinics,8 to 14 Days,27,Attended
01MAR2026,M82040,MARYSVILLE MEDICAL PRACT,EMIS,U60057,SHREWSBURY PCN,M2L0M,"NHS Shropshire, Telford and Wrekin ICB - M2L0M",Other Practice staff,Face-to-Face,Planned Clinics,22 to 28 Days,19,Attended
01MAR2026,M82040,MARYSVILLE MEDICAL PRACT,EMIS,U60057,SHREWSBURY PCN,M2L0M,"NHS Shropshire, Telford and Wrekin ICB - M2L0M",Other Practice staff,Face-to-Face,Planned Clinics,2 to 7 Days,1,Unknown
01MAR2026,M82040,MARYSVILLE MEDICAL PRACT,EMIS,U60057,SHREWSBURY PCN,M2L0M,"NHS Shropshire, Telford and Wrekin ICB - M2L0M",Other Practice staff,Face-to-Face,Planned Clinics,2 to 7 Days,1,DNA
01MAR2026,M82040,MARYSVILLE MEDICAL PRACT,EMIS,U60057,SHREWSBURY PCN,M2L0M,"NHS Shropshire, Telford and Wrekin ICB - M2L0M",Other Practice staff,Face-to-Face,Planned Clinics,2 to 7 Days,55,Attended
01MAR2026,M82040,MARYSVILLE MEDICAL PRACT,EMIS,U60057,SHREWSBURY PCN,M2L0M,"NHS Shropshire, Telford and Wrekin ICB - M2L0M",Other Practice staff,Face-to-Face,Planned Clinics,15 to 21 Days,32,Attended
01MAR2026,M82040,MARYSVILLE MEDICAL PRACT,EMIS,U60057,SHREWSBURY PCN,M2L0M,"NHS Shropshire, Telford and Wrekin ICB - M2L0M",Other Practice staff,Face-to-Face,Planned Clinics,1 Day,1,DNA
01MAR2026,M82040,MARYSVILLE MEDICAL PRACT,EMIS,U60057,SHREWSBURY PCN,M2L0M,"NHS Shropshire, Telford and Wrekin ICB - M2L0M",Other Practice staff,Face-to-Face,Planned Clinics,1 Day,21,Attended
01MAR2026,M82040,MARYSVILLE MEDICAL PRACT,EMIS,U60057,SHREWSBURY PCN,M2L0M,"NHS Shropshire, Telford and Wrekin ICB - M2L0M",Other Practice staff,Face-to-Face,Planned Clinical Procedure,More than 28 Days,2,Unknown
01MAR2026,M82040,MARYSVILLE MEDICAL PRACT,EMIS,U60057,SHREWSBURY PCN,M2L0M,"NHS Shropshire, Telford and Wrekin ICB - M2L0M",Other Practice staff,Face-to-Face,Planned Clinical Procedure,More than 28 Days,3,DNA
01MAR2026,M82040,MARYSVILLE MEDICAL PRACT,EMIS,U60057,SHREWSBURY PCN,M2L0M,"NHS Shropshire, Telford and Wrekin ICB - M2L0M",Other Practice staff,Face-to-Face,Planned Clinical Procedure,More than 28 Days,48,Attended
01MAR2026,M82040,MARYSVILLE MEDICAL PRACT,EMIS,U60057,SHREWSBURY PCN,M2L0M,"NHS Shropshire, Telford and Wrekin ICB - M2L0M",Other Practice staff,Face-to-Face,Planned Clinical Procedure,8 to 14 Days,6,DNA
01MAR2026,M82040,MARYSVILLE MEDICAL PRACT,EMIS,U60057,SHREWSBURY PCN,M2L0M,"NHS Shropshire, Telford and Wrekin ICB - M2L0M",Other Practice staff,Face-to-Face,Planned Clinical Procedure,8 to 14 Days,116,Attended
01MAR2026,M82040,MARYSVILLE MEDICAL PRACT,EMIS,U60057,SHREWSBURY PCN,M2L0M,"NHS Shropshire, Telford and Wrekin ICB - M2L0M",Other Practice staff,Face-to-Face,Planned Clinical Procedure,22 to 28 Days,3,Unknown
01MAR2026,M82040,MARYSVILLE MEDICAL PRACT,EMIS,U60057,SHREWSBURY PCN,M2L0M,"NHS Shropshire, Telford and Wrekin ICB - M2L0M",Other Practice staff,Face-to-Face,Planned Clinical Procedure,22 to 28 Days,3,DNA
01MAR2026,M82040,MARYSVILLE MEDICAL PRACT,EMIS,U60057,SHREWSBURY PCN,M2L0M,"NHS Shropshire, Telford and Wrekin ICB - M2L0M",Other Practice staff,Face-to-Face,Planned Clinical Procedure,22 to 28 Days,54,Attended
01MAR2026,M82040,MARYSVILLE MEDICAL PRACT,EMIS,U60057,SHREWSBURY PCN,M2L0M,"NHS Shropshire, Telford and Wrekin ICB - M2L0M",Other Practice staff,Face-to-Face,Planned Clinical Procedure,2 to 7 Days,1,Unknown
01MAR2026,M82040,MARYSVILLE MEDICAL PRACT,EMIS,U60057,SHREWSBURY PCN,M2L0M,"NHS Shropshire, Telford and Wrekin ICB - M2L0M",Other Practice staff,Face-to-Face,Planned Clinical Procedure,2 to 7 Days,5,DNA
01MAR2026,M82040,MARYSVILLE MEDICAL PRACT,EMIS,U60057,SHREWSBURY PCN,M2L0M,"NHS Shropshire, Telford and Wrekin ICB - M2L0M",Other Practice staff,Face-to-Face,Planned Clinical Procedure,15 to 21 Days,3,Unknown
01MAR2026,M82040,MARYSVILLE MEDICAL PRACT,EMIS,U60057,SHREWSBURY PCN,M2L0M,"NHS Shropshire, Telford and Wrekin ICB - M2L0M",Other Practice staff,Face-to-Face,Planned Clinical Procedure,15 to 21 Days,4,DNA
01MAR2026,M82040,MARYSVILLE MEDICAL PRACT,EMIS,U60057,SHREWSBURY PCN,M2L0M,"NHS Shropshire, Telford and Wrekin ICB - M2L0M",Other Practice staff,Face-to-Face,Planned Clinical Procedure,15 to 21 Days,73,Attended
01MAR2026,M82040,MARYSVILLE MEDICAL PRACT,EMIS,U60057,SHREWSBURY PCN,M2L0M,"NHS Shropshire, Telford and Wrekin ICB - M2L0M",Other Practice staff,Face-to-Face,Planned Clinical Procedure,1 Day,28,Attended
01MAR2026,M82040,MARYSVILLE MEDICAL PRACT,EMIS,U60057,SHREWSBURY PCN,M2L0M,"NHS Shropshire, Telford and Wrekin ICB - M2L0M",Other Practice staff,Face-to-Face,Inconsistent Mapping,Same Day,1,DNA
01MAR2026,M82040,MARYSVILLE MEDICAL PRACT,EMIS,U60057,SHREWSBURY PCN,M2L0M,"NHS Shropshire, Telford and Wrekin ICB - M2L0M",Other Practice staff,Face-to-Face,Inconsistent Mapping,Same Day,1,Attended
01MAR2026,M82040,MARYSVILLE MEDICAL PRACT,EMIS,U60057,SHREWSBURY PCN,M2L0M,"NHS Shropshire, Telford and Wrekin ICB - M2L0M",Other Practice staff,Face-to-Face,Inconsistent Mapping,More than 28 Days,1,DNA
01MAR2026,M82040,MARYSVILLE MEDICAL PRACT,EMIS,U60057,SHREWSBURY PCN,M2L0M,"NHS Shropshire, Telford and Wrekin ICB - M2L0M",Other Practice staff,Face-to-Face,Inconsistent Mapping,More than 28 Days,5,Attended
01MAR2026,M82040,MARYSVILLE MEDICAL PRACT,EMIS,U60057,SHREWSBURY PCN,M2L0M,"NHS Shropshire, Telford and Wrekin ICB - M2L0M",Other Practice staff,Face-to-Face,Inconsistent Mapping,8 to 14 Days,2,DNA
01MAR2026,M82040,MARYSVILLE MEDICAL PRACT,EMIS,U60057,SHREWSBURY PCN,M2L0M,"NHS Shropshire, Telford and Wrekin ICB - M2L0M",Other Practice staff,Face-to-Face,Inconsistent Mapping,8 to 14 Days,6,Attended
01MAR2026,M82040,MARYSVILLE MEDICAL PRACT,EMIS,U60057,SHREWSBURY PCN,M2L0M,"NHS Shropshire, Telford and Wrekin ICB - M2L0M",Other Practice staff,Face-to-Face,Inconsistent Mapping,22 to 28 Days,16,Attended
01MAR2026,M82040,MARYSVILLE MEDICAL PRACT,EMIS,U60057,SHREWSBURY PCN,M2L0M,"NHS Shropshire, Telford and Wrekin ICB - M2L0M",Other Practice staff,Face-to-Face,Inconsistent Mapping,2 to 7 Days,14,Attended
01MAR2026,M82040,MARYSVILLE MEDICAL PRACT,EMIS,U60057,SHREWSBURY PCN,M2L0M,"NHS Shropshire, Telford and Wrekin ICB - M2L0M",Other Practice staff,Face-to-Face,Inconsistent Mapping,15 to 21 Days,2,DNA
01MAR2026,M82040,MARYSVILLE MEDICAL PRACT,EMIS,U60057,SHREWSBURY PCN,M2L0M,"NHS Shropshire, Telford and Wrekin ICB - M2L0M",Other Practice staff,Face-to-Face,General Consultation Routine,Same Day,48,Attended
01MAR2026,M82040,MARYSVILLE MEDICAL PRACT,EMIS,U60057,SHREWSBURY PCN,M2L0M,"NHS Shropshire, Telford and Wrekin ICB - M2L0M",Other Practice staff,Face-to-Face,General Consultation Routine,More than 28 Days,1,Unknown
01MAR2026,M82040,MARYSVILLE MEDICAL PRACT,EMIS,U60057,SHREWSBURY PCN,M2L0M,"NHS Shropshire, Telford and Wrekin ICB - M2L0M",Other Practice staff,Face-to-Face,General Consultation Routine,More than 28 Days,3,Attended
01MAR2026,M82040,MARYSVILLE MEDICAL PRACT,EMIS,U60057,SHREWSBURY PCN,M2L0M,"NHS Shropshire, Telford and Wrekin ICB - M2L0M",Other Practice staff,Face-to-Face,General Consultation Routine,22 to 28 Days,6,Attended
01MAR2026,M82040,MARYSVILLE MEDICAL PRACT,EMIS,U60057,SHREWSBURY PCN,M2L0M,"NHS Shropshire, Telford and Wrekin ICB - M2L0M",Other Practice staff,Face-to-Face,General Consultation Routine,2 to 7 Days,3,Attended
01MAR2026,M82040,MARYSVILLE MEDICAL PRACT,EMIS,U60057,SHREWSBURY PCN,M2L0M,"NHS Shropshire, Telford and Wrekin ICB - M2L0M",Other Practice staff,Face-to-Face,General Consultation Routine,15 to 21 Days,5,Attended
01MAR2026,M82040,MARYSVILLE MEDICAL PRACT,EMIS,U60057,SHREWSBURY PCN,M2L0M,"NHS Shropshire, Telford and Wrekin ICB - M2L0M",Other Practice staff,Face-to-Face,Clinical Triage,Same Day,18,Attended
01MAR2026,M82040,MARYSVILLE MEDICAL PRACT,EMIS,U60057,SHREWSBURY PCN,M2L0M,"NHS Shropshire, Telford and Wrekin ICB - M2L0M",Other Practice staff,Face-to-Face,Care Related Encounter but does not fit into any other category,22 to 28 Days,1,Attended
01MAR2026,M82040,MARYSVILLE MEDICAL PRACT,EMIS,U60057,SHREWSBURY PCN,M2L0M,"NHS Shropshire, Telford and Wrekin ICB - M2L0M",Other Practice staff,Face-to-Face,Care Related Encounter but does not fit into any other category,2 to 7 Days,1,Attended
01MAR2026,M82040,MARYSVILLE MEDICAL PRACT,EMIS,U60057,SHREWSBURY PCN,M2L0M,"NHS Shropshire, Telford and Wrekin ICB - M2L0M",GP,Video Conference/Online,Unplanned Clinical Activity,Same Day,2,Unknown
01MAR2026,M82040,MARYSVILLE MEDICAL PRACT,EMIS,U60057,SHREWSBURY PCN,M2L0M,"NHS Shropshire, Telford and Wrekin ICB - M2L0M",GP,Video Conference/Online,Unplanned Clinical Activity,Same Day,20,Attended
01MAR2026,M82040,MARYSVILLE MEDICAL PRACT,EMIS,U60057,SHREWSBURY PCN,M2L0M,"NHS Shropshire, Telford and Wrekin ICB - M2L0M",GP,Video Conference/Online,Unplanned Clinical Activity,8 to 14 Days,5,Unknown
01MAR2026,M82040,MARYSVILLE MEDICAL PRACT,EMIS,U60057,SHREWSBURY PCN,M2L0M,"NHS Shropshire, Telford and Wrekin ICB - M2L0M",GP,Video Conference/Online,Unplanned Clinical Activity,8 to 14 Days,32,Attended
01MAR2026,M82040,MARYSVILLE MEDICAL PRACT,EMIS,U60057,SHREWSBURY PCN,M2L0M,"NHS Shropshire, Telford and Wrekin ICB - M2L0M",GP,Video Conference/Online,Unplanned Clinical Activity,2 to 7 Days,48,Attended
01MAR2026,M82040,MARYSVILLE MEDICAL PRACT,EMIS,U60057,SHREWSBURY PCN,M2L0M,"NHS Shropshire, Telford and Wrekin ICB - M2L0M",GP,Video Conference/Online,Unplanned Clinical Activity,15 to 21 Days,2,Attended
01MAR2026,M82040,MARYSVILLE MEDICAL PRACT,EMIS,U60057,SHREWSBURY PCN,M2L0M,"NHS Shropshire, Telford and Wrekin ICB - M2L0M",GP,Video Conference/Online,Unplanned Clinical Activity,1 Day,1,Unknown
01MAR2026,M82040,MARYSVILLE MEDICAL PRACT,EMIS,U60057,SHREWSBURY PCN,M2L0M,"NHS Shropshire, Telford and Wrekin ICB - M2L0M",GP,Video Conference/Online,Unplanned Clinical Activity,2 to 7 Days,3,Unknown
01MAR2026,M82040,MARYSVILLE MEDICAL PRACT,EMIS,U60057,SHREWSBURY PCN,M2L0M,"NHS Shropshire, Telford and Wrekin ICB - M2L0M",GP,Video Conference/Online,Unplanned Clinical Activity,1 Day,8,Attended
01MAR2026,M82040,MARYSVILLE MEDICAL PRACT,EMIS,U60057,SHREWSBURY PCN,M2L0M,"NHS Shropshire, Telford and Wrekin ICB - M2L0M",GP,Video Conference/Online,Inconsistent Mapping,Same Day,28,Attended
01MAR2026,M82040,MARYSVILLE MEDICAL PRACT,EMIS,U60057,SHREWSBURY PCN,M2L0M,"NHS Shropshire, Telford and Wrekin ICB - M2L0M",GP,Video Conference/Online,Inconsistent Mapping,More than 28 Days,2,Attended
01MAR2026,M82040,MARYSVILLE MEDICAL PRACT,EMIS,U60057,SHREWSBURY PCN,M2L0M,"NHS Shropshire, Telford and Wrekin ICB - M2L0M",GP,Video Conference/Online,Inconsistent Mapping,8 to 14 Days,1,Unknown
01MAR2026,M82040,MARYSVILLE MEDICAL PRACT,EMIS,U60057,SHREWSBURY PCN,M2L0M,"NHS Shropshire, Telford and Wrekin ICB - M2L0M",GP,Video Conference/Online,Inconsistent Mapping,8 to 14 Days,9,Attended
01MAR2026,M82040,MARYSVILLE MEDICAL PRACT,EMIS,U60057,SHREWSBURY PCN,M2L0M,"NHS Shropshire, Telford and Wrekin ICB - M2L0M",GP,Video Conference/Online,Inconsistent Mapping,22 to 28 Days,15,Attended
01MAR2026,M82040,MARYSVILLE MEDICAL PRACT,EMIS,U60057,SHREWSBURY PCN,M2L0M,"NHS Shropshire, Telford and Wrekin ICB - M2L0M",Other Practice staff,Face-to-Face,General Consultation Routine,1 Day,2,Attended
01MAR2026,M82040,MARYSVILLE MEDICAL PRACT,EMIS,U60057,SHREWSBURY PCN,M2L0M,"NHS Shropshire, Telford and Wrekin ICB - M2L0M",GP,Video Conference/Online,Inconsistent Mapping,2 to 7 Days,7,Unknown
01MAR2026,M82040,MARYSVILLE MEDICAL PRACT,EMIS,U60057,SHREWSBURY PCN,M2L0M,"NHS Shropshire, Telford and Wrekin ICB - M2L0M",GP,Video Conference/Online,Inconsistent Mapping,2 to 7 Days,56,Attended
01MAR2026,M82040,MARYSVILLE MEDICAL PRACT,EMIS,U60057,SHREWSBURY PCN,M2L0M,"NHS Shropshire, Telford and Wrekin ICB - M2L0M",GP,Video Conference/Online,Inconsistent Mapping,15 to 21 Days,11,Attended
01MAR2026,M82040,MARYSVILLE MEDICAL PRACT,EMIS,U60057,SHREWSBURY PCN,M2L0M,"NHS Shropshire, Telford and Wrekin ICB - M2L0M",GP,Video Conference/Online,Inconsistent Mapping,1 Day,23,Attended
01MAR2026,M82040,MARYSVILLE MEDICAL PRACT,EMIS,U60057,SHREWSBURY PCN,M2L0M,"NHS Shropshire, Telford and Wrekin ICB - M2L0M",GP,Video Conference/Online,Clinical Triage,Same Day,1,Unknown
01MAR2026,M82040,MARYSVILLE MEDICAL PRACT,EMIS,U60057,SHREWSBURY PCN,M2L0M,"NHS Shropshire, Telford and Wrekin ICB - M2L0M",GP,Video Conference/Online,Clinical Triage,Same Day,60,Attended
01MAR2026,M82040,MARYSVILLE MEDICAL PRACT,EMIS,U60057,SHREWSBURY PCN,M2L0M,"NHS Shropshire, Telford and Wrekin ICB - M2L0M",Other Practice staff,Face-to-Face,General Consultation Routine,8 to 14 Days,7,Attended
01MAR2026,M82040,MARYSVILLE MEDICAL PRACT,EMIS,U60057,SHREWSBURY PCN,M2L0M,"NHS Shropshire, Telford and Wrekin ICB - M2L0M",Other Practice staff,Face-to-Face,Inconsistent Mapping,15 to 21 Days,8,Attended
01MAR2026,M82040,MARYSVILLE MEDICAL PRACT,EMIS,U60057,SHREWSBURY PCN,M2L0M,"NHS Shropshire, Telford and Wrekin ICB - M2L0M",GP,Video Conference/Online,Clinical Triage,8 to 14 Days,5,Attended
01MAR2026,M82040,MARYSVILLE MEDICAL PRACT,EMIS,U60057,SHREWSBURY PCN,M2L0M,"NHS Shropshire, Telford and Wrekin ICB - M2L0M",GP,Video Conference/Online,Clinical Triage,2 to 7 Days,6,Unknown
01MAR2026,M82040,MARYSVILLE MEDICAL PRACT,EMIS,U60057,SHREWSBURY PCN,M2L0M,"NHS Shropshire, Telford and Wrekin ICB - M2L0M",GP,Video Conference/Online,Clinical Triage,2 to 7 Days,22,Attended
01MAR2026,M82040,MARYSVILLE MEDICAL PRACT,EMIS,U60057,SHREWSBURY PCN,M2L0M,"NHS Shropshire, Telford and Wrekin ICB - M2L0M",GP,Video Conference/Online,Clinical Triage,1 Day,26,Attended
01MAR2026,M82040,MARYSVILLE MEDICAL PRACT,EMIS,U60057,SHREWSBURY PCN,M2L0M,"NHS Shropshire, Telford and Wrekin ICB - M2L0M",GP,Telephone,Unplanned Clinical Activity,Same Day,17,Attended
01MAR2026,M82040,MARYSVILLE MEDICAL PRACT,EMIS,U60057,SHREWSBURY PCN,M2L0M,"NHS Shropshire, Telford and Wrekin ICB - M2L0M",GP,Telephone,Social Prescribing Service,8 to 14 Days,1,Unknown
01MAR2026,M82040,MARYSVILLE MEDICAL PRACT,EMIS,U60057,SHREWSBURY PCN,M2L0M,"NHS Shropshire, Telford and Wrekin ICB - M2L0M",GP,Telephone,Planned Clinics,Same Day,4,Attended
01MAR2026,M82040,MARYSVILLE MEDICAL PRACT,EMIS,U60057,SHREWSBURY PCN,M2L0M,"NHS Shropshire, Telford and Wrekin ICB - M2L0M",GP,Telephone,Planned Clinics,More than 28 Days,1,Unknown
01MAR2026,M82040,MARYSVILLE MEDICAL PRACT,EMIS,U60057,SHREWSBURY PCN,M2L0M,"NHS Shropshire, Telford and Wrekin ICB - M2L0M",Other Practice staff,Face-to-Face,Inconsistent Mapping,More than 28 Days,8,Unknown
01MAR2026,M82040,MARYSVILLE MEDICAL PRACT,EMIS,U60057,SHREWSBURY PCN,M2L0M,"NHS Shropshire, Telford and Wrekin ICB - M2L0M",GP,Telephone,Planned Clinics,More than 28 Days,6,Attended
01MAR2026,M82040,MARYSVILLE MEDICAL PRACT,EMIS,U60057,SHREWSBURY PCN,M2L0M,"NHS Shropshire, Telford and Wrekin ICB - M2L0M",GP,Telephone,Planned Clinics,8 to 14 Days,4,Attended
01MAR2026,M82040,MARYSVILLE MEDICAL PRACT,EMIS,U60057,SHREWSBURY PCN,M2L0M,"NHS Shropshire, Telford and Wrekin ICB - M2L0M",Other Practice staff,Face-to-Face,Planned Clinical Procedure,1 Day,1,DNA
01MAR2026,M82040,MARYSVILLE MEDICAL PRACT,EMIS,U60057,SHREWSBURY PCN,M2L0M,"NHS Shropshire, Telford and Wrekin ICB - M2L0M",GP,Telephone,Planned Clinics,22 to 28 Days,1,DNA
01MAR2026,M82040,MARYSVILLE MEDICAL PRACT,EMIS,U60057,SHREWSBURY PCN,M2L0M,"NHS Shropshire, Telford and Wrekin ICB - M2L0M",GP,Telephone,Planned Clinics,22 to 28 Days,4,Attended
01MAR2026,M82040,MARYSVILLE MEDICAL PRACT,EMIS,U60057,SHREWSBURY PCN,M2L0M,"NHS Shropshire, Telford and Wrekin ICB - M2L0M",GP,Telephone,Planned Clinics,2 to 7 Days,1,DNA
01MAR2026,M82040,MARYSVILLE MEDICAL PRACT,EMIS,U60057,SHREWSBURY PCN,M2L0M,"NHS Shropshire, Telford and Wrekin ICB - M2L0M",GP,Telephone,Planned Clinics,2 to 7 Days,4,Attended
01MAR2026,M82040,MARYSVILLE MEDICAL PRACT,EMIS,U60057,SHREWSBURY PCN,M2L0M,"NHS Shropshire, Telford and Wrekin ICB - M2L0M",GP,Telephone,Planned Clinics,15 to 21 Days,1,Unknown
01MAR2026,M82040,MARYSVILLE MEDICAL PRACT,EMIS,U60057,SHREWSBURY PCN,M2L0M,"NHS Shropshire, Telford and Wrekin ICB - M2L0M",GP,Telephone,Planned Clinics,15 to 21 Days,2,Attended
01MAR2026,M82040,MARYSVILLE MEDICAL PRACT,EMIS,U60057,SHREWSBURY PCN,M2L0M,"NHS Shropshire, Telford and Wrekin ICB - M2L0M",Other Practice staff,Face-to-Face,Planned Clinical Procedure,2 to 7 Days,196,Attended
01MAR2026,M82040,MARYSVILLE MEDICAL PRACT,EMIS,U60057,SHREWSBURY PCN,M2L0M,"NHS Shropshire, Telford and Wrekin ICB - M2L0M",GP,Telephone,Planned Clinics,1 Day,3,Attended
01MAR2026,M82040,MARYSVILLE MEDICAL PRACT,EMIS,U60057,SHREWSBURY PCN,M2L0M,"NHS Shropshire, Telford and Wrekin ICB - M2L0M",GP,Telephone,General Consultation Acute,Same Day,9,Attended
01MAR2026,M82040,MARYSVILLE MEDICAL PRACT,EMIS,U60057,SHREWSBURY PCN,M2L0M,"NHS Shropshire, Telford and Wrekin ICB - M2L0M",GP,Telephone,General Consultation Acute,1 Day,5,Attended
01MAR2026,M82040,MARYSVILLE MEDICAL PRACT,EMIS,U60057,SHREWSBURY PCN,M2L0M,"NHS Shropshire, Telford and Wrekin ICB - M2L0M",GP,Telephone,Clinical Triage,Same Day,1,Unknown
01MAR2026,M82040,MARYSVILLE MEDICAL PRACT,EMIS,U60057,SHREWSBURY PCN,M2L0M,"NHS Shropshire, Telford and Wrekin ICB - M2L0M",Other Practice staff,Face-to-Face,Planned Clinical Procedure,8 to 14 Days,3,Unknown
01MAR2026,M82040,MARYSVILLE MEDICAL PRACT,EMIS,U60057,SHREWSBURY PCN,M2L0M,"NHS Shropshire, Telford and Wrekin ICB - M2L0M",GP,Telephone,Clinical Triage,Same Day,1,DNA
01MAR2026,M82040,MARYSVILLE MEDICAL PRACT,EMIS,U60057,SHREWSBURY PCN,M2L0M,"NHS Shropshire, Telford and Wrekin ICB - M2L0M",GP,Telephone,Clinical Triage,Same Day,200,Attended
01MAR2026,M82040,MARYSVILLE MEDICAL PRACT,EMIS,U60057,SHREWSBURY PCN,M2L0M,"NHS Shropshire, Telford and Wrekin ICB - M2L0M",GP,Telephone,Clinical Triage,More than 28 Days,1,Attended
01MAR2026,M82040,MARYSVILLE MEDICAL PRACT,EMIS,U60057,SHREWSBURY PCN,M2L0M,"NHS Shropshire, Telford and Wrekin ICB - M2L0M",GP,Telephone,Clinical Triage,8 to 14 Days,4,Attended
01MAR2026,M82040,MARYSVILLE MEDICAL PRACT,EMIS,U60057,SHREWSBURY PCN,M2L0M,"NHS Shropshire, Telford and Wrekin ICB - M2L0M",Other Practice staff,Face-to-Face,Planned Clinical Procedure,Same Day,42,Attended
01MAR2026,M82040,MARYSVILLE MEDICAL PRACT,EMIS,U60057,SHREWSBURY PCN,M2L0M,"NHS Shropshire, Telford and Wrekin ICB - M2L0M",GP,Telephone,Clinical Triage,22 to 28 Days,1,Attended
01MAR2026,M82040,MARYSVILLE MEDICAL PRACT,EMIS,U60057,SHREWSBURY PCN,M2L0M,"NHS Shropshire, Telford and Wrekin ICB - M2L0M",GP,Telephone,Clinical Triage,2 to 7 Days,1,Unknown
01MAR2026,M82040,MARYSVILLE MEDICAL PRACT,EMIS,U60057,SHREWSBURY PCN,M2L0M,"NHS Shropshire, Telford and Wrekin ICB - M2L0M",Other Practice staff,Face-to-Face,Planned Clinics,15 to 21 Days,1,Unknown
01MAR2026,M82040,MARYSVILLE MEDICAL PRACT,EMIS,U60057,SHREWSBURY PCN,M2L0M,"NHS Shropshire, Telford and Wrekin ICB - M2L0M",GP,Telephone,Clinical Triage,2 to 7 Days,7,Attended
01MAR2026,M82040,MARYSVILLE MEDICAL PRACT,EMIS,U60057,SHREWSBURY PCN,M2L0M,"NHS Shropshire, Telford and Wrekin ICB - M2L0M",GP,Telephone,Clinical Triage,15 to 21 Days,2,Attended
01MAR2026,M82040,MARYSVILLE MEDICAL PRACT,EMIS,U60057,SHREWSBURY PCN,M2L0M,"NHS Shropshire, Telford and Wrekin ICB - M2L0M",GP,Telephone,Clinical Triage,1 Day,19,Attended
01MAR2026,M82040,MARYSVILLE MEDICAL PRACT,EMIS,U60057,SHREWSBURY PCN,M2L0M,"NHS Shropshire, Telford and Wrekin ICB - M2L0M",GP,Face-to-Face,Planned Clinics,Same Day,1,DNA
01MAR2026,M82040,MARYSVILLE MEDICAL PRACT,EMIS,U60057,SHREWSBURY PCN,M2L0M,"NHS Shropshire, Telford and Wrekin ICB - M2L0M",GP,Face-to-Face,Planned Clinics,Same Day,116,Attended
01MAR2026,M82040,MARYSVILLE MEDICAL PRACT,EMIS,U60057,SHREWSBURY PCN,M2L0M,"NHS Shropshire, Telford and Wrekin ICB - M2L0M",GP,Face-to-Face,Planned Clinics,More than 28 Days,7,Unknown
01MAR2026,M82040,MARYSVILLE MEDICAL PRACT,EMIS,U60057,SHREWSBURY PCN,M2L0M,"NHS Shropshire, Telford and Wrekin ICB - M2L0M",Other Practice staff,Face-to-Face,Planned Clinics,More than 28 Days,2,Unknown
01MAR2026,M82040,MARYSVILLE MEDICAL PRACT,EMIS,U60057,SHREWSBURY PCN,M2L0M,"NHS Shropshire, Telford and Wrekin ICB - M2L0M",GP,Face-to-Face,Planned Clinics,More than 28 Days,17,DNA
01MAR2026,M82040,MARYSVILLE MEDICAL PRACT,EMIS,U60057,SHREWSBURY PCN,M2L0M,"NHS Shropshire, Telford and Wrekin ICB - M2L0M",GP,Face-to-Face,Planned Clinics,More than 28 Days,160,Attended
01MAR2026,M82040,MARYSVILLE MEDICAL PRACT,EMIS,U60057,SHREWSBURY PCN,M2L0M,"NHS Shropshire, Telford and Wrekin ICB - M2L0M",GP,Face-to-Face,Planned Clinics,8 to 14 Days,2,DNA
01MAR2026,M82040,MARYSVILLE MEDICAL PRACT,EMIS,U60057,SHREWSBURY PCN,M2L0M,"NHS Shropshire, Telford and Wrekin ICB - M2L0M",GP,Face-to-Face,Planned Clinics,8 to 14 Days,23,Attended
01MAR2026,M82040,MARYSVILLE MEDICAL PRACT,EMIS,U60057,SHREWSBURY PCN,M2L0M,"NHS Shropshire, Telford and Wrekin ICB - M2L0M",Other Practice staff,Face-to-Face,Service provided by organisation external to the practice,15 to 21 Days,2,DNA
01MAR2026,M82040,MARYSVILLE MEDICAL PRACT,EMIS,U60057,SHREWSBURY PCN,M2L0M,"NHS Shropshire, Telford and Wrekin ICB - M2L0M",GP,Face-to-Face,Planned Clinics,22 to 28 Days,1,Unknown
01MAR2026,M82040,MARYSVILLE MEDICAL PRACT,EMIS,U60057,SHREWSBURY PCN,M2L0M,"NHS Shropshire, Telford and Wrekin ICB - M2L0M",GP,Face-to-Face,Planned Clinics,22 to 28 Days,6,DNA
01MAR2026,M82040,MARYSVILLE MEDICAL PRACT,EMIS,U60057,SHREWSBURY PCN,M2L0M,"NHS Shropshire, Telford and Wrekin ICB - M2L0M",GP,Face-to-Face,Planned Clinics,22 to 28 Days,69,Attended
01MAR2026,M82040,MARYSVILLE MEDICAL PRACT,EMIS,U60057,SHREWSBURY PCN,M2L0M,"NHS Shropshire, Telford and Wrekin ICB - M2L0M",GP,Face-to-Face,Planned Clinics,2 to 7 Days,1,DNA
01MAR2026,M82040,MARYSVILLE MEDICAL PRACT,EMIS,U60057,SHREWSBURY PCN,M2L0M,"NHS Shropshire, Telford and Wrekin ICB - M2L0M",Other Practice staff,Face-to-Face,Service provided by organisation external to the practice,22 to 28 Days,2,DNA
01MAR2026,M82040,MARYSVILLE MEDICAL PRACT,EMIS,U60057,SHREWSBURY PCN,M2L0M,"NHS Shropshire, Telford and Wrekin ICB - M2L0M",GP,Face-to-Face,Planned Clinics,2 to 7 Days,42,Attended
01MAR2026,M82040,MARYSVILLE MEDICAL PRACT,EMIS,U60057,SHREWSBURY PCN,M2L0M,"NHS Shropshire, Telford and Wrekin ICB - M2L0M",GP,Face-to-Face,Planned Clinics,15 to 21 Days,2,DNA
01MAR2026,M82040,MARYSVILLE MEDICAL PRACT,EMIS,U60057,SHREWSBURY PCN,M2L0M,"NHS Shropshire, Telford and Wrekin ICB - M2L0M",GP,Face-to-Face,Planned Clinics,15 to 21 Days,32,Attended
01MAR2026,M82040,MARYSVILLE MEDICAL PRACT,EMIS,U60057,SHREWSBURY PCN,M2L0M,"NHS Shropshire, Telford and Wrekin ICB - M2L0M",GP,Face-to-Face,Planned Clinics,1 Day,21,Attended
01MAR2026,M82040,MARYSVILLE MEDICAL PRACT,EMIS,U60057,SHREWSBURY PCN,M2L0M,"NHS Shropshire, Telford and Wrekin ICB - M2L0M",GP,Face-to-Face,Planned Clinical Procedure,Same Day,19,Attended
01MAR2026,M82040,MARYSVILLE MEDICAL PRACT,EMIS,U60057,SHREWSBURY PCN,M2L0M,"NHS Shropshire, Telford and Wrekin ICB - M2L0M",GP,Face-to-Face,Planned Clinical Procedure,More than 28 Days,3,Unknown
01MAR2026,M82040,MARYSVILLE MEDICAL PRACT,EMIS,U60057,SHREWSBURY PCN,M2L0M,"NHS Shropshire, Telford and Wrekin ICB - M2L0M",GP,Face-to-Face,Planned Clinical Procedure,More than 28 Days,26,Attended
01MAR2026,M82040,MARYSVILLE MEDICAL PRACT,EMIS,U60057,SHREWSBURY PCN,M2L0M,"NHS Shropshire, Telford and Wrekin ICB - M2L0M",GP,Face-to-Face,Planned Clinical Procedure,8 to 14 Days,1,Attended
01MAR2026,M82040,MARYSVILLE MEDICAL PRACT,EMIS,U60057,SHREWSBURY PCN,M2L0M,"NHS Shropshire, Telford and Wrekin ICB - M2L0M",Other Practice staff,Face-to-Face,Unplanned Clinical Activity,Same Day,2,Unknown
01MAR2026,M82040,MARYSVILLE MEDICAL PRACT,EMIS,U60057,SHREWSBURY PCN,M2L0M,"NHS Shropshire, Telford and Wrekin ICB - M2L0M",Other Practice staff,Telephone,Clinical Triage,22 to 28 Days,1,DNA
01MAR2026,M82040,MARYSVILLE MEDICAL PRACT,EMIS,U60057,SHREWSBURY PCN,M2L0M,"NHS Shropshire, Telford and Wrekin ICB - M2L0M",GP,Face-to-Face,Planned Clinical Procedure,2 to 7 Days,1,Attended
01MAR2026,M82040,MARYSVILLE MEDICAL PRACT,EMIS,U60057,SHREWSBURY PCN,M2L0M,"NHS Shropshire, Telford and Wrekin ICB - M2L0M",GP,Face-to-Face,Patient contact during Care Home Round,Same Day,15,Attended
01MAR2026,M82040,MARYSVILLE MEDICAL PRACT,EMIS,U60057,SHREWSBURY PCN,M2L0M,"NHS Shropshire, Telford and Wrekin ICB - M2L0M",GP,Face-to-Face,Patient contact during Care Home Round,8 to 14 Days,1,Attended
01MAR2026,M82040,MARYSVILLE MEDICAL PRACT,EMIS,U60057,SHREWSBURY PCN,M2L0M,"NHS Shropshire, Telford and Wrekin ICB - M2L0M",GP,Face-to-Face,Patient contact during Care Home Round,2 to 7 Days,5,Attended
01MAR2026,M82040,MARYSVILLE MEDICAL PRACT,EMIS,U60057,SHREWSBURY PCN,M2L0M,"NHS Shropshire, Telford and Wrekin ICB - M2L0M",Other Practice staff,Telephone,General Consultation Routine,2 to 7 Days,10,Attended
01MAR2026,M82040,MARYSVILLE MEDICAL PRACT,EMIS,U60057,SHREWSBURY PCN,M2L0M,"NHS Shropshire, Telford and Wrekin ICB - M2L0M",GP,Face-to-Face,Inconsistent Mapping,Same Day,28,Attended
01MAR2026,M82040,MARYSVILLE MEDICAL PRACT,EMIS,U60057,SHREWSBURY PCN,M2L0M,"NHS Shropshire, Telford and Wrekin ICB - M2L0M",GP,Face-to-Face,Inconsistent Mapping,More than 28 Days,1,Unknown
01MAR2026,M82040,MARYSVILLE MEDICAL PRACT,EMIS,U60057,SHREWSBURY PCN,M2L0M,"NHS Shropshire, Telford and Wrekin ICB - M2L0M",GP,Face-to-Face,Inconsistent Mapping,More than 28 Days,3,Attended
01MAR2026,M82040,MARYSVILLE MEDICAL PRACT,EMIS,U60057,SHREWSBURY PCN,M2L0M,"NHS Shropshire, Telford and Wrekin ICB - M2L0M",GP,Face-to-Face,Inconsistent Mapping,8 to 14 Days,3,Attended
01MAR2026,M82040,MARYSVILLE MEDICAL PRACT,EMIS,U60057,SHREWSBURY PCN,M2L0M,"NHS Shropshire, Telford and Wrekin ICB - M2L0M",GP,Face-to-Face,Inconsistent Mapping,2 to 7 Days,6,Unknown
01MAR2026,M82040,MARYSVILLE MEDICAL PRACT,EMIS,U60057,SHREWSBURY PCN,M2L0M,"NHS Shropshire, Telford and Wrekin ICB - M2L0M",GP,Face-to-Face,Inconsistent Mapping,2 to 7 Days,68,Attended
01MAR2026,M82040,MARYSVILLE MEDICAL PRACT,EMIS,U60057,SHREWSBURY PCN,M2L0M,"NHS Shropshire, Telford and Wrekin ICB - M2L0M",GP,Face-to-Face,Inconsistent Mapping,1 Day,1,Unknown
01MAR2026,M82040,MARYSVILLE MEDICAL PRACT,EMIS,U60057,SHREWSBURY PCN,M2L0M,"NHS Shropshire, Telford and Wrekin ICB - M2L0M",GP,Face-to-Face,Inconsistent Mapping,1 Day,34,Attended
01MAR2026,M82040,MARYSVILLE MEDICAL PRACT,EMIS,U60057,SHREWSBURY PCN,M2L0M,"NHS Shropshire, Telford and Wrekin ICB - M2L0M",Other Practice staff,Telephone,Planned Clinics,15 to 21 Days,33,Attended
01MAR2026,M82040,MARYSVILLE MEDICAL PRACT,EMIS,U60057,SHREWSBURY PCN,M2L0M,"NHS Shropshire, Telford and Wrekin ICB - M2L0M",GP,Face-to-Face,General Consultation Routine,Unknown / Data Issue,3,Unknown
01MAR2026,M82040,MARYSVILLE MEDICAL PRACT,EMIS,U60057,SHREWSBURY PCN,M2L0M,"NHS Shropshire, Telford and Wrekin ICB - M2L0M",GP,Face-to-Face,General Consultation Routine,Same Day,29,Unknown
01MAR2026,M82040,MARYSVILLE MEDICAL PRACT,EMIS,U60057,SHREWSBURY PCN,M2L0M,"NHS Shropshire, Telford and Wrekin ICB - M2L0M",GP,Face-to-Face,General Consultation Routine,More than 28 Days,10,Attended
01MAR2026,M82040,MARYSVILLE MEDICAL PRACT,EMIS,U60057,SHREWSBURY PCN,M2L0M,"NHS Shropshire, Telford and Wrekin ICB - M2L0M",GP,Face-to-Face,General Consultation Routine,22 to 28 Days,2,Attended
01MAR2026,M82040,MARYSVILLE MEDICAL PRACT,EMIS,U60057,SHREWSBURY PCN,M2L0M,"NHS Shropshire, Telford and Wrekin ICB - M2L0M",Other Practice staff,Telephone,Planned Clinics,8 to 14 Days,10,Attended
01MAR2026,M82040,MARYSVILLE MEDICAL PRACT,EMIS,U60057,SHREWSBURY PCN,M2L0M,"NHS Shropshire, Telford and Wrekin ICB - M2L0M",Other Practice staff,Telephone,Planned Clinics,Same Day,6,Attended
01MAR2026,M82040,MARYSVILLE MEDICAL PRACT,EMIS,U60057,SHREWSBURY PCN,M2L0M,"NHS Shropshire, Telford and Wrekin ICB - M2L0M",GP,Face-to-Face,General Consultation Routine,15 to 21 Days,1,Attended
01MAR2026,M82040,MARYSVILLE MEDICAL PRACT,EMIS,U60057,SHREWSBURY PCN,M2L0M,"NHS Shropshire, Telford and Wrekin ICB - M2L0M",GP,Face-to-Face,General Consultation Routine,1 Day,1,Attended
01MAR2026,M82040,MARYSVILLE MEDICAL PRACT,EMIS,U60057,SHREWSBURY PCN,M2L0M,"NHS Shropshire, Telford and Wrekin ICB - M2L0M",GP,Face-to-Face,General Consultation Acute,Same Day,37,Unknown
01MAR2026,M82040,MARYSVILLE MEDICAL PRACT,EMIS,U60057,SHREWSBURY PCN,M2L0M,"NHS Shropshire, Telford and Wrekin ICB - M2L0M",GP,Face-to-Face,General Consultation Acute,2 to 7 Days,1,Unknown
01MAR2026,M82040,MARYSVILLE MEDICAL PRACT,EMIS,U60057,SHREWSBURY PCN,M2L0M,"NHS Shropshire, Telford and Wrekin ICB - M2L0M",GP,Face-to-Face,General Consultation Acute,1 Day,1,Unknown
01MAR2026,M82040,MARYSVILLE MEDICAL PRACT,EMIS,U60057,SHREWSBURY PCN,M2L0M,"NHS Shropshire, Telford and Wrekin ICB - M2L0M",GP,Face-to-Face,Clinical Triage,Same Day,1,Unknown
01MAR2026,M82040,MARYSVILLE MEDICAL PRACT,EMIS,U60057,SHREWSBURY PCN,M2L0M,"NHS Shropshire, Telford and Wrekin ICB - M2L0M",GP,Face-to-Face,Clinical Triage,Same Day,322,Attended
01MAR2026,M82040,MARYSVILLE MEDICAL PRACT,EMIS,U60057,SHREWSBURY PCN,M2L0M,"NHS Shropshire, Telford and Wrekin ICB - M2L0M",GP,Face-to-Face,Clinical Triage,More than 28 Days,1,Unknown
01MAR2026,M82040,MARYSVILLE MEDICAL PRACT,EMIS,U60057,SHREWSBURY PCN,M2L0M,"NHS Shropshire, Telford and Wrekin ICB - M2L0M",GP,Face-to-Face,Clinical Triage,8 to 14 Days,1,Attended
01MAR2026,M82040,MARYSVILLE MEDICAL PRACT,EMIS,U60057,SHREWSBURY PCN,M2L0M,"NHS Shropshire, Telford and Wrekin ICB - M2L0M",GP,Face-to-Face,Clinical Triage,2 to 7 Days,5,Attended
01MAR2026,M82040,MARYSVILLE MEDICAL PRACT,EMIS,U60057,SHREWSBURY PCN,M2L0M,"NHS Shropshire, Telford and Wrekin ICB - M2L0M",GP,Face-to-Face,Clinical Triage,1 Day,24,Attended
01MAR2026,M82040,MARYSVILLE MEDICAL PRACT,EMIS,U60057,SHREWSBURY PCN,M2L0M,"NHS Shropshire, Telford and Wrekin ICB - M2L0M",GP,Face-to-Face,Care Home Visit,Same Day,1,Attended
01MAR2026,M82040,MARYSVILLE MEDICAL PRACT,EMIS,U60057,SHREWSBURY PCN,M2L0M,"NHS Shropshire, Telford and Wrekin ICB - M2L0M",GP,Face-to-Face,Care Home Visit,2 to 7 Days,1,Attended
01MAR2026,M82040,MARYSVILLE MEDICAL PRACT,EMIS,U60057,SHREWSBURY PCN,M2L0M,"NHS Shropshire, Telford and Wrekin ICB - M2L0M",Other Practice staff,Video Conference/Online,Unplanned Clinical Activity,2 to 7 Days,1,Attended
01MAR2026,M82047,MARDEN MEDICAL PRACTICE,EMIS,U60057,SHREWSBURY PCN,M2L0M,"NHS Shropshire, Telford and Wrekin ICB - M2L0M",Other Practice staff,Video Conference/Online,Inconsistent Mapping,8 to 14 Days,2,Attended
01MAR2026,M82047,MARDEN MEDICAL PRACTICE,EMIS,U60057,SHREWSBURY PCN,M2L0M,"NHS Shropshire, Telford and Wrekin ICB - M2L0M",GP,Telephone,General Consultation Acute,2 to 7 Days,20,Attended
01MAR2026,M82047,MARDEN MEDICAL PRACTICE,EMIS,U60057,SHREWSBURY PCN,M2L0M,"NHS Shropshire, Telford and Wrekin ICB - M2L0M",Other Practice staff,Video Conference/Online,Inconsistent Mapping,2 to 7 Days,16,Attended
01MAR2026,M82047,MARDEN MEDICAL PRACTICE,EMIS,U60057,SHREWSBURY PCN,M2L0M,"NHS Shropshire, Telford and Wrekin ICB - M2L0M",Other Practice staff,Video Conference/Online,Inconsistent Mapping,1 Day,16,Attended
01MAR2026,M82047,MARDEN MEDICAL PRACTICE,EMIS,U60057,SHREWSBURY PCN,M2L0M,"NHS Shropshire, Telford and Wrekin ICB - M2L0M",Other Practice staff,Video Conference/Online,General Consultation Acute,8 to 14 Days,1,Unknown
01MAR2026,M82047,MARDEN MEDICAL PRACTICE,EMIS,U60057,SHREWSBURY PCN,M2L0M,"NHS Shropshire, Telford and Wrekin ICB - M2L0M",GP,Telephone,Clinical Triage,Same Day,55,Attended
01MAR2026,M82047,MARDEN MEDICAL PRACTICE,EMIS,U60057,SHREWSBURY PCN,M2L0M,"NHS Shropshire, Telford and Wrekin ICB - M2L0M",Other Practice staff,Video Conference/Online,General Consultation Acute,2 to 7 Days,1,Unknown
01MAR2026,M82047,MARDEN MEDICAL PRACTICE,EMIS,U60057,SHREWSBURY PCN,M2L0M,"NHS Shropshire, Telford and Wrekin ICB - M2L0M",Other Practice staff,Telephone,Planned Clinics,8 to 14 Days,6,Attended
01MAR2026,M82047,MARDEN MEDICAL PRACTICE,EMIS,U60057,SHREWSBURY PCN,M2L0M,"NHS Shropshire, Telford and Wrekin ICB - M2L0M",GP,Telephone,Clinical Triage,1 Day,14,Attended
01MAR2026,M82047,MARDEN MEDICAL PRACTICE,EMIS,U60057,SHREWSBURY PCN,M2L0M,"NHS Shropshire, Telford and Wrekin ICB - M2L0M",Other Practice staff,Telephone,Planned Clinics,15 to 21 Days,9,Attended
01MAR2026,M82047,MARDEN MEDICAL PRACTICE,EMIS,U60057,SHREWSBURY PCN,M2L0M,"NHS Shropshire, Telford and Wrekin ICB - M2L0M",Other Practice staff,Telephone,General Consultation Routine,8 to 14 Days,2,Attended
01MAR2026,M82047,MARDEN MEDICAL PRACTICE,EMIS,U60057,SHREWSBURY PCN,M2L0M,"NHS Shropshire, Telford and Wrekin ICB - M2L0M",Other Practice staff,Telephone,General Consultation Routine,1 Day,2,Attended
01MAR2026,M82047,MARDEN MEDICAL PRACTICE,EMIS,U60057,SHREWSBURY PCN,M2L0M,"NHS Shropshire, Telford and Wrekin ICB - M2L0M",Other Practice staff,Telephone,General Consultation Acute,Same Day,29,Attended
01MAR2026,M82047,MARDEN MEDICAL PRACTICE,EMIS,U60057,SHREWSBURY PCN,M2L0M,"NHS Shropshire, Telford and Wrekin ICB - M2L0M",GP,Face-to-Face,Planned Clinics,15 to 21 Days,2,Attended
01MAR2026,M82047,MARDEN MEDICAL PRACTICE,EMIS,U60057,SHREWSBURY PCN,M2L0M,"NHS Shropshire, Telford and Wrekin ICB - M2L0M",Other Practice staff,Telephone,General Consultation Acute,8 to 14 Days,1,Attended
01MAR2026,M82047,MARDEN MEDICAL PRACTICE,EMIS,U60057,SHREWSBURY PCN,M2L0M,"NHS Shropshire, Telford and Wrekin ICB - M2L0M",Other Practice staff,Telephone,Clinical Triage,8 to 14 Days,1,Attended
01MAR2026,M82047,MARDEN MEDICAL PRACTICE,EMIS,U60057,SHREWSBURY PCN,M2L0M,"NHS Shropshire, Telford and Wrekin ICB - M2L0M",GP,Face-to-Face,Planned Clinical Procedure,15 to 21 Days,1,DNA
01MAR2026,M82047,MARDEN MEDICAL PRACTICE,EMIS,U60057,SHREWSBURY PCN,M2L0M,"NHS Shropshire, Telford and Wrekin ICB - M2L0M",Other Practice staff,Home Visit,Patient contact during Care Home Round,8 to 14 Days,1,Attended
01MAR2026,M82047,MARDEN MEDICAL PRACTICE,EMIS,U60057,SHREWSBURY PCN,M2L0M,"NHS Shropshire, Telford and Wrekin ICB - M2L0M",Other Practice staff,Face-to-Face,Planned Clinics,Same Day,1,Attended
01MAR2026,M82047,MARDEN MEDICAL PRACTICE,EMIS,U60057,SHREWSBURY PCN,M2L0M,"NHS Shropshire, Telford and Wrekin ICB - M2L0M",GP,Face-to-Face,Planned Clinical Procedure,Same Day,1,Attended
01MAR2026,M82047,MARDEN MEDICAL PRACTICE,EMIS,U60057,SHREWSBURY PCN,M2L0M,"NHS Shropshire, Telford and Wrekin ICB - M2L0M",GP,Face-to-Face,Inconsistent Mapping,8 to 14 Days,6,DNA
01MAR2026,M82047,MARDEN MEDICAL PRACTICE,EMIS,U60057,SHREWSBURY PCN,M2L0M,"NHS Shropshire, Telford and Wrekin ICB - M2L0M",Other Practice staff,Face-to-Face,Planned Clinics,22 to 28 Days,7,Attended
01MAR2026,M82047,MARDEN MEDICAL PRACTICE,EMIS,U60057,SHREWSBURY PCN,M2L0M,"NHS Shropshire, Telford and Wrekin ICB - M2L0M",Other Practice staff,Face-to-Face,Planned Clinics,1 Day,1,Attended
01MAR2026,M82047,MARDEN MEDICAL PRACTICE,EMIS,U60057,SHREWSBURY PCN,M2L0M,"NHS Shropshire, Telford and Wrekin ICB - M2L0M",GP,Face-to-Face,General Consultation Acute,1 Day,7,Attended
01MAR2026,M82047,MARDEN MEDICAL PRACTICE,EMIS,U60057,SHREWSBURY PCN,M2L0M,"NHS Shropshire, Telford and Wrekin ICB - M2L0M",Other Practice staff,Face-to-Face,Planned Clinical Procedure,2 to 7 Days,1,Attended
01MAR2026,M82047,MARDEN MEDICAL PRACTICE,EMIS,U60057,SHREWSBURY PCN,M2L0M,"NHS Shropshire, Telford and Wrekin ICB - M2L0M",Other Practice staff,Face-to-Face,Inconsistent Mapping,8 to 14 Days,6,DNA
01MAR2026,M82047,MARDEN MEDICAL PRACTICE,EMIS,U60057,SHREWSBURY PCN,M2L0M,"NHS Shropshire, Telford and Wrekin ICB - M2L0M",GP,Face-to-Face,Inconsistent Mapping,2 to 7 Days,9,DNA
01MAR2026,M82047,MARDEN MEDICAL PRACTICE,EMIS,U60057,SHREWSBURY PCN,M2L0M,"NHS Shropshire, Telford and Wrekin ICB - M2L0M",Other Practice staff,Face-to-Face,Inconsistent Mapping,22 to 28 Days,1,Attended
01MAR2026,M82047,MARDEN MEDICAL PRACTICE,EMIS,U60057,SHREWSBURY PCN,M2L0M,"NHS Shropshire, Telford and Wrekin ICB - M2L0M",Other Practice staff,Face-to-Face,Inconsistent Mapping,2 to 7 Days,5,DNA
01MAR2026,M82047,MARDEN MEDICAL PRACTICE,EMIS,U60057,SHREWSBURY PCN,M2L0M,"NHS Shropshire, Telford and Wrekin ICB - M2L0M",GP,Face-to-Face,Inconsistent Mapping,15 to 21 Days,2,Unknown
01MAR2026,M82047,MARDEN MEDICAL PRACTICE,EMIS,U60057,SHREWSBURY PCN,M2L0M,"NHS Shropshire, Telford and Wrekin ICB - M2L0M",Other Practice staff,Face-to-Face,Inconsistent Mapping,2 to 7 Days,49,Attended
01MAR2026,M82047,MARDEN MEDICAL PRACTICE,EMIS,U60057,SHREWSBURY PCN,M2L0M,"NHS Shropshire, Telford and Wrekin ICB - M2L0M",Other Practice staff,Face-to-Face,Inconsistent Mapping,8 to 14 Days,29,Attended
01MAR2026,M82047,MARDEN MEDICAL PRACTICE,EMIS,U60057,SHREWSBURY PCN,M2L0M,"NHS Shropshire, Telford and Wrekin ICB - M2L0M",GP,Face-to-Face,Inconsistent Mapping,2 to 7 Days,9,Unknown
01MAR2026,M82047,MARDEN MEDICAL PRACTICE,EMIS,U60057,SHREWSBURY PCN,M2L0M,"NHS Shropshire, Telford and Wrekin ICB - M2L0M",Other Practice staff,Face-to-Face,Planned Clinical Procedure,22 to 28 Days,1,Attended
01MAR2026,M82047,MARDEN MEDICAL PRACTICE,EMIS,U60057,SHREWSBURY PCN,M2L0M,"NHS Shropshire, Telford and Wrekin ICB - M2L0M",GP,Face-to-Face,Inconsistent Mapping,22 to 28 Days,23,Attended
01MAR2026,M82047,MARDEN MEDICAL PRACTICE,EMIS,U60057,SHREWSBURY PCN,M2L0M,"NHS Shropshire, Telford and Wrekin ICB - M2L0M",Other Practice staff,Face-to-Face,Planned Clinics,15 to 21 Days,5,Unknown
01MAR2026,M82047,MARDEN MEDICAL PRACTICE,EMIS,U60057,SHREWSBURY PCN,M2L0M,"NHS Shropshire, Telford and Wrekin ICB - M2L0M",GP,Face-to-Face,Inconsistent Mapping,8 to 14 Days,82,Attended
01MAR2026,M82047,MARDEN MEDICAL PRACTICE,EMIS,U60057,SHREWSBURY PCN,M2L0M,"NHS Shropshire, Telford and Wrekin ICB - M2L0M",Other Practice staff,Home Visit,Patient contact during Care Home Round,Same Day,101,Attended
01MAR2026,M82047,MARDEN MEDICAL PRACTICE,EMIS,U60057,SHREWSBURY PCN,M2L0M,"NHS Shropshire, Telford and Wrekin ICB - M2L0M",Other Practice staff,Face-to-Face,Planned Clinics,8 to 14 Days,21,Attended
01MAR2026,M82047,MARDEN MEDICAL PRACTICE,EMIS,U60057,SHREWSBURY PCN,M2L0M,"NHS Shropshire, Telford and Wrekin ICB - M2L0M",GP,Face-to-Face,Inconsistent Mapping,Same Day,4,DNA
01MAR2026,M82047,MARDEN MEDICAL PRACTICE,EMIS,U60057,SHREWSBURY PCN,M2L0M,"NHS Shropshire, Telford and Wrekin ICB - M2L0M",Other Practice staff,Home Visit,Patient contact during Care Home Round,2 to 7 Days,17,Attended
01MAR2026,M82047,MARDEN MEDICAL PRACTICE,EMIS,U60057,SHREWSBURY PCN,M2L0M,"NHS Shropshire, Telford and Wrekin ICB - M2L0M",Other Practice staff,Telephone,General Consultation Acute,2 to 7 Days,1,Attended
01MAR2026,M82047,MARDEN MEDICAL PRACTICE,EMIS,U60057,SHREWSBURY PCN,M2L0M,"NHS Shropshire, Telford and Wrekin ICB - M2L0M",Other Practice staff,Home Visit,Patient contact during Care Home Round,Same Day,2,Unknown
01MAR2026,M82047,MARDEN MEDICAL PRACTICE,EMIS,U60057,SHREWSBURY PCN,M2L0M,"NHS Shropshire, Telford and Wrekin ICB - M2L0M",Other Practice staff,Telephone,Clinical Triage,Same Day,3,Attended
01MAR2026,M82047,MARDEN MEDICAL PRACTICE,EMIS,U60057,SHREWSBURY PCN,M2L0M,"NHS Shropshire, Telford and Wrekin ICB - M2L0M",GP,Face-to-Face,Planned Clinics,2 to 7 Days,2,Attended
01MAR2026,M82047,MARDEN MEDICAL PRACTICE,EMIS,U60057,SHREWSBURY PCN,M2L0M,"NHS Shropshire, Telford and Wrekin ICB - M2L0M",GP,Face-to-Face,Planned Clinics,8 to 14 Days,2,Attended
01MAR2026,M82047,MARDEN MEDICAL PRACTICE,EMIS,U60057,SHREWSBURY PCN,M2L0M,"NHS Shropshire, Telford and Wrekin ICB - M2L0M",Other Practice staff,Telephone,Planned Clinics,1 Day,3,Attended
01MAR2026,M82047,MARDEN MEDICAL PRACTICE,EMIS,U60057,SHREWSBURY PCN,M2L0M,"NHS Shropshire, Telford and Wrekin ICB - M2L0M",Other Practice staff,Telephone,Planned Clinics,2 to 7 Days,4,Attended
01MAR2026,M82047,MARDEN MEDICAL PRACTICE,EMIS,U60057,SHREWSBURY PCN,M2L0M,"NHS Shropshire, Telford and Wrekin ICB - M2L0M",Other Practice staff,Telephone,Planned Clinics,2 to 7 Days,1,Unknown
01MAR2026,M82047,MARDEN MEDICAL PRACTICE,EMIS,U60057,SHREWSBURY PCN,M2L0M,"NHS Shropshire, Telford and Wrekin ICB - M2L0M",GP,Telephone,Clinical Triage,2 to 7 Days,7,Attended
01MAR2026,M82047,MARDEN MEDICAL PRACTICE,EMIS,U60057,SHREWSBURY PCN,M2L0M,"NHS Shropshire, Telford and Wrekin ICB - M2L0M",Other Practice staff,Telephone,Planned Clinics,Same Day,1,DNA
01MAR2026,M82047,MARDEN MEDICAL PRACTICE,EMIS,U60057,SHREWSBURY PCN,M2L0M,"NHS Shropshire, Telford and Wrekin ICB - M2L0M",Other Practice staff,Video Conference/Online,General Consultation Acute,Same Day,187,Attended
01MAR2026,M82047,MARDEN MEDICAL PRACTICE,EMIS,U60057,SHREWSBURY PCN,M2L0M,"NHS Shropshire, Telford and Wrekin ICB - M2L0M",GP,Telephone,General Consultation Acute,15 to 21 Days,4,Attended
01MAR2026,M82047,MARDEN MEDICAL PRACTICE,EMIS,U60057,SHREWSBURY PCN,M2L0M,"NHS Shropshire, Telford and Wrekin ICB - M2L0M",Other Practice staff,Video Conference/Online,Inconsistent Mapping,15 to 21 Days,35,Attended
01MAR2026,M82047,MARDEN MEDICAL PRACTICE,EMIS,U60057,SHREWSBURY PCN,M2L0M,"NHS Shropshire, Telford and Wrekin ICB - M2L0M",Other Practice staff,Video Conference/Online,Inconsistent Mapping,2 to 7 Days,3,Unknown
01MAR2026,M82047,MARDEN MEDICAL PRACTICE,EMIS,U60057,SHREWSBURY PCN,M2L0M,"NHS Shropshire, Telford and Wrekin ICB - M2L0M",Other Practice staff,Video Conference/Online,Inconsistent Mapping,22 to 28 Days,69,Attended
01MAR2026,M82047,MARDEN MEDICAL PRACTICE,EMIS,U60057,SHREWSBURY PCN,M2L0M,"NHS Shropshire, Telford and Wrekin ICB - M2L0M",GP,Telephone,General Consultation Acute,2 to 7 Days,1,Unknown
01MAR2026,M82047,MARDEN MEDICAL PRACTICE,EMIS,U60057,SHREWSBURY PCN,M2L0M,"NHS Shropshire, Telford and Wrekin ICB - M2L0M",Other Practice staff,Video Conference/Online,Inconsistent Mapping,Same Day,322,Attended
01MAR2026,M82047,MARDEN MEDICAL PRACTICE,EMIS,U60057,SHREWSBURY PCN,M2L0M,"NHS Shropshire, Telford and Wrekin ICB - M2L0M",Other Practice staff,Face-to-Face,Inconsistent Mapping,15 to 21 Days,8,Attended
01MAR2026,M82047,MARDEN MEDICAL PRACTICE,EMIS,U60057,SHREWSBURY PCN,M2L0M,"NHS Shropshire, Telford and Wrekin ICB - M2L0M",GP,Face-to-Face,Inconsistent Mapping,15 to 21 Days,7,DNA
01MAR2026,M82047,MARDEN MEDICAL PRACTICE,EMIS,U60057,SHREWSBURY PCN,M2L0M,"NHS Shropshire, Telford and Wrekin ICB - M2L0M",Other Practice staff,Face-to-Face,General Consultation Routine,Unknown / Data Issue,1,Unknown
01MAR2026,M82047,MARDEN MEDICAL PRACTICE,EMIS,U60057,SHREWSBURY PCN,M2L0M,"NHS Shropshire, Telford and Wrekin ICB - M2L0M",Other Practice staff,Face-to-Face,General Consultation Routine,Same Day,1,DNA
01MAR2026,M82047,MARDEN MEDICAL PRACTICE,EMIS,U60057,SHREWSBURY PCN,M2L0M,"NHS Shropshire, Telford and Wrekin ICB - M2L0M",GP,Face-to-Face,Inconsistent Mapping,1 Day,1,DNA
01MAR2026,M82047,MARDEN MEDICAL PRACTICE,EMIS,U60057,SHREWSBURY PCN,M2L0M,"NHS Shropshire, Telford and Wrekin ICB - M2L0M",Other Practice staff,Face-to-Face,General Consultation Routine,More than 28 Days,1,Attended
01MAR2026,M82047,MARDEN MEDICAL PRACTICE,EMIS,U60057,SHREWSBURY PCN,M2L0M,"NHS Shropshire, Telford and Wrekin ICB - M2L0M",GP,Face-to-Face,General Consultation Routine,15 to 21 Days,37,Attended
01MAR2026,M82047,MARDEN MEDICAL PRACTICE,EMIS,U60057,SHREWSBURY PCN,M2L0M,"NHS Shropshire, Telford and Wrekin ICB - M2L0M",Other Practice staff,Face-to-Face,General Consultation Routine,8 to 14 Days,198,Attended
01MAR2026,M82047,MARDEN MEDICAL PRACTICE,EMIS,U60057,SHREWSBURY PCN,M2L0M,"NHS Shropshire, Telford and Wrekin ICB - M2L0M",Other Practice staff,Face-to-Face,General Consultation Routine,22 to 28 Days,2,Unknown
01MAR2026,M82047,MARDEN MEDICAL PRACTICE,EMIS,U60057,SHREWSBURY PCN,M2L0M,"NHS Shropshire, Telford and Wrekin ICB - M2L0M",GP,Face-to-Face,Home Visit,Same Day,53,Attended
01MAR2026,M82047,MARDEN MEDICAL PRACTICE,EMIS,U60057,SHREWSBURY PCN,M2L0M,"NHS Shropshire, Telford and Wrekin ICB - M2L0M",Other Practice staff,Face-to-Face,General Consultation Routine,2 to 7 Days,11,DNA
01MAR2026,M82047,MARDEN MEDICAL PRACTICE,EMIS,U60057,SHREWSBURY PCN,M2L0M,"NHS Shropshire, Telford and Wrekin ICB - M2L0M",Other Practice staff,Face-to-Face,General Consultation Routine,2 to 7 Days,134,Attended
01MAR2026,M82047,MARDEN MEDICAL PRACTICE,EMIS,U60057,SHREWSBURY PCN,M2L0M,"NHS Shropshire, Telford and Wrekin ICB - M2L0M",Other Practice staff,Face-to-Face,General Consultation Routine,15 to 21 Days,10,DNA
01MAR2026,M82047,MARDEN MEDICAL PRACTICE,EMIS,U60057,SHREWSBURY PCN,M2L0M,"NHS Shropshire, Telford and Wrekin ICB - M2L0M",GP,Face-to-Face,Home Visit,2 to 7 Days,1,Unknown
01MAR2026,M82047,MARDEN MEDICAL PRACTICE,EMIS,U60057,SHREWSBURY PCN,M2L0M,"NHS Shropshire, Telford and Wrekin ICB - M2L0M",Other Practice staff,Face-to-Face,General Consultation Routine,1 Day,6,Unknown
01MAR2026,M82047,MARDEN MEDICAL PRACTICE,EMIS,U60057,SHREWSBURY PCN,M2L0M,"NHS Shropshire, Telford and Wrekin ICB - M2L0M",Other Practice staff,Face-to-Face,General Consultation Routine,1 Day,3,DNA
01MAR2026,M82047,MARDEN MEDICAL PRACTICE,EMIS,U60057,SHREWSBURY PCN,M2L0M,"NHS Shropshire, Telford and Wrekin ICB - M2L0M",GP,Face-to-Face,Home Visit,8 to 14 Days,3,Attended
01MAR2026,M82047,MARDEN MEDICAL PRACTICE,EMIS,U60057,SHREWSBURY PCN,M2L0M,"NHS Shropshire, Telford and Wrekin ICB - M2L0M",GP,Face-to-Face,General Consultation Routine,22 to 28 Days,14,Attended
01MAR2026,M82047,MARDEN MEDICAL PRACTICE,EMIS,U60057,SHREWSBURY PCN,M2L0M,"NHS Shropshire, Telford and Wrekin ICB - M2L0M",Other Practice staff,Face-to-Face,General Consultation Acute,Same Day,130,Attended
01MAR2026,M82047,MARDEN MEDICAL PRACTICE,EMIS,U60057,SHREWSBURY PCN,M2L0M,"NHS Shropshire, Telford and Wrekin ICB - M2L0M",Other Practice staff,Face-to-Face,General Consultation Acute,8 to 14 Days,1,Unknown
01MAR2026,M82047,MARDEN MEDICAL PRACTICE,EMIS,U60057,SHREWSBURY PCN,M2L0M,"NHS Shropshire, Telford and Wrekin ICB - M2L0M",GP,Face-to-Face,General Consultation Routine,Same Day,8,Attended
01MAR2026,M82047,MARDEN MEDICAL PRACTICE,EMIS,U60057,SHREWSBURY PCN,M2L0M,"NHS Shropshire, Telford and Wrekin ICB - M2L0M",Other Practice staff,Face-to-Face,General Consultation Acute,2 to 7 Days,8,Attended
01MAR2026,M82047,MARDEN MEDICAL PRACTICE,EMIS,U60057,SHREWSBURY PCN,M2L0M,"NHS Shropshire, Telford and Wrekin ICB - M2L0M",Other Practice staff,Face-to-Face,Clinical Triage,Same Day,1,Attended
01MAR2026,M82047,MARDEN MEDICAL PRACTICE,EMIS,U60057,SHREWSBURY PCN,M2L0M,"NHS Shropshire, Telford and Wrekin ICB - M2L0M",Other Practice staff,Face-to-Face,Clinical Triage,More than 28 Days,1,Attended
01MAR2026,M82047,MARDEN MEDICAL PRACTICE,EMIS,U60057,SHREWSBURY PCN,M2L0M,"NHS Shropshire, Telford and Wrekin ICB - M2L0M",Other Practice staff,Face-to-Face,General Consultation Acute,22 to 28 Days,1,DNA
01MAR2026,M82047,MARDEN MEDICAL PRACTICE,EMIS,U60057,SHREWSBURY PCN,M2L0M,"NHS Shropshire, Telford and Wrekin ICB - M2L0M",GP,Face-to-Face,General Consultation Routine,8 to 14 Days,24,Attended
01MAR2026,M82047,MARDEN MEDICAL PRACTICE,EMIS,U60057,SHREWSBURY PCN,M2L0M,"NHS Shropshire, Telford and Wrekin ICB - M2L0M",Other Practice staff,Face-to-Face,Clinical Triage,22 to 28 Days,2,Attended
01MAR2026,M82047,MARDEN MEDICAL PRACTICE,EMIS,U60057,SHREWSBURY PCN,M2L0M,"NHS Shropshire, Telford and Wrekin ICB - M2L0M",GP,Video Conference/Online,Inconsistent Mapping,Same Day,588,Attended
01MAR2026,M82047,MARDEN MEDICAL PRACTICE,EMIS,U60057,SHREWSBURY PCN,M2L0M,"NHS Shropshire, Telford and Wrekin ICB - M2L0M",GP,Face-to-Face,Home Visit,2 to 7 Days,2,DNA
01MAR2026,M82047,MARDEN MEDICAL PRACTICE,EMIS,U60057,SHREWSBURY PCN,M2L0M,"NHS Shropshire, Telford and Wrekin ICB - M2L0M",GP,Video Conference/Online,Inconsistent Mapping,Same Day,2,Unknown
01MAR2026,M82047,MARDEN MEDICAL PRACTICE,EMIS,U60057,SHREWSBURY PCN,M2L0M,"NHS Shropshire, Telford and Wrekin ICB - M2L0M",GP,Video Conference/Online,Inconsistent Mapping,8 to 14 Days,1,Unknown
01MAR2026,M82047,MARDEN MEDICAL PRACTICE,EMIS,U60057,SHREWSBURY PCN,M2L0M,"NHS Shropshire, Telford and Wrekin ICB - M2L0M",Other Practice staff,Face-to-Face,General Consultation Routine,15 to 21 Days,130,Attended
01MAR2026,M82047,MARDEN MEDICAL PRACTICE,EMIS,U60057,SHREWSBURY PCN,M2L0M,"NHS Shropshire, Telford and Wrekin ICB - M2L0M",GP,Face-to-Face,General Consultation Routine,2 to 7 Days,1,Unknown
01MAR2026,M82047,MARDEN MEDICAL PRACTICE,EMIS,U60057,SHREWSBURY PCN,M2L0M,"NHS Shropshire, Telford and Wrekin ICB - M2L0M",GP,Video Conference/Online,Inconsistent Mapping,8 to 14 Days,4,Attended
01MAR2026,M82047,MARDEN MEDICAL PRACTICE,EMIS,U60057,SHREWSBURY PCN,M2L0M,"NHS Shropshire, Telford and Wrekin ICB - M2L0M",GP,Face-to-Face,General Consultation Routine,8 to 14 Days,1,Unknown
01MAR2026,M82047,MARDEN MEDICAL PRACTICE,EMIS,U60057,SHREWSBURY PCN,M2L0M,"NHS Shropshire, Telford and Wrekin ICB - M2L0M",Other Practice staff,Face-to-Face,General Consultation Acute,1 Day,9,Attended
01MAR2026,M82047,MARDEN MEDICAL PRACTICE,EMIS,U60057,SHREWSBURY PCN,M2L0M,"NHS Shropshire, Telford and Wrekin ICB - M2L0M",Other Practice staff,Face-to-Face,General Consultation Acute,8 to 14 Days,3,Attended
01MAR2026,M82047,MARDEN MEDICAL PRACTICE,EMIS,U60057,SHREWSBURY PCN,M2L0M,"NHS Shropshire, Telford and Wrekin ICB - M2L0M",GP,Face-to-Face,Home Visit,1 Day,13,Attended
01MAR2026,M82047,MARDEN MEDICAL PRACTICE,EMIS,U60057,SHREWSBURY PCN,M2L0M,"NHS Shropshire, Telford and Wrekin ICB - M2L0M",GP,Video Conference/Online,Inconsistent Mapping,2 to 7 Days,1,Unknown
01MAR2026,M82047,MARDEN MEDICAL PRACTICE,EMIS,U60057,SHREWSBURY PCN,M2L0M,"NHS Shropshire, Telford and Wrekin ICB - M2L0M",GP,Face-to-Face,General Consultation Routine,2 to 7 Days,20,Attended
01MAR2026,M82047,MARDEN MEDICAL PRACTICE,EMIS,U60057,SHREWSBURY PCN,M2L0M,"NHS Shropshire, Telford and Wrekin ICB - M2L0M",GP,Video Conference/Online,Inconsistent Mapping,2 to 7 Days,63,Attended
01MAR2026,M82047,MARDEN MEDICAL PRACTICE,EMIS,U60057,SHREWSBURY PCN,M2L0M,"NHS Shropshire, Telford and Wrekin ICB - M2L0M",GP,Video Conference/Online,Inconsistent Mapping,15 to 21 Days,3,Unknown
01MAR2026,M82047,MARDEN MEDICAL PRACTICE,EMIS,U60057,SHREWSBURY PCN,M2L0M,"NHS Shropshire, Telford and Wrekin ICB - M2L0M",Other Practice staff,Face-to-Face,General Consultation Routine,15 to 21 Days,5,Unknown
01MAR2026,M82047,MARDEN MEDICAL PRACTICE,EMIS,U60057,SHREWSBURY PCN,M2L0M,"NHS Shropshire, Telford and Wrekin ICB - M2L0M",Other Practice staff,Face-to-Face,General Consultation Routine,2 to 7 Days,29,Unknown
01MAR2026,M82047,MARDEN MEDICAL PRACTICE,EMIS,U60057,SHREWSBURY PCN,M2L0M,"NHS Shropshire, Telford and Wrekin ICB - M2L0M",GP,Face-to-Face,General Consultation Routine,15 to 21 Days,1,DNA
01MAR2026,M82047,MARDEN MEDICAL PRACTICE,EMIS,U60057,SHREWSBURY PCN,M2L0M,"NHS Shropshire, Telford and Wrekin ICB - M2L0M",GP,Video Conference/Online,Inconsistent Mapping,15 to 21 Days,22,Attended
01MAR2026,M82047,MARDEN MEDICAL PRACTICE,EMIS,U60057,SHREWSBURY PCN,M2L0M,"NHS Shropshire, Telford and Wrekin ICB - M2L0M",GP,Face-to-Face,Home Visit,2 to 7 Days,4,Attended
01MAR2026,M82047,MARDEN MEDICAL PRACTICE,EMIS,U60057,SHREWSBURY PCN,M2L0M,"NHS Shropshire, Telford and Wrekin ICB - M2L0M",Other Practice staff,Face-to-Face,General Consultation Routine,1 Day,29,Attended
01MAR2026,M82047,MARDEN MEDICAL PRACTICE,EMIS,U60057,SHREWSBURY PCN,M2L0M,"NHS Shropshire, Telford and Wrekin ICB - M2L0M",GP,Video Conference/Online,Inconsistent Mapping,1 Day,2,Unknown
01MAR2026,M82047,MARDEN MEDICAL PRACTICE,EMIS,U60057,SHREWSBURY PCN,M2L0M,"NHS Shropshire, Telford and Wrekin ICB - M2L0M",GP,Face-to-Face,Home Visit,Same Day,3,Unknown
01MAR2026,M82047,MARDEN MEDICAL PRACTICE,EMIS,U60057,SHREWSBURY PCN,M2L0M,"NHS Shropshire, Telford and Wrekin ICB - M2L0M",GP,Video Conference/Online,Inconsistent Mapping,1 Day,78,Attended
01MAR2026,M82047,MARDEN MEDICAL PRACTICE,EMIS,U60057,SHREWSBURY PCN,M2L0M,"NHS Shropshire, Telford and Wrekin ICB - M2L0M",Other Practice staff,Face-to-Face,General Consultation Routine,8 to 14 Days,16,DNA
01MAR2026,M82047,MARDEN MEDICAL PRACTICE,EMIS,U60057,SHREWSBURY PCN,M2L0M,"NHS Shropshire, Telford and Wrekin ICB - M2L0M",GP,Face-to-Face,Inconsistent Mapping,1 Day,88,Attended
01MAR2026,M82047,MARDEN MEDICAL PRACTICE,EMIS,U60057,SHREWSBURY PCN,M2L0M,"NHS Shropshire, Telford and Wrekin ICB - M2L0M",GP,Face-to-Face,Home Visit,Same Day,19,DNA
01MAR2026,M82047,MARDEN MEDICAL PRACTICE,EMIS,U60057,SHREWSBURY PCN,M2L0M,"NHS Shropshire, Telford and Wrekin ICB - M2L0M",GP,Video Conference/Online,General Consultation Routine,Same Day,4,Attended
01MAR2026,M82047,MARDEN MEDICAL PRACTICE,EMIS,U60057,SHREWSBURY PCN,M2L0M,"NHS Shropshire, Telford and Wrekin ICB - M2L0M",Other Practice staff,Face-to-Face,General Consultation Routine,8 to 14 Days,10,Unknown
01MAR2026,M82047,MARDEN MEDICAL PRACTICE,EMIS,U60057,SHREWSBURY PCN,M2L0M,"NHS Shropshire, Telford and Wrekin ICB - M2L0M",GP,Face-to-Face,General Consultation Routine,1 Day,1,Attended
01MAR2026,M82047,MARDEN MEDICAL PRACTICE,EMIS,U60057,SHREWSBURY PCN,M2L0M,"NHS Shropshire, Telford and Wrekin ICB - M2L0M",GP,Video Conference/Online,General Consultation Acute,Same Day,8,Unknown
01MAR2026,M82047,MARDEN MEDICAL PRACTICE,EMIS,U60057,SHREWSBURY PCN,M2L0M,"NHS Shropshire, Telford and Wrekin ICB - M2L0M",GP,Face-to-Face,General Consultation Acute,Same Day,2,DNA
01MAR2026,M82047,MARDEN MEDICAL PRACTICE,EMIS,U60057,SHREWSBURY PCN,M2L0M,"NHS Shropshire, Telford and Wrekin ICB - M2L0M",GP,Video Conference/Online,General Consultation Acute,Same Day,69,Attended
01MAR2026,M82047,MARDEN MEDICAL PRACTICE,EMIS,U60057,SHREWSBURY PCN,M2L0M,"NHS Shropshire, Telford and Wrekin ICB - M2L0M",Other Practice staff,Face-to-Face,General Consultation Routine,Same Day,98,Unknown
01MAR2026,M82047,MARDEN MEDICAL PRACTICE,EMIS,U60057,SHREWSBURY PCN,M2L0M,"NHS Shropshire, Telford and Wrekin ICB - M2L0M",GP,Telephone,Planned Clinics,1 Day,2,Attended
01MAR2026,M82047,MARDEN MEDICAL PRACTICE,EMIS,U60057,SHREWSBURY PCN,M2L0M,"NHS Shropshire, Telford and Wrekin ICB - M2L0M",GP,Telephone,General Consultation Routine,Same Day,31,Attended
01MAR2026,M82047,MARDEN MEDICAL PRACTICE,EMIS,U60057,SHREWSBURY PCN,M2L0M,"NHS Shropshire, Telford and Wrekin ICB - M2L0M",Other Practice staff,Face-to-Face,General Consultation Acute,Same Day,1,DNA
01MAR2026,M82047,MARDEN MEDICAL PRACTICE,EMIS,U60057,SHREWSBURY PCN,M2L0M,"NHS Shropshire, Telford and Wrekin ICB - M2L0M",Other Practice staff,Face-to-Face,General Consultation Routine,22 to 28 Days,28,Attended
01MAR2026,M82047,MARDEN MEDICAL PRACTICE,EMIS,U60057,SHREWSBURY PCN,M2L0M,"NHS Shropshire, Telford and Wrekin ICB - M2L0M",Other Practice staff,Face-to-Face,General Consultation Routine,Same Day,55,Attended
01MAR2026,M82047,MARDEN MEDICAL PRACTICE,EMIS,U60057,SHREWSBURY PCN,M2L0M,"NHS Shropshire, Telford and Wrekin ICB - M2L0M",GP,Face-to-Face,General Consultation Acute,Same Day,80,Attended
01MAR2026,M82047,MARDEN MEDICAL PRACTICE,EMIS,U60057,SHREWSBURY PCN,M2L0M,"NHS Shropshire, Telford and Wrekin ICB - M2L0M",GP,Telephone,General Consultation Routine,8 to 14 Days,2,Unknown
01MAR2026,M82047,MARDEN MEDICAL PRACTICE,EMIS,U60057,SHREWSBURY PCN,M2L0M,"NHS Shropshire, Telford and Wrekin ICB - M2L0M",GP,Face-to-Face,General Consultation Acute,2 to 7 Days,14,Attended
01MAR2026,M82047,MARDEN MEDICAL PRACTICE,EMIS,U60057,SHREWSBURY PCN,M2L0M,"NHS Shropshire, Telford and Wrekin ICB - M2L0M",Other Practice staff,Face-to-Face,Home Visit,2 to 7 Days,1,Attended
01MAR2026,M82047,MARDEN MEDICAL PRACTICE,EMIS,U60057,SHREWSBURY PCN,M2L0M,"NHS Shropshire, Telford and Wrekin ICB - M2L0M",GP,Telephone,General Consultation Routine,8 to 14 Days,2,DNA
01MAR2026,M82047,MARDEN MEDICAL PRACTICE,EMIS,U60057,SHREWSBURY PCN,M2L0M,"NHS Shropshire, Telford and Wrekin ICB - M2L0M",GP,Face-to-Face,General Consultation Acute,8 to 14 Days,1,DNA
01MAR2026,M82047,MARDEN MEDICAL PRACTICE,EMIS,U60057,SHREWSBURY PCN,M2L0M,"NHS Shropshire, Telford and Wrekin ICB - M2L0M",GP,Telephone,General Consultation Routine,8 to 14 Days,26,Attended
01MAR2026,M82047,MARDEN MEDICAL PRACTICE,EMIS,U60057,SHREWSBURY PCN,M2L0M,"NHS Shropshire, Telford and Wrekin ICB - M2L0M",Other Practice staff,Face-to-Face,Planned Clinical Procedure,8 to 14 Days,5,DNA
01MAR2026,M82047,MARDEN MEDICAL PRACTICE,EMIS,U60057,SHREWSBURY PCN,M2L0M,"NHS Shropshire, Telford and Wrekin ICB - M2L0M",Other Practice staff,Face-to-Face,Planned Clinics,15 to 21 Days,54,Attended
01MAR2026,M82047,MARDEN MEDICAL PRACTICE,EMIS,U60057,SHREWSBURY PCN,M2L0M,"NHS Shropshire, Telford and Wrekin ICB - M2L0M",GP,Telephone,General Consultation Routine,22 to 28 Days,1,DNA
01MAR2026,M82047,MARDEN MEDICAL PRACTICE,EMIS,U60057,SHREWSBURY PCN,M2L0M,"NHS Shropshire, Telford and Wrekin ICB - M2L0M",Other Practice staff,Face-to-Face,Inconsistent Mapping,1 Day,6,Attended
01MAR2026,M82047,MARDEN MEDICAL PRACTICE,EMIS,U60057,SHREWSBURY PCN,M2L0M,"NHS Shropshire, Telford and Wrekin ICB - M2L0M",GP,Face-to-Face,General Consultation Acute,8 to 14 Days,3,Attended
01MAR2026,M82047,MARDEN MEDICAL PRACTICE,EMIS,U60057,SHREWSBURY PCN,M2L0M,"NHS Shropshire, Telford and Wrekin ICB - M2L0M",GP,Telephone,General Consultation Routine,22 to 28 Days,11,Attended
01MAR2026,M82047,MARDEN MEDICAL PRACTICE,EMIS,U60057,SHREWSBURY PCN,M2L0M,"NHS Shropshire, Telford and Wrekin ICB - M2L0M",Other Practice staff,Face-to-Face,Planned Clinics,2 to 7 Days,9,Attended
01MAR2026,M82047,MARDEN MEDICAL PRACTICE,EMIS,U60057,SHREWSBURY PCN,M2L0M,"NHS Shropshire, Telford and Wrekin ICB - M2L0M",Other Practice staff,Face-to-Face,Planned Clinics,22 to 28 Days,1,Unknown
01MAR2026,M82047,MARDEN MEDICAL PRACTICE,EMIS,U60057,SHREWSBURY PCN,M2L0M,"NHS Shropshire, Telford and Wrekin ICB - M2L0M",GP,Face-to-Face,Inconsistent Mapping,Same Day,501,Attended
01MAR2026,M82047,MARDEN MEDICAL PRACTICE,EMIS,U60057,SHREWSBURY PCN,M2L0M,"NHS Shropshire, Telford and Wrekin ICB - M2L0M",Other Practice staff,Face-to-Face,Planned Clinics,8 to 14 Days,2,DNA
01MAR2026,M82047,MARDEN MEDICAL PRACTICE,EMIS,U60057,SHREWSBURY PCN,M2L0M,"NHS Shropshire, Telford and Wrekin ICB - M2L0M",GP,Face-to-Face,Planned Clinical Procedure,8 to 14 Days,2,Attended
01MAR2026,M82047,MARDEN MEDICAL PRACTICE,EMIS,U60057,SHREWSBURY PCN,M2L0M,"NHS Shropshire, Telford and Wrekin ICB - M2L0M",Other Practice staff,Home Visit,Patient contact during Care Home Round,1 Day,8,Attended
01MAR2026,M82047,MARDEN MEDICAL PRACTICE,EMIS,U60057,SHREWSBURY PCN,M2L0M,"NHS Shropshire, Telford and Wrekin ICB - M2L0M",GP,Face-to-Face,Planned Clinical Procedure,15 to 21 Days,9,Attended
01MAR2026,M82047,MARDEN MEDICAL PRACTICE,EMIS,U60057,SHREWSBURY PCN,M2L0M,"NHS Shropshire, Telford and Wrekin ICB - M2L0M",Other Practice staff,Home Visit,Patient contact during Care Home Round,2 to 7 Days,1,Unknown
01MAR2026,M82047,MARDEN MEDICAL PRACTICE,EMIS,U60057,SHREWSBURY PCN,M2L0M,"NHS Shropshire, Telford and Wrekin ICB - M2L0M",GP,Telephone,General Consultation Routine,2 to 7 Days,1,Unknown
01MAR2026,M82047,MARDEN MEDICAL PRACTICE,EMIS,U60057,SHREWSBURY PCN,M2L0M,"NHS Shropshire, Telford and Wrekin ICB - M2L0M",Other Practice staff,Home Visit,Patient contact during Care Home Round,Same Day,2,DNA
01MAR2026,M82047,MARDEN MEDICAL PRACTICE,EMIS,U60057,SHREWSBURY PCN,M2L0M,"NHS Shropshire, Telford and Wrekin ICB - M2L0M",GP,Face-to-Face,Planned Clinical Procedure,2 to 7 Days,1,Attended
01MAR2026,M82047,MARDEN MEDICAL PRACTICE,EMIS,U60057,SHREWSBURY PCN,M2L0M,"NHS Shropshire, Telford and Wrekin ICB - M2L0M",Other Practice staff,Face-to-Face,Inconsistent Mapping,Same Day,4,Attended
01MAR2026,M82047,MARDEN MEDICAL PRACTICE,EMIS,U60057,SHREWSBURY PCN,M2L0M,"NHS Shropshire, Telford and Wrekin ICB - M2L0M",GP,Telephone,General Consultation Routine,2 to 7 Days,1,DNA
01MAR2026,M82047,MARDEN MEDICAL PRACTICE,EMIS,U60057,SHREWSBURY PCN,M2L0M,"NHS Shropshire, Telford and Wrekin ICB - M2L0M",Other Practice staff,Telephone,General Consultation Acute,1 Day,2,Attended
01MAR2026,M82047,MARDEN MEDICAL PRACTICE,EMIS,U60057,SHREWSBURY PCN,M2L0M,"NHS Shropshire, Telford and Wrekin ICB - M2L0M",GP,Telephone,General Consultation Routine,2 to 7 Days,25,Attended
01MAR2026,M82047,MARDEN MEDICAL PRACTICE,EMIS,U60057,SHREWSBURY PCN,M2L0M,"NHS Shropshire, Telford and Wrekin ICB - M2L0M",GP,Face-to-Face,Inconsistent Mapping,2 to 7 Days,113,Attended
01MAR2026,M82047,MARDEN MEDICAL PRACTICE,EMIS,U60057,SHREWSBURY PCN,M2L0M,"NHS Shropshire, Telford and Wrekin ICB - M2L0M",Other Practice staff,Face-to-Face,Planned Clinical Procedure,15 to 21 Days,27,Attended
01MAR2026,M82047,MARDEN MEDICAL PRACTICE,EMIS,U60057,SHREWSBURY PCN,M2L0M,"NHS Shropshire, Telford and Wrekin ICB - M2L0M",GP,Face-to-Face,General Consultation Acute,15 to 21 Days,2,Attended
01MAR2026,M82047,MARDEN MEDICAL PRACTICE,EMIS,U60057,SHREWSBURY PCN,M2L0M,"NHS Shropshire, Telford and Wrekin ICB - M2L0M",GP,Telephone,General Consultation Routine,15 to 21 Days,1,Unknown
01MAR2026,M82047,MARDEN MEDICAL PRACTICE,EMIS,U60057,SHREWSBURY PCN,M2L0M,"NHS Shropshire, Telford and Wrekin ICB - M2L0M",Other Practice staff,Telephone,General Consultation Routine,15 to 21 Days,2,Attended
01MAR2026,M82047,MARDEN MEDICAL PRACTICE,EMIS,U60057,SHREWSBURY PCN,M2L0M,"NHS Shropshire, Telford and Wrekin ICB - M2L0M",Other Practice staff,Telephone,General Consultation Routine,Same Day,1,Attended
01MAR2026,M82047,MARDEN MEDICAL PRACTICE,EMIS,U60057,SHREWSBURY PCN,M2L0M,"NHS Shropshire, Telford and Wrekin ICB - M2L0M",GP,Face-to-Face,Unmapped,Same Day,1,Attended
01MAR2026,M82047,MARDEN MEDICAL PRACTICE,EMIS,U60057,SHREWSBURY PCN,M2L0M,"NHS Shropshire, Telford and Wrekin ICB - M2L0M",Other Practice staff,Telephone,Planned Clinics,1 Day,1,DNA
01MAR2026,M82047,MARDEN MEDICAL PRACTICE,EMIS,U60057,SHREWSBURY PCN,M2L0M,"NHS Shropshire, Telford and Wrekin ICB - M2L0M",GP,Telephone,General Consultation Routine,15 to 21 Days,3,DNA
01MAR2026,M82047,MARDEN MEDICAL PRACTICE,EMIS,U60057,SHREWSBURY PCN,M2L0M,"NHS Shropshire, Telford and Wrekin ICB - M2L0M",Other Practice staff,Face-to-Face,Planned Clinical Procedure,8 to 14 Days,28,Attended
01MAR2026,M82047,MARDEN MEDICAL PRACTICE,EMIS,U60057,SHREWSBURY PCN,M2L0M,"NHS Shropshire, Telford and Wrekin ICB - M2L0M",GP,Telephone,General Consultation Routine,15 to 21 Days,99,Attended
01MAR2026,M82047,MARDEN MEDICAL PRACTICE,EMIS,U60057,SHREWSBURY PCN,M2L0M,"NHS Shropshire, Telford and Wrekin ICB - M2L0M",GP,Telephone,Clinical Triage,1 Day,2,DNA
01MAR2026,M82047,MARDEN MEDICAL PRACTICE,EMIS,U60057,SHREWSBURY PCN,M2L0M,"NHS Shropshire, Telford and Wrekin ICB - M2L0M",Other Practice staff,Telephone,Planned Clinics,22 to 28 Days,1,Attended
01MAR2026,M82047,MARDEN MEDICAL PRACTICE,EMIS,U60057,SHREWSBURY PCN,M2L0M,"NHS Shropshire, Telford and Wrekin ICB - M2L0M",Other Practice staff,Telephone,Planned Clinics,8 to 14 Days,1,Unknown
01MAR2026,M82047,MARDEN MEDICAL PRACTICE,EMIS,U60057,SHREWSBURY PCN,M2L0M,"NHS Shropshire, Telford and Wrekin ICB - M2L0M",GP,Telephone,Clinical Triage,2 to 7 Days,1,DNA
01MAR2026,M82047,MARDEN MEDICAL PRACTICE,EMIS,U60057,SHREWSBURY PCN,M2L0M,"NHS Shropshire, Telford and Wrekin ICB - M2L0M",Other Practice staff,Video Conference/Online,General Consultation Acute,1 Day,7,Attended
01MAR2026,M82047,MARDEN MEDICAL PRACTICE,EMIS,U60057,SHREWSBURY PCN,M2L0M,"NHS Shropshire, Telford and Wrekin ICB - M2L0M",GP,Telephone,General Consultation Routine,1 Day,9,Attended
01MAR2026,M82047,MARDEN MEDICAL PRACTICE,EMIS,U60057,SHREWSBURY PCN,M2L0M,"NHS Shropshire, Telford and Wrekin ICB - M2L0M",GP,Face-to-Face,Inconsistent Mapping,22 to 28 Days,2,DNA
01MAR2026,M82047,MARDEN MEDICAL PRACTICE,EMIS,U60057,SHREWSBURY PCN,M2L0M,"NHS Shropshire, Telford and Wrekin ICB - M2L0M",GP,Face-to-Face,Clinical Triage,Same Day,4,Unknown
01MAR2026,M82047,MARDEN MEDICAL PRACTICE,EMIS,U60057,SHREWSBURY PCN,M2L0M,"NHS Shropshire, Telford and Wrekin ICB - M2L0M",GP,Telephone,General Consultation Acute,Same Day,3,Unknown
01MAR2026,M82047,MARDEN MEDICAL PRACTICE,EMIS,U60057,SHREWSBURY PCN,M2L0M,"NHS Shropshire, Telford and Wrekin ICB - M2L0M",GP,Telephone,General Consultation Acute,1 Day,15,Attended
01MAR2026,M82047,MARDEN MEDICAL PRACTICE,EMIS,U60057,SHREWSBURY PCN,M2L0M,"NHS Shropshire, Telford and Wrekin ICB - M2L0M",Other Practice staff,Video Conference/Online,General Consultation Acute,Same Day,18,Unknown
01MAR2026,M82047,MARDEN MEDICAL PRACTICE,EMIS,U60057,SHREWSBURY PCN,M2L0M,"NHS Shropshire, Telford and Wrekin ICB - M2L0M",Other Practice staff,Video Conference/Online,Inconsistent Mapping,1 Day,1,Unknown
01MAR2026,M82047,MARDEN MEDICAL PRACTICE,EMIS,U60057,SHREWSBURY PCN,M2L0M,"NHS Shropshire, Telford and Wrekin ICB - M2L0M",GP,Telephone,General Consultation Acute,15 to 21 Days,1,DNA
01MAR2026,M82047,MARDEN MEDICAL PRACTICE,EMIS,U60057,SHREWSBURY PCN,M2L0M,"NHS Shropshire, Telford and Wrekin ICB - M2L0M",Other Practice staff,Video Conference/Online,Inconsistent Mapping,15 to 21 Days,2,Unknown
01MAR2026,M82047,MARDEN MEDICAL PRACTICE,EMIS,U60057,SHREWSBURY PCN,M2L0M,"NHS Shropshire, Telford and Wrekin ICB - M2L0M",GP,Telephone,General Consultation Acute,Same Day,9,DNA
01MAR2026,M82047,MARDEN MEDICAL PRACTICE,EMIS,U60057,SHREWSBURY PCN,M2L0M,"NHS Shropshire, Telford and Wrekin ICB - M2L0M",GP,Telephone,General Consultation Acute,2 to 7 Days,1,DNA
01MAR2026,M82047,MARDEN MEDICAL PRACTICE,EMIS,U60057,SHREWSBURY PCN,M2L0M,"NHS Shropshire, Telford and Wrekin ICB - M2L0M",Other Practice staff,Video Conference/Online,Inconsistent Mapping,22 to 28 Days,2,Unknown
01MAR2026,M82047,MARDEN MEDICAL PRACTICE,EMIS,U60057,SHREWSBURY PCN,M2L0M,"NHS Shropshire, Telford and Wrekin ICB - M2L0M",GP,Face-to-Face,Clinical Triage,Same Day,2794,Attended
01MAR2026,M82047,MARDEN MEDICAL PRACTICE,EMIS,U60057,SHREWSBURY PCN,M2L0M,"NHS Shropshire, Telford and Wrekin ICB - M2L0M",GP,Telephone,General Consultation Acute,Same Day,292,Attended
01MAR2026,M82047,MARDEN MEDICAL PRACTICE,EMIS,U60057,SHREWSBURY PCN,M2L0M,"NHS Shropshire, Telford and Wrekin ICB - M2L0M",Other Practice staff,Video Conference/Online,Inconsistent Mapping,More than 28 Days,6,Attended
01MAR2026,M82047,MARDEN MEDICAL PRACTICE,EMIS,U60057,SHREWSBURY PCN,M2L0M,"NHS Shropshire, Telford and Wrekin ICB - M2L0M",GP,Telephone,General Consultation Acute,22 to 28 Days,2,Attended
01MAR2026,M82047,MARDEN MEDICAL PRACTICE,EMIS,U60057,SHREWSBURY PCN,M2L0M,"NHS Shropshire, Telford and Wrekin ICB - M2L0M",Other Practice staff,Video Conference/Online,Inconsistent Mapping,Same Day,24,Unknown
01MAR2026,M82047,MARDEN MEDICAL PRACTICE,EMIS,U60057,SHREWSBURY PCN,M2L0M,"NHS Shropshire, Telford and Wrekin ICB - M2L0M",GP,Telephone,General Consultation Acute,8 to 14 Days,1,DNA
01MAR2026,M82047,MARDEN MEDICAL PRACTICE,EMIS,U60057,SHREWSBURY PCN,M2L0M,"NHS Shropshire, Telford and Wrekin ICB - M2L0M",GP,Face-to-Face,Home Visit,1 Day,7,DNA
01MAR2026,M82047,MARDEN MEDICAL PRACTICE,EMIS,U60057,SHREWSBURY PCN,M2L0M,"NHS Shropshire, Telford and Wrekin ICB - M2L0M",GP,Face-to-Face,Inconsistent Mapping,15 to 21 Days,136,Attended
01MAR2026,M82047,MARDEN MEDICAL PRACTICE,EMIS,U60057,SHREWSBURY PCN,M2L0M,"NHS Shropshire, Telford and Wrekin ICB - M2L0M",Other Practice staff,Face-to-Face,Planned Clinical Procedure,15 to 21 Days,4,DNA
01MAR2026,M82047,MARDEN MEDICAL PRACTICE,EMIS,U60057,SHREWSBURY PCN,M2L0M,"NHS Shropshire, Telford and Wrekin ICB - M2L0M",GP,Face-to-Face,Inconsistent Mapping,22 to 28 Days,1,Unknown
01MAR2026,M82047,MARDEN MEDICAL PRACTICE,EMIS,U60057,SHREWSBURY PCN,M2L0M,"NHS Shropshire, Telford and Wrekin ICB - M2L0M",GP,Face-to-Face,Clinical Triage,1 Day,4,Attended
01MAR2026,M82047,MARDEN MEDICAL PRACTICE,EMIS,U60057,SHREWSBURY PCN,M2L0M,"NHS Shropshire, Telford and Wrekin ICB - M2L0M",GP,Telephone,General Consultation Acute,8 to 14 Days,9,Attended
01MAR2026,M82048,BELVIDERE MEDICAL PRACT.,EMIS,U60057,SHREWSBURY PCN,M2L0M,"NHS Shropshire, Telford and Wrekin ICB - M2L0M",Unknown,Video Conference/Online,Inconsistent Mapping,Same Day,55,Unknown
01MAR2026,M82048,BELVIDERE MEDICAL PRACT.,EMIS,U60057,SHREWSBURY PCN,M2L0M,"NHS Shropshire, Telford and Wrekin ICB - M2L0M",Unknown,Home Visit,Home Visit,Same Day,15,Unknown
01MAR2026,M82048,BELVIDERE MEDICAL PRACT.,EMIS,U60057,SHREWSBURY PCN,M2L0M,"NHS Shropshire, Telford and Wrekin ICB - M2L0M",Unknown,Home Visit,Home Visit,2 to 7 Days,6,Unknown
01MAR2026,M82048,BELVIDERE MEDICAL PRACT.,EMIS,U60057,SHREWSBURY PCN,M2L0M,"NHS Shropshire, Telford and Wrekin ICB - M2L0M",Unknown,Home Visit,Home Visit,1 Day,10,Unknown
01MAR2026,M82048,BELVIDERE MEDICAL PRACT.,EMIS,U60057,SHREWSBURY PCN,M2L0M,"NHS Shropshire, Telford and Wrekin ICB - M2L0M",Other Practice staff,Video Conference/Online,Inconsistent Mapping,Same Day,1,Unknown
01MAR2026,M82048,BELVIDERE MEDICAL PRACT.,EMIS,U60057,SHREWSBURY PCN,M2L0M,"NHS Shropshire, Telford and Wrekin ICB - M2L0M",Other Practice staff,Video Conference/Online,Inconsistent Mapping,Same Day,23,Attended
01MAR2026,M82048,BELVIDERE MEDICAL PRACT.,EMIS,U60057,SHREWSBURY PCN,M2L0M,"NHS Shropshire, Telford and Wrekin ICB - M2L0M",Other Practice staff,Video Conference/Online,Inconsistent Mapping,2 to 7 Days,25,Attended
01MAR2026,M82048,BELVIDERE MEDICAL PRACT.,EMIS,U60057,SHREWSBURY PCN,M2L0M,"NHS Shropshire, Telford and Wrekin ICB - M2L0M",Other Practice staff,Video Conference/Online,Inconsistent Mapping,1 Day,3,Unknown
01MAR2026,M82048,BELVIDERE MEDICAL PRACT.,EMIS,U60057,SHREWSBURY PCN,M2L0M,"NHS Shropshire, Telford and Wrekin ICB - M2L0M",Other Practice staff,Video Conference/Online,Inconsistent Mapping,1 Day,25,Attended
01MAR2026,M82048,BELVIDERE MEDICAL PRACT.,EMIS,U60057,SHREWSBURY PCN,M2L0M,"NHS Shropshire, Telford and Wrekin ICB - M2L0M",Other Practice staff,Unknown,Inconsistent Mapping,More than 28 Days,2,Unknown
01MAR2026,M82048,BELVIDERE MEDICAL PRACT.,EMIS,U60057,SHREWSBURY PCN,M2L0M,"NHS Shropshire, Telford and Wrekin ICB - M2L0M",Other Practice staff,Unknown,Inconsistent Mapping,2 to 7 Days,1,Unknown
01MAR2026,M82048,BELVIDERE MEDICAL PRACT.,EMIS,U60057,SHREWSBURY PCN,M2L0M,"NHS Shropshire, Telford and Wrekin ICB - M2L0M",Other Practice staff,Telephone,Planned Clinics,Same Day,12,Attended
01MAR2026,M82048,BELVIDERE MEDICAL PRACT.,EMIS,U60057,SHREWSBURY PCN,M2L0M,"NHS Shropshire, Telford and Wrekin ICB - M2L0M",Other Practice staff,Telephone,Planned Clinics,More than 28 Days,2,Unknown
01MAR2026,M82048,BELVIDERE MEDICAL PRACT.,EMIS,U60057,SHREWSBURY PCN,M2L0M,"NHS Shropshire, Telford and Wrekin ICB - M2L0M",Other Practice staff,Telephone,Planned Clinics,More than 28 Days,28,Attended
01MAR2026,M82048,BELVIDERE MEDICAL PRACT.,EMIS,U60057,SHREWSBURY PCN,M2L0M,"NHS Shropshire, Telford and Wrekin ICB - M2L0M",Other Practice staff,Telephone,Planned Clinics,22 to 28 Days,19,Attended
01MAR2026,M82048,BELVIDERE MEDICAL PRACT.,EMIS,U60057,SHREWSBURY PCN,M2L0M,"NHS Shropshire, Telford and Wrekin ICB - M2L0M",Other Practice staff,Telephone,Planned Clinics,2 to 7 Days,3,DNA
01MAR2026,M82048,BELVIDERE MEDICAL PRACT.,EMIS,U60057,SHREWSBURY PCN,M2L0M,"NHS Shropshire, Telford and Wrekin ICB - M2L0M",Other Practice staff,Telephone,Planned Clinics,2 to 7 Days,10,Attended
01MAR2026,M82048,BELVIDERE MEDICAL PRACT.,EMIS,U60057,SHREWSBURY PCN,M2L0M,"NHS Shropshire, Telford and Wrekin ICB - M2L0M",Other Practice staff,Telephone,Planned Clinics,1 Day,1,Unknown
01MAR2026,M82048,BELVIDERE MEDICAL PRACT.,EMIS,U60057,SHREWSBURY PCN,M2L0M,"NHS Shropshire, Telford and Wrekin ICB - M2L0M",Other Practice staff,Telephone,Planned Clinics,1 Day,7,Attended
01MAR2026,M82048,BELVIDERE MEDICAL PRACT.,EMIS,U60057,SHREWSBURY PCN,M2L0M,"NHS Shropshire, Telford and Wrekin ICB - M2L0M",Other Practice staff,Telephone,Inconsistent Mapping,Same Day,4,Attended
01MAR2026,M82048,BELVIDERE MEDICAL PRACT.,EMIS,U60057,SHREWSBURY PCN,M2L0M,"NHS Shropshire, Telford and Wrekin ICB - M2L0M",Other Practice staff,Face-to-Face,Planned Clinics,Same Day,4,DNA
01MAR2026,M82048,BELVIDERE MEDICAL PRACT.,EMIS,U60057,SHREWSBURY PCN,M2L0M,"NHS Shropshire, Telford and Wrekin ICB - M2L0M",Other Practice staff,Face-to-Face,Planned Clinics,Same Day,16,Attended
01MAR2026,M82048,BELVIDERE MEDICAL PRACT.,EMIS,U60057,SHREWSBURY PCN,M2L0M,"NHS Shropshire, Telford and Wrekin ICB - M2L0M",Other Practice staff,Face-to-Face,Planned Clinics,More than 28 Days,10,Unknown
01MAR2026,M82048,BELVIDERE MEDICAL PRACT.,EMIS,U60057,SHREWSBURY PCN,M2L0M,"NHS Shropshire, Telford and Wrekin ICB - M2L0M",Other Practice staff,Face-to-Face,Planned Clinics,More than 28 Days,2,DNA
01MAR2026,M82048,BELVIDERE MEDICAL PRACT.,EMIS,U60057,SHREWSBURY PCN,M2L0M,"NHS Shropshire, Telford and Wrekin ICB - M2L0M",Other Practice staff,Face-to-Face,Planned Clinics,8 to 14 Days,1,Unknown
01MAR2026,M82048,BELVIDERE MEDICAL PRACT.,EMIS,U60057,SHREWSBURY PCN,M2L0M,"NHS Shropshire, Telford and Wrekin ICB - M2L0M",Other Practice staff,Face-to-Face,Planned Clinics,8 to 14 Days,4,DNA
01MAR2026,M82048,BELVIDERE MEDICAL PRACT.,EMIS,U60057,SHREWSBURY PCN,M2L0M,"NHS Shropshire, Telford and Wrekin ICB - M2L0M",Other Practice staff,Face-to-Face,Planned Clinics,8 to 14 Days,60,Attended
01MAR2026,M82048,BELVIDERE MEDICAL PRACT.,EMIS,U60057,SHREWSBURY PCN,M2L0M,"NHS Shropshire, Telford and Wrekin ICB - M2L0M",Other Practice staff,Face-to-Face,Planned Clinics,22 to 28 Days,2,DNA
01MAR2026,M82048,BELVIDERE MEDICAL PRACT.,EMIS,U60057,SHREWSBURY PCN,M2L0M,"NHS Shropshire, Telford and Wrekin ICB - M2L0M",Other Practice staff,Face-to-Face,Planned Clinics,22 to 28 Days,36,Attended
01MAR2026,M82048,BELVIDERE MEDICAL PRACT.,EMIS,U60057,SHREWSBURY PCN,M2L0M,"NHS Shropshire, Telford and Wrekin ICB - M2L0M",Other Practice staff,Face-to-Face,Planned Clinics,2 to 7 Days,1,Unknown
01MAR2026,M82048,BELVIDERE MEDICAL PRACT.,EMIS,U60057,SHREWSBURY PCN,M2L0M,"NHS Shropshire, Telford and Wrekin ICB - M2L0M",Other Practice staff,Face-to-Face,Planned Clinics,2 to 7 Days,42,Attended
01MAR2026,M82048,BELVIDERE MEDICAL PRACT.,EMIS,U60057,SHREWSBURY PCN,M2L0M,"NHS Shropshire, Telford and Wrekin ICB - M2L0M",Other Practice staff,Face-to-Face,Planned Clinics,15 to 21 Days,9,Unknown
01MAR2026,M82048,BELVIDERE MEDICAL PRACT.,EMIS,U60057,SHREWSBURY PCN,M2L0M,"NHS Shropshire, Telford and Wrekin ICB - M2L0M",Other Practice staff,Face-to-Face,Planned Clinics,15 to 21 Days,1,DNA
01MAR2026,M82048,BELVIDERE MEDICAL PRACT.,EMIS,U60057,SHREWSBURY PCN,M2L0M,"NHS Shropshire, Telford and Wrekin ICB - M2L0M",Other Practice staff,Face-to-Face,Planned Clinics,15 to 21 Days,49,Attended
01MAR2026,M82048,BELVIDERE MEDICAL PRACT.,EMIS,U60057,SHREWSBURY PCN,M2L0M,"NHS Shropshire, Telford and Wrekin ICB - M2L0M",Other Practice staff,Face-to-Face,Planned Clinics,1 Day,1,DNA
01MAR2026,M82048,BELVIDERE MEDICAL PRACT.,EMIS,U60057,SHREWSBURY PCN,M2L0M,"NHS Shropshire, Telford and Wrekin ICB - M2L0M",Other Practice staff,Face-to-Face,Planned Clinics,1 Day,13,Attended
01MAR2026,M82048,BELVIDERE MEDICAL PRACT.,EMIS,U60057,SHREWSBURY PCN,M2L0M,"NHS Shropshire, Telford and Wrekin ICB - M2L0M",Other Practice staff,Face-to-Face,Planned Clinical Procedure,Same Day,4,Attended
01MAR2026,M82048,BELVIDERE MEDICAL PRACT.,EMIS,U60057,SHREWSBURY PCN,M2L0M,"NHS Shropshire, Telford and Wrekin ICB - M2L0M",Other Practice staff,Face-to-Face,Planned Clinical Procedure,More than 28 Days,1,DNA
01MAR2026,M82048,BELVIDERE MEDICAL PRACT.,EMIS,U60057,SHREWSBURY PCN,M2L0M,"NHS Shropshire, Telford and Wrekin ICB - M2L0M",Other Practice staff,Face-to-Face,Planned Clinical Procedure,More than 28 Days,6,Attended
01MAR2026,M82048,BELVIDERE MEDICAL PRACT.,EMIS,U60057,SHREWSBURY PCN,M2L0M,"NHS Shropshire, Telford and Wrekin ICB - M2L0M",Other Practice staff,Face-to-Face,Planned Clinical Procedure,8 to 14 Days,2,Unknown
01MAR2026,M82048,BELVIDERE MEDICAL PRACT.,EMIS,U60057,SHREWSBURY PCN,M2L0M,"NHS Shropshire, Telford and Wrekin ICB - M2L0M",Other Practice staff,Face-to-Face,Planned Clinical Procedure,8 to 14 Days,40,Attended
01MAR2026,M82048,BELVIDERE MEDICAL PRACT.,EMIS,U60057,SHREWSBURY PCN,M2L0M,"NHS Shropshire, Telford and Wrekin ICB - M2L0M",Other Practice staff,Face-to-Face,Planned Clinical Procedure,22 to 28 Days,2,Unknown
01MAR2026,M82048,BELVIDERE MEDICAL PRACT.,EMIS,U60057,SHREWSBURY PCN,M2L0M,"NHS Shropshire, Telford and Wrekin ICB - M2L0M",Other Practice staff,Face-to-Face,Planned Clinical Procedure,22 to 28 Days,23,Attended
01MAR2026,M82048,BELVIDERE MEDICAL PRACT.,EMIS,U60057,SHREWSBURY PCN,M2L0M,"NHS Shropshire, Telford and Wrekin ICB - M2L0M",Other Practice staff,Face-to-Face,Planned Clinical Procedure,2 to 7 Days,13,Attended
01MAR2026,M82048,BELVIDERE MEDICAL PRACT.,EMIS,U60057,SHREWSBURY PCN,M2L0M,"NHS Shropshire, Telford and Wrekin ICB - M2L0M",Other Practice staff,Face-to-Face,Planned Clinical Procedure,15 to 21 Days,14,Unknown
01MAR2026,M82048,BELVIDERE MEDICAL PRACT.,EMIS,U60057,SHREWSBURY PCN,M2L0M,"NHS Shropshire, Telford and Wrekin ICB - M2L0M",Other Practice staff,Face-to-Face,Planned Clinical Procedure,15 to 21 Days,4,DNA
01MAR2026,M82048,BELVIDERE MEDICAL PRACT.,EMIS,U60057,SHREWSBURY PCN,M2L0M,"NHS Shropshire, Telford and Wrekin ICB - M2L0M",Other Practice staff,Face-to-Face,Planned Clinical Procedure,15 to 21 Days,27,Attended
01MAR2026,M82048,BELVIDERE MEDICAL PRACT.,EMIS,U60057,SHREWSBURY PCN,M2L0M,"NHS Shropshire, Telford and Wrekin ICB - M2L0M",Other Practice staff,Face-to-Face,Planned Clinical Procedure,1 Day,1,DNA
01MAR2026,M82048,BELVIDERE MEDICAL PRACT.,EMIS,U60057,SHREWSBURY PCN,M2L0M,"NHS Shropshire, Telford and Wrekin ICB - M2L0M",Other Practice staff,Face-to-Face,Planned Clinical Procedure,1 Day,7,Attended
01MAR2026,M82048,BELVIDERE MEDICAL PRACT.,EMIS,U60057,SHREWSBURY PCN,M2L0M,"NHS Shropshire, Telford and Wrekin ICB - M2L0M",Other Practice staff,Face-to-Face,Inconsistent Mapping,8 to 14 Days,1,DNA
01MAR2026,M82048,BELVIDERE MEDICAL PRACT.,EMIS,U60057,SHREWSBURY PCN,M2L0M,"NHS Shropshire, Telford and Wrekin ICB - M2L0M",Other Practice staff,Face-to-Face,General Consultation Routine,Same Day,1,DNA
01MAR2026,M82048,BELVIDERE MEDICAL PRACT.,EMIS,U60057,SHREWSBURY PCN,M2L0M,"NHS Shropshire, Telford and Wrekin ICB - M2L0M",Other Practice staff,Face-to-Face,General Consultation Routine,Same Day,96,Attended
01MAR2026,M82048,BELVIDERE MEDICAL PRACT.,EMIS,U60057,SHREWSBURY PCN,M2L0M,"NHS Shropshire, Telford and Wrekin ICB - M2L0M",Other Practice staff,Face-to-Face,General Consultation Routine,More than 28 Days,1,Unknown
01MAR2026,M82048,BELVIDERE MEDICAL PRACT.,EMIS,U60057,SHREWSBURY PCN,M2L0M,"NHS Shropshire, Telford and Wrekin ICB - M2L0M",Other Practice staff,Face-to-Face,General Consultation Routine,More than 28 Days,11,Attended
01MAR2026,M82048,BELVIDERE MEDICAL PRACT.,EMIS,U60057,SHREWSBURY PCN,M2L0M,"NHS Shropshire, Telford and Wrekin ICB - M2L0M",Other Practice staff,Face-to-Face,General Consultation Routine,8 to 14 Days,1,DNA
01MAR2026,M82048,BELVIDERE MEDICAL PRACT.,EMIS,U60057,SHREWSBURY PCN,M2L0M,"NHS Shropshire, Telford and Wrekin ICB - M2L0M",Other Practice staff,Face-to-Face,General Consultation Routine,8 to 14 Days,30,Attended
01MAR2026,M82048,BELVIDERE MEDICAL PRACT.,EMIS,U60057,SHREWSBURY PCN,M2L0M,"NHS Shropshire, Telford and Wrekin ICB - M2L0M",Other Practice staff,Face-to-Face,General Consultation Routine,22 to 28 Days,13,Attended
01MAR2026,M82048,BELVIDERE MEDICAL PRACT.,EMIS,U60057,SHREWSBURY PCN,M2L0M,"NHS Shropshire, Telford and Wrekin ICB - M2L0M",Other Practice staff,Face-to-Face,General Consultation Routine,2 to 7 Days,2,DNA
01MAR2026,M82048,BELVIDERE MEDICAL PRACT.,EMIS,U60057,SHREWSBURY PCN,M2L0M,"NHS Shropshire, Telford and Wrekin ICB - M2L0M",Other Practice staff,Face-to-Face,General Consultation Routine,2 to 7 Days,14,Attended
01MAR2026,M82048,BELVIDERE MEDICAL PRACT.,EMIS,U60057,SHREWSBURY PCN,M2L0M,"NHS Shropshire, Telford and Wrekin ICB - M2L0M",Other Practice staff,Face-to-Face,General Consultation Routine,15 to 21 Days,2,Unknown
01MAR2026,M82048,BELVIDERE MEDICAL PRACT.,EMIS,U60057,SHREWSBURY PCN,M2L0M,"NHS Shropshire, Telford and Wrekin ICB - M2L0M",Other Practice staff,Face-to-Face,General Consultation Routine,15 to 21 Days,3,DNA
01MAR2026,M82048,BELVIDERE MEDICAL PRACT.,EMIS,U60057,SHREWSBURY PCN,M2L0M,"NHS Shropshire, Telford and Wrekin ICB - M2L0M",Other Practice staff,Face-to-Face,General Consultation Routine,15 to 21 Days,6,Attended
01MAR2026,M82048,BELVIDERE MEDICAL PRACT.,EMIS,U60057,SHREWSBURY PCN,M2L0M,"NHS Shropshire, Telford and Wrekin ICB - M2L0M",Other Practice staff,Face-to-Face,General Consultation Routine,1 Day,1,DNA
01MAR2026,M82048,BELVIDERE MEDICAL PRACT.,EMIS,U60057,SHREWSBURY PCN,M2L0M,"NHS Shropshire, Telford and Wrekin ICB - M2L0M",Other Practice staff,Face-to-Face,General Consultation Acute,Same Day,8,Attended
01MAR2026,M82048,BELVIDERE MEDICAL PRACT.,EMIS,U60057,SHREWSBURY PCN,M2L0M,"NHS Shropshire, Telford and Wrekin ICB - M2L0M",Other Practice staff,Face-to-Face,General Consultation Acute,8 to 14 Days,1,Unknown
01MAR2026,M82048,BELVIDERE MEDICAL PRACT.,EMIS,U60057,SHREWSBURY PCN,M2L0M,"NHS Shropshire, Telford and Wrekin ICB - M2L0M",Other Practice staff,Face-to-Face,General Consultation Acute,8 to 14 Days,1,DNA
01MAR2026,M82048,BELVIDERE MEDICAL PRACT.,EMIS,U60057,SHREWSBURY PCN,M2L0M,"NHS Shropshire, Telford and Wrekin ICB - M2L0M",Other Practice staff,Face-to-Face,General Consultation Acute,22 to 28 Days,1,Attended
01MAR2026,M82048,BELVIDERE MEDICAL PRACT.,EMIS,U60057,SHREWSBURY PCN,M2L0M,"NHS Shropshire, Telford and Wrekin ICB - M2L0M",Other Practice staff,Face-to-Face,General Consultation Acute,2 to 7 Days,1,Unknown
01MAR2026,M82048,BELVIDERE MEDICAL PRACT.,EMIS,U60057,SHREWSBURY PCN,M2L0M,"NHS Shropshire, Telford and Wrekin ICB - M2L0M",Other Practice staff,Face-to-Face,General Consultation Acute,2 to 7 Days,3,DNA
01MAR2026,M82048,BELVIDERE MEDICAL PRACT.,EMIS,U60057,SHREWSBURY PCN,M2L0M,"NHS Shropshire, Telford and Wrekin ICB - M2L0M",Other Practice staff,Face-to-Face,General Consultation Acute,8 to 14 Days,14,Attended
01MAR2026,M82048,BELVIDERE MEDICAL PRACT.,EMIS,U60057,SHREWSBURY PCN,M2L0M,"NHS Shropshire, Telford and Wrekin ICB - M2L0M",Other Practice staff,Face-to-Face,General Consultation Routine,1 Day,10,Attended
01MAR2026,M82048,BELVIDERE MEDICAL PRACT.,EMIS,U60057,SHREWSBURY PCN,M2L0M,"NHS Shropshire, Telford and Wrekin ICB - M2L0M",Other Practice staff,Face-to-Face,General Consultation Acute,2 to 7 Days,26,Attended
01MAR2026,M82048,BELVIDERE MEDICAL PRACT.,EMIS,U60057,SHREWSBURY PCN,M2L0M,"NHS Shropshire, Telford and Wrekin ICB - M2L0M",Other Practice staff,Face-to-Face,General Consultation Acute,15 to 21 Days,4,Attended
01MAR2026,M82048,BELVIDERE MEDICAL PRACT.,EMIS,U60057,SHREWSBURY PCN,M2L0M,"NHS Shropshire, Telford and Wrekin ICB - M2L0M",Other Practice staff,Face-to-Face,General Consultation Acute,1 Day,6,Attended
01MAR2026,M82048,BELVIDERE MEDICAL PRACT.,EMIS,U60057,SHREWSBURY PCN,M2L0M,"NHS Shropshire, Telford and Wrekin ICB - M2L0M",GP,Video Conference/Online,Planned Clinics,Same Day,2,Attended
01MAR2026,M82048,BELVIDERE MEDICAL PRACT.,EMIS,U60057,SHREWSBURY PCN,M2L0M,"NHS Shropshire, Telford and Wrekin ICB - M2L0M",GP,Video Conference/Online,Planned Clinics,2 to 7 Days,1,Attended
01MAR2026,M82048,BELVIDERE MEDICAL PRACT.,EMIS,U60057,SHREWSBURY PCN,M2L0M,"NHS Shropshire, Telford and Wrekin ICB - M2L0M",GP,Video Conference/Online,Planned Clinics,1 Day,1,Attended
01MAR2026,M82048,BELVIDERE MEDICAL PRACT.,EMIS,U60057,SHREWSBURY PCN,M2L0M,"NHS Shropshire, Telford and Wrekin ICB - M2L0M",GP,Video Conference/Online,Inconsistent Mapping,Same Day,5,Unknown
01MAR2026,M82048,BELVIDERE MEDICAL PRACT.,EMIS,U60057,SHREWSBURY PCN,M2L0M,"NHS Shropshire, Telford and Wrekin ICB - M2L0M",GP,Video Conference/Online,Inconsistent Mapping,Same Day,162,Attended
01MAR2026,M82048,BELVIDERE MEDICAL PRACT.,EMIS,U60057,SHREWSBURY PCN,M2L0M,"NHS Shropshire, Telford and Wrekin ICB - M2L0M",Other Practice staff,Face-to-Face,General Consultation Routine,22 to 28 Days,5,DNA
01MAR2026,M82048,BELVIDERE MEDICAL PRACT.,EMIS,U60057,SHREWSBURY PCN,M2L0M,"NHS Shropshire, Telford and Wrekin ICB - M2L0M",GP,Video Conference/Online,Inconsistent Mapping,8 to 14 Days,4,Attended
01MAR2026,M82048,BELVIDERE MEDICAL PRACT.,EMIS,U60057,SHREWSBURY PCN,M2L0M,"NHS Shropshire, Telford and Wrekin ICB - M2L0M",GP,Video Conference/Online,Inconsistent Mapping,2 to 7 Days,9,Unknown
01MAR2026,M82048,BELVIDERE MEDICAL PRACT.,EMIS,U60057,SHREWSBURY PCN,M2L0M,"NHS Shropshire, Telford and Wrekin ICB - M2L0M",GP,Video Conference/Online,Inconsistent Mapping,2 to 7 Days,136,Attended
01MAR2026,M82048,BELVIDERE MEDICAL PRACT.,EMIS,U60057,SHREWSBURY PCN,M2L0M,"NHS Shropshire, Telford and Wrekin ICB - M2L0M",GP,Video Conference/Online,Inconsistent Mapping,1 Day,1,Unknown
01MAR2026,M82048,BELVIDERE MEDICAL PRACT.,EMIS,U60057,SHREWSBURY PCN,M2L0M,"NHS Shropshire, Telford and Wrekin ICB - M2L0M",Other Practice staff,Face-to-Face,General Consultation Routine,More than 28 Days,2,DNA
01MAR2026,M82048,BELVIDERE MEDICAL PRACT.,EMIS,U60057,SHREWSBURY PCN,M2L0M,"NHS Shropshire, Telford and Wrekin ICB - M2L0M",GP,Video Conference/Online,Inconsistent Mapping,1 Day,101,Attended
01MAR2026,M82048,BELVIDERE MEDICAL PRACT.,EMIS,U60057,SHREWSBURY PCN,M2L0M,"NHS Shropshire, Telford and Wrekin ICB - M2L0M",GP,Video Conference/Online,General Consultation Routine,8 to 14 Days,2,Attended
01MAR2026,M82048,BELVIDERE MEDICAL PRACT.,EMIS,U60057,SHREWSBURY PCN,M2L0M,"NHS Shropshire, Telford and Wrekin ICB - M2L0M",GP,Video Conference/Online,General Consultation Routine,2 to 7 Days,1,Unknown
01MAR2026,M82048,BELVIDERE MEDICAL PRACT.,EMIS,U60057,SHREWSBURY PCN,M2L0M,"NHS Shropshire, Telford and Wrekin ICB - M2L0M",GP,Video Conference/Online,General Consultation Routine,2 to 7 Days,94,Attended
01MAR2026,M82048,BELVIDERE MEDICAL PRACT.,EMIS,U60057,SHREWSBURY PCN,M2L0M,"NHS Shropshire, Telford and Wrekin ICB - M2L0M",Other Practice staff,Face-to-Face,Inconsistent Mapping,1 Day,1,Attended
01MAR2026,M82048,BELVIDERE MEDICAL PRACT.,EMIS,U60057,SHREWSBURY PCN,M2L0M,"NHS Shropshire, Telford and Wrekin ICB - M2L0M",GP,Video Conference/Online,General Consultation Routine,1 Day,6,Attended
01MAR2026,M82048,BELVIDERE MEDICAL PRACT.,EMIS,U60057,SHREWSBURY PCN,M2L0M,"NHS Shropshire, Telford and Wrekin ICB - M2L0M",GP,Telephone,Planned Clinics,Same Day,1,Unknown
01MAR2026,M82048,BELVIDERE MEDICAL PRACT.,EMIS,U60057,SHREWSBURY PCN,M2L0M,"NHS Shropshire, Telford and Wrekin ICB - M2L0M",GP,Telephone,Planned Clinics,Same Day,37,Attended
01MAR2026,M82048,BELVIDERE MEDICAL PRACT.,EMIS,U60057,SHREWSBURY PCN,M2L0M,"NHS Shropshire, Telford and Wrekin ICB - M2L0M",GP,Telephone,Planned Clinics,More than 28 Days,7,Attended
01MAR2026,M82048,BELVIDERE MEDICAL PRACT.,EMIS,U60057,SHREWSBURY PCN,M2L0M,"NHS Shropshire, Telford and Wrekin ICB - M2L0M",GP,Telephone,Planned Clinics,8 to 14 Days,1,Unknown
01MAR2026,M82048,BELVIDERE MEDICAL PRACT.,EMIS,U60057,SHREWSBURY PCN,M2L0M,"NHS Shropshire, Telford and Wrekin ICB - M2L0M",GP,Telephone,Planned Clinics,8 to 14 Days,9,Attended
01MAR2026,M82048,BELVIDERE MEDICAL PRACT.,EMIS,U60057,SHREWSBURY PCN,M2L0M,"NHS Shropshire, Telford and Wrekin ICB - M2L0M",GP,Telephone,Planned Clinics,22 to 28 Days,1,Unknown
01MAR2026,M82048,BELVIDERE MEDICAL PRACT.,EMIS,U60057,SHREWSBURY PCN,M2L0M,"NHS Shropshire, Telford and Wrekin ICB - M2L0M",GP,Telephone,Planned Clinics,22 to 28 Days,23,Attended
01MAR2026,M82048,BELVIDERE MEDICAL PRACT.,EMIS,U60057,SHREWSBURY PCN,M2L0M,"NHS Shropshire, Telford and Wrekin ICB - M2L0M",Other Practice staff,Face-to-Face,Planned Clinical Procedure,2 to 7 Days,2,DNA
01MAR2026,M82048,BELVIDERE MEDICAL PRACT.,EMIS,U60057,SHREWSBURY PCN,M2L0M,"NHS Shropshire, Telford and Wrekin ICB - M2L0M",Other Practice staff,Face-to-Face,Planned Clinical Procedure,8 to 14 Days,4,DNA
01MAR2026,M82048,BELVIDERE MEDICAL PRACT.,EMIS,U60057,SHREWSBURY PCN,M2L0M,"NHS Shropshire, Telford and Wrekin ICB - M2L0M",GP,Telephone,Planned Clinics,2 to 7 Days,43,Attended
01MAR2026,M82048,BELVIDERE MEDICAL PRACT.,EMIS,U60057,SHREWSBURY PCN,M2L0M,"NHS Shropshire, Telford and Wrekin ICB - M2L0M",GP,Telephone,Planned Clinics,15 to 21 Days,1,Unknown
01MAR2026,M82048,BELVIDERE MEDICAL PRACT.,EMIS,U60057,SHREWSBURY PCN,M2L0M,"NHS Shropshire, Telford and Wrekin ICB - M2L0M",GP,Telephone,Planned Clinics,15 to 21 Days,30,Attended
01MAR2026,M82048,BELVIDERE MEDICAL PRACT.,EMIS,U60057,SHREWSBURY PCN,M2L0M,"NHS Shropshire, Telford and Wrekin ICB - M2L0M",GP,Telephone,Planned Clinics,1 Day,21,Attended
01MAR2026,M82048,BELVIDERE MEDICAL PRACT.,EMIS,U60057,SHREWSBURY PCN,M2L0M,"NHS Shropshire, Telford and Wrekin ICB - M2L0M",Other Practice staff,Face-to-Face,Planned Clinical Procedure,More than 28 Days,1,Unknown
01MAR2026,M82048,BELVIDERE MEDICAL PRACT.,EMIS,U60057,SHREWSBURY PCN,M2L0M,"NHS Shropshire, Telford and Wrekin ICB - M2L0M",GP,Telephone,Inconsistent Mapping,Same Day,1,Unknown
01MAR2026,M82048,BELVIDERE MEDICAL PRACT.,EMIS,U60057,SHREWSBURY PCN,M2L0M,"NHS Shropshire, Telford and Wrekin ICB - M2L0M",GP,Telephone,Inconsistent Mapping,Same Day,2,Attended
01MAR2026,M82048,BELVIDERE MEDICAL PRACT.,EMIS,U60057,SHREWSBURY PCN,M2L0M,"NHS Shropshire, Telford and Wrekin ICB - M2L0M",GP,Telephone,Inconsistent Mapping,2 to 7 Days,2,Attended
01MAR2026,M82048,BELVIDERE MEDICAL PRACT.,EMIS,U60057,SHREWSBURY PCN,M2L0M,"NHS Shropshire, Telford and Wrekin ICB - M2L0M",GP,Home Visit,Home Visit,Same Day,24,Attended
01MAR2026,M82048,BELVIDERE MEDICAL PRACT.,EMIS,U60057,SHREWSBURY PCN,M2L0M,"NHS Shropshire, Telford and Wrekin ICB - M2L0M",GP,Home Visit,Home Visit,2 to 7 Days,2,Unknown
01MAR2026,M82048,BELVIDERE MEDICAL PRACT.,EMIS,U60057,SHREWSBURY PCN,M2L0M,"NHS Shropshire, Telford and Wrekin ICB - M2L0M",GP,Home Visit,Home Visit,2 to 7 Days,5,Attended
01MAR2026,M82048,BELVIDERE MEDICAL PRACT.,EMIS,U60057,SHREWSBURY PCN,M2L0M,"NHS Shropshire, Telford and Wrekin ICB - M2L0M",Other Practice staff,Face-to-Face,Planned Clinics,2 to 7 Days,3,DNA
01MAR2026,M82048,BELVIDERE MEDICAL PRACT.,EMIS,U60057,SHREWSBURY PCN,M2L0M,"NHS Shropshire, Telford and Wrekin ICB - M2L0M",GP,Home Visit,Home Visit,1 Day,4,Unknown
01MAR2026,M82048,BELVIDERE MEDICAL PRACT.,EMIS,U60057,SHREWSBURY PCN,M2L0M,"NHS Shropshire, Telford and Wrekin ICB - M2L0M",GP,Home Visit,Home Visit,1 Day,11,Attended
01MAR2026,M82048,BELVIDERE MEDICAL PRACT.,EMIS,U60057,SHREWSBURY PCN,M2L0M,"NHS Shropshire, Telford and Wrekin ICB - M2L0M",GP,Face-to-Face,Unmapped,More than 28 Days,1,Attended
01MAR2026,M82048,BELVIDERE MEDICAL PRACT.,EMIS,U60057,SHREWSBURY PCN,M2L0M,"NHS Shropshire, Telford and Wrekin ICB - M2L0M",GP,Face-to-Face,Planned Clinics,Same Day,17,Attended
01MAR2026,M82048,BELVIDERE MEDICAL PRACT.,EMIS,U60057,SHREWSBURY PCN,M2L0M,"NHS Shropshire, Telford and Wrekin ICB - M2L0M",GP,Face-to-Face,Planned Clinics,More than 28 Days,12,Unknown
01MAR2026,M82048,BELVIDERE MEDICAL PRACT.,EMIS,U60057,SHREWSBURY PCN,M2L0M,"NHS Shropshire, Telford and Wrekin ICB - M2L0M",GP,Face-to-Face,Planned Clinics,More than 28 Days,13,DNA
01MAR2026,M82048,BELVIDERE MEDICAL PRACT.,EMIS,U60057,SHREWSBURY PCN,M2L0M,"NHS Shropshire, Telford and Wrekin ICB - M2L0M",Other Practice staff,Face-to-Face,Planned Clinics,22 to 28 Days,8,Unknown
01MAR2026,M82048,BELVIDERE MEDICAL PRACT.,EMIS,U60057,SHREWSBURY PCN,M2L0M,"NHS Shropshire, Telford and Wrekin ICB - M2L0M",Other Practice staff,Face-to-Face,Planned Clinics,More than 28 Days,58,Attended
01MAR2026,M82048,BELVIDERE MEDICAL PRACT.,EMIS,U60057,SHREWSBURY PCN,M2L0M,"NHS Shropshire, Telford and Wrekin ICB - M2L0M",GP,Face-to-Face,Planned Clinics,More than 28 Days,153,Attended
01MAR2026,M82048,BELVIDERE MEDICAL PRACT.,EMIS,U60057,SHREWSBURY PCN,M2L0M,"NHS Shropshire, Telford and Wrekin ICB - M2L0M",GP,Face-to-Face,Planned Clinics,8 to 14 Days,20,Attended
01MAR2026,M82048,BELVIDERE MEDICAL PRACT.,EMIS,U60057,SHREWSBURY PCN,M2L0M,"NHS Shropshire, Telford and Wrekin ICB - M2L0M",GP,Face-to-Face,Planned Clinics,22 to 28 Days,2,Unknown
01MAR2026,M82048,BELVIDERE MEDICAL PRACT.,EMIS,U60057,SHREWSBURY PCN,M2L0M,"NHS Shropshire, Telford and Wrekin ICB - M2L0M",GP,Face-to-Face,Planned Clinics,22 to 28 Days,13,Attended
01MAR2026,M82048,BELVIDERE MEDICAL PRACT.,EMIS,U60057,SHREWSBURY PCN,M2L0M,"NHS Shropshire, Telford and Wrekin ICB - M2L0M",GP,Face-to-Face,Planned Clinics,2 to 7 Days,1,Unknown
01MAR2026,M82048,BELVIDERE MEDICAL PRACT.,EMIS,U60057,SHREWSBURY PCN,M2L0M,"NHS Shropshire, Telford and Wrekin ICB - M2L0M",GP,Face-to-Face,Planned Clinics,2 to 7 Days,2,DNA
01MAR2026,M82048,BELVIDERE MEDICAL PRACT.,EMIS,U60057,SHREWSBURY PCN,M2L0M,"NHS Shropshire, Telford and Wrekin ICB - M2L0M",GP,Face-to-Face,Planned Clinics,2 to 7 Days,32,Attended
01MAR2026,M82048,BELVIDERE MEDICAL PRACT.,EMIS,U60057,SHREWSBURY PCN,M2L0M,"NHS Shropshire, Telford and Wrekin ICB - M2L0M",GP,Face-to-Face,Planned Clinics,15 to 21 Days,11,Attended
01MAR2026,M82048,BELVIDERE MEDICAL PRACT.,EMIS,U60057,SHREWSBURY PCN,M2L0M,"NHS Shropshire, Telford and Wrekin ICB - M2L0M",Other Practice staff,Telephone,Planned Clinics,15 to 21 Days,13,Attended
01MAR2026,M82048,BELVIDERE MEDICAL PRACT.,EMIS,U60057,SHREWSBURY PCN,M2L0M,"NHS Shropshire, Telford and Wrekin ICB - M2L0M",GP,Face-to-Face,Planned Clinics,1 Day,7,Attended
01MAR2026,M82048,BELVIDERE MEDICAL PRACT.,EMIS,U60057,SHREWSBURY PCN,M2L0M,"NHS Shropshire, Telford and Wrekin ICB - M2L0M",GP,Face-to-Face,General Consultation Routine,Same Day,6,DNA
01MAR2026,M82048,BELVIDERE MEDICAL PRACT.,EMIS,U60057,SHREWSBURY PCN,M2L0M,"NHS Shropshire, Telford and Wrekin ICB - M2L0M",Other Practice staff,Telephone,Planned Clinics,8 to 14 Days,9,Attended
01MAR2026,M82048,BELVIDERE MEDICAL PRACT.,EMIS,U60057,SHREWSBURY PCN,M2L0M,"NHS Shropshire, Telford and Wrekin ICB - M2L0M",GP,Face-to-Face,General Consultation Routine,Same Day,311,Attended
01MAR2026,M82048,BELVIDERE MEDICAL PRACT.,EMIS,U60057,SHREWSBURY PCN,M2L0M,"NHS Shropshire, Telford and Wrekin ICB - M2L0M",GP,Face-to-Face,General Consultation Routine,More than 28 Days,1,DNA
01MAR2026,M82048,BELVIDERE MEDICAL PRACT.,EMIS,U60057,SHREWSBURY PCN,M2L0M,"NHS Shropshire, Telford and Wrekin ICB - M2L0M",GP,Face-to-Face,General Consultation Routine,More than 28 Days,12,Attended
01MAR2026,M82048,BELVIDERE MEDICAL PRACT.,EMIS,U60057,SHREWSBURY PCN,M2L0M,"NHS Shropshire, Telford and Wrekin ICB - M2L0M",GP,Face-to-Face,General Consultation Routine,8 to 14 Days,3,DNA
01MAR2026,M82048,BELVIDERE MEDICAL PRACT.,EMIS,U60057,SHREWSBURY PCN,M2L0M,"NHS Shropshire, Telford and Wrekin ICB - M2L0M",GP,Face-to-Face,General Consultation Routine,8 to 14 Days,15,Attended
01MAR2026,M82048,BELVIDERE MEDICAL PRACT.,EMIS,U60057,SHREWSBURY PCN,M2L0M,"NHS Shropshire, Telford and Wrekin ICB - M2L0M",GP,Face-to-Face,General Consultation Routine,22 to 28 Days,17,Attended
01MAR2026,M82048,BELVIDERE MEDICAL PRACT.,EMIS,U60057,SHREWSBURY PCN,M2L0M,"NHS Shropshire, Telford and Wrekin ICB - M2L0M",Other Practice staff,Unknown,Inconsistent Mapping,15 to 21 Days,1,Unknown
01MAR2026,M82048,BELVIDERE MEDICAL PRACT.,EMIS,U60057,SHREWSBURY PCN,M2L0M,"NHS Shropshire, Telford and Wrekin ICB - M2L0M",GP,Face-to-Face,General Consultation Routine,2 to 7 Days,2,DNA
01MAR2026,M82048,BELVIDERE MEDICAL PRACT.,EMIS,U60057,SHREWSBURY PCN,M2L0M,"NHS Shropshire, Telford and Wrekin ICB - M2L0M",GP,Face-to-Face,General Consultation Routine,2 to 7 Days,61,Attended
01MAR2026,M82048,BELVIDERE MEDICAL PRACT.,EMIS,U60057,SHREWSBURY PCN,M2L0M,"NHS Shropshire, Telford and Wrekin ICB - M2L0M",GP,Face-to-Face,General Consultation Routine,15 to 21 Days,2,DNA
01MAR2026,M82048,BELVIDERE MEDICAL PRACT.,EMIS,U60057,SHREWSBURY PCN,M2L0M,"NHS Shropshire, Telford and Wrekin ICB - M2L0M",GP,Face-to-Face,General Consultation Routine,15 to 21 Days,10,Attended
01MAR2026,M82048,BELVIDERE MEDICAL PRACT.,EMIS,U60057,SHREWSBURY PCN,M2L0M,"NHS Shropshire, Telford and Wrekin ICB - M2L0M",Other Practice staff,Video Conference/Online,Planned Clinics,8 to 14 Days,1,Attended
01MAR2026,M82048,BELVIDERE MEDICAL PRACT.,EMIS,U60057,SHREWSBURY PCN,M2L0M,"NHS Shropshire, Telford and Wrekin ICB - M2L0M",GP,Face-to-Face,General Consultation Routine,1 Day,3,DNA
01MAR2026,M82048,BELVIDERE MEDICAL PRACT.,EMIS,U60057,SHREWSBURY PCN,M2L0M,"NHS Shropshire, Telford and Wrekin ICB - M2L0M",GP,Face-to-Face,General Consultation Routine,1 Day,38,Attended
01MAR2026,M82048,BELVIDERE MEDICAL PRACT.,EMIS,U60057,SHREWSBURY PCN,M2L0M,"NHS Shropshire, Telford and Wrekin ICB - M2L0M",GP,Face-to-Face,General Consultation Acute,Same Day,1,DNA
01MAR2026,M82048,BELVIDERE MEDICAL PRACT.,EMIS,U60057,SHREWSBURY PCN,M2L0M,"NHS Shropshire, Telford and Wrekin ICB - M2L0M",GP,Face-to-Face,General Consultation Acute,Same Day,114,Attended
01MAR2026,M82048,BELVIDERE MEDICAL PRACT.,EMIS,U60057,SHREWSBURY PCN,M2L0M,"NHS Shropshire, Telford and Wrekin ICB - M2L0M",Unknown,Video Conference/Online,Inconsistent Mapping,2 to 7 Days,28,Unknown
01MAR2026,M82048,BELVIDERE MEDICAL PRACT.,EMIS,U60057,SHREWSBURY PCN,M2L0M,"NHS Shropshire, Telford and Wrekin ICB - M2L0M",GP,Face-to-Face,General Consultation Acute,More than 28 Days,1,DNA
01MAR2026,M82048,BELVIDERE MEDICAL PRACT.,EMIS,U60057,SHREWSBURY PCN,M2L0M,"NHS Shropshire, Telford and Wrekin ICB - M2L0M",GP,Face-to-Face,General Consultation Acute,More than 28 Days,3,Attended
01MAR2026,M82048,BELVIDERE MEDICAL PRACT.,EMIS,U60057,SHREWSBURY PCN,M2L0M,"NHS Shropshire, Telford and Wrekin ICB - M2L0M",GP,Face-to-Face,General Consultation Acute,8 to 14 Days,9,Attended
01MAR2026,M82048,BELVIDERE MEDICAL PRACT.,EMIS,U60057,SHREWSBURY PCN,M2L0M,"NHS Shropshire, Telford and Wrekin ICB - M2L0M",GP,Face-to-Face,General Consultation Acute,22 to 28 Days,2,Attended
01MAR2026,M82048,BELVIDERE MEDICAL PRACT.,EMIS,U60057,SHREWSBURY PCN,M2L0M,"NHS Shropshire, Telford and Wrekin ICB - M2L0M",GP,Face-to-Face,General Consultation Acute,2 to 7 Days,1,DNA
01MAR2026,M82048,BELVIDERE MEDICAL PRACT.,EMIS,U60057,SHREWSBURY PCN,M2L0M,"NHS Shropshire, Telford and Wrekin ICB - M2L0M",GP,Face-to-Face,General Consultation Acute,2 to 7 Days,14,Attended
01MAR2026,M82048,BELVIDERE MEDICAL PRACT.,EMIS,U60057,SHREWSBURY PCN,M2L0M,"NHS Shropshire, Telford and Wrekin ICB - M2L0M",GP,Face-to-Face,General Consultation Acute,15 to 21 Days,2,Attended
01MAR2026,M82048,BELVIDERE MEDICAL PRACT.,EMIS,U60057,SHREWSBURY PCN,M2L0M,"NHS Shropshire, Telford and Wrekin ICB - M2L0M",GP,Face-to-Face,General Consultation Acute,1 Day,6,Attended
01MAR2026,M82060,SOUTH HERMITAGE SURGERY,EMIS,U60057,SHREWSBURY PCN,M2L0M,"NHS Shropshire, Telford and Wrekin ICB - M2L0M",Unknown,Video Conference/Online,Inconsistent Mapping,8 to 14 Days,1,Attended
01MAR2026,M82060,SOUTH HERMITAGE SURGERY,EMIS,U60057,SHREWSBURY PCN,M2L0M,"NHS Shropshire, Telford and Wrekin ICB - M2L0M",Unknown,Video Conference/Online,Inconsistent Mapping,2 to 7 Days,11,Attended
01MAR2026,M82060,SOUTH HERMITAGE SURGERY,EMIS,U60057,SHREWSBURY PCN,M2L0M,"NHS Shropshire, Telford and Wrekin ICB - M2L0M",Unknown,Video Conference/Online,Inconsistent Mapping,1 Day,9,Attended
01MAR2026,M82060,SOUTH HERMITAGE SURGERY,EMIS,U60057,SHREWSBURY PCN,M2L0M,"NHS Shropshire, Telford and Wrekin ICB - M2L0M",Unknown,Video Conference/Online,Clinical Triage,Same Day,12,Unknown
01MAR2026,M82060,SOUTH HERMITAGE SURGERY,EMIS,U60057,SHREWSBURY PCN,M2L0M,"NHS Shropshire, Telford and Wrekin ICB - M2L0M",Unknown,Video Conference/Online,Clinical Triage,2 to 7 Days,1,Unknown
01MAR2026,M82060,SOUTH HERMITAGE SURGERY,EMIS,U60057,SHREWSBURY PCN,M2L0M,"NHS Shropshire, Telford and Wrekin ICB - M2L0M",Unknown,Video Conference/Online,Clinical Triage,2 to 7 Days,2,Attended
01MAR2026,M82060,SOUTH HERMITAGE SURGERY,EMIS,U60057,SHREWSBURY PCN,M2L0M,"NHS Shropshire, Telford and Wrekin ICB - M2L0M",Unknown,Video Conference/Online,Clinical Triage,1 Day,1,Unknown
01MAR2026,M82060,SOUTH HERMITAGE SURGERY,EMIS,U60057,SHREWSBURY PCN,M2L0M,"NHS Shropshire, Telford and Wrekin ICB - M2L0M",Unknown,Unknown,Inconsistent Mapping,Same Day,146,Unknown
01MAR2026,M82060,SOUTH HERMITAGE SURGERY,EMIS,U60057,SHREWSBURY PCN,M2L0M,"NHS Shropshire, Telford and Wrekin ICB - M2L0M",Unknown,Unknown,Inconsistent Mapping,2 to 7 Days,4,Unknown
01MAR2026,M82060,SOUTH HERMITAGE SURGERY,EMIS,U60057,SHREWSBURY PCN,M2L0M,"NHS Shropshire, Telford and Wrekin ICB - M2L0M",Unknown,Unknown,Inconsistent Mapping,1 Day,4,Unknown
01MAR2026,M82060,SOUTH HERMITAGE SURGERY,EMIS,U60057,SHREWSBURY PCN,M2L0M,"NHS Shropshire, Telford and Wrekin ICB - M2L0M",Unknown,Unknown,General Consultation Routine,Same Day,17,Unknown
01MAR2026,M82060,SOUTH HERMITAGE SURGERY,EMIS,U60057,SHREWSBURY PCN,M2L0M,"NHS Shropshire, Telford and Wrekin ICB - M2L0M",Unknown,Unknown,General Consultation Routine,2 to 7 Days,21,Unknown
01MAR2026,M82060,SOUTH HERMITAGE SURGERY,EMIS,U60057,SHREWSBURY PCN,M2L0M,"NHS Shropshire, Telford and Wrekin ICB - M2L0M",Unknown,Unknown,General Consultation Acute,Same Day,58,Unknown
01MAR2026,M82060,SOUTH HERMITAGE SURGERY,EMIS,U60057,SHREWSBURY PCN,M2L0M,"NHS Shropshire, Telford and Wrekin ICB - M2L0M",Unknown,Telephone,Unplanned Clinical Activity,Same Day,1,DNA
01MAR2026,M82060,SOUTH HERMITAGE SURGERY,EMIS,U60057,SHREWSBURY PCN,M2L0M,"NHS Shropshire, Telford and Wrekin ICB - M2L0M",Unknown,Telephone,Unplanned Clinical Activity,Same Day,13,Attended
01MAR2026,M82060,SOUTH HERMITAGE SURGERY,EMIS,U60057,SHREWSBURY PCN,M2L0M,"NHS Shropshire, Telford and Wrekin ICB - M2L0M",Unknown,Telephone,General Consultation Routine,Same Day,1,Attended
01MAR2026,M82060,SOUTH HERMITAGE SURGERY,EMIS,U60057,SHREWSBURY PCN,M2L0M,"NHS Shropshire, Telford and Wrekin ICB - M2L0M",Unknown,Telephone,General Consultation Acute,Same Day,1,Unknown
01MAR2026,M82060,SOUTH HERMITAGE SURGERY,EMIS,U60057,SHREWSBURY PCN,M2L0M,"NHS Shropshire, Telford and Wrekin ICB - M2L0M",Unknown,Telephone,General Consultation Acute,8 to 14 Days,1,Attended
01MAR2026,M82060,SOUTH HERMITAGE SURGERY,EMIS,U60057,SHREWSBURY PCN,M2L0M,"NHS Shropshire, Telford and Wrekin ICB - M2L0M",Unknown,Telephone,General Consultation Acute,2 to 7 Days,10,Attended
01MAR2026,M82060,SOUTH HERMITAGE SURGERY,EMIS,U60057,SHREWSBURY PCN,M2L0M,"NHS Shropshire, Telford and Wrekin ICB - M2L0M",Unknown,Telephone,General Consultation Acute,15 to 21 Days,1,Unknown
01MAR2026,M82060,SOUTH HERMITAGE SURGERY,EMIS,U60057,SHREWSBURY PCN,M2L0M,"NHS Shropshire, Telford and Wrekin ICB - M2L0M",Unknown,Telephone,Clinical Triage,Same Day,55,Attended
01MAR2026,M82060,SOUTH HERMITAGE SURGERY,EMIS,U60057,SHREWSBURY PCN,M2L0M,"NHS Shropshire, Telford and Wrekin ICB - M2L0M",Unknown,Home Visit,Home Visit,Same Day,5,Unknown
01MAR2026,M82060,SOUTH HERMITAGE SURGERY,EMIS,U60057,SHREWSBURY PCN,M2L0M,"NHS Shropshire, Telford and Wrekin ICB - M2L0M",Unknown,Home Visit,Home Visit,Same Day,1,DNA
01MAR2026,M82060,SOUTH HERMITAGE SURGERY,EMIS,U60057,SHREWSBURY PCN,M2L0M,"NHS Shropshire, Telford and Wrekin ICB - M2L0M",Unknown,Home Visit,Home Visit,2 to 7 Days,3,Attended
01MAR2026,M82060,SOUTH HERMITAGE SURGERY,EMIS,U60057,SHREWSBURY PCN,M2L0M,"NHS Shropshire, Telford and Wrekin ICB - M2L0M",Unknown,Home Visit,Home Visit,1 Day,1,Unknown
01MAR2026,M82060,SOUTH HERMITAGE SURGERY,EMIS,U60057,SHREWSBURY PCN,M2L0M,"NHS Shropshire, Telford and Wrekin ICB - M2L0M",Unknown,Home Visit,Home Visit,1 Day,1,DNA
01MAR2026,M82060,SOUTH HERMITAGE SURGERY,EMIS,U60057,SHREWSBURY PCN,M2L0M,"NHS Shropshire, Telford and Wrekin ICB - M2L0M",Unknown,Home Visit,Home Visit,1 Day,5,Attended
01MAR2026,M82060,SOUTH HERMITAGE SURGERY,EMIS,U60057,SHREWSBURY PCN,M2L0M,"NHS Shropshire, Telford and Wrekin ICB - M2L0M",Unknown,Face-to-Face,Inconsistent Mapping,2 to 7 Days,1,Attended
01MAR2026,M82060,SOUTH HERMITAGE SURGERY,EMIS,U60057,SHREWSBURY PCN,M2L0M,"NHS Shropshire, Telford and Wrekin ICB - M2L0M",Other Practice staff,Unknown,Inconsistent Mapping,Same Day,2,Unknown
01MAR2026,M82060,SOUTH HERMITAGE SURGERY,EMIS,U60057,SHREWSBURY PCN,M2L0M,"NHS Shropshire, Telford and Wrekin ICB - M2L0M",Other Practice staff,Unknown,Inconsistent Mapping,22 to 28 Days,4,Unknown
01MAR2026,M82060,SOUTH HERMITAGE SURGERY,EMIS,U60057,SHREWSBURY PCN,M2L0M,"NHS Shropshire, Telford and Wrekin ICB - M2L0M",Other Practice staff,Telephone,Planned Clinics,Same Day,2,Attended
01MAR2026,M82060,SOUTH HERMITAGE SURGERY,EMIS,U60057,SHREWSBURY PCN,M2L0M,"NHS Shropshire, Telford and Wrekin ICB - M2L0M",Other Practice staff,Telephone,Planned Clinics,More than 28 Days,1,Attended
01MAR2026,M82060,SOUTH HERMITAGE SURGERY,EMIS,U60057,SHREWSBURY PCN,M2L0M,"NHS Shropshire, Telford and Wrekin ICB - M2L0M",Other Practice staff,Telephone,Planned Clinics,8 to 14 Days,5,Attended
01MAR2026,M82060,SOUTH HERMITAGE SURGERY,EMIS,U60057,SHREWSBURY PCN,M2L0M,"NHS Shropshire, Telford and Wrekin ICB - M2L0M",Other Practice staff,Telephone,Planned Clinics,2 to 7 Days,1,Unknown
01MAR2026,M82060,SOUTH HERMITAGE SURGERY,EMIS,U60057,SHREWSBURY PCN,M2L0M,"NHS Shropshire, Telford and Wrekin ICB - M2L0M",Other Practice staff,Telephone,Planned Clinics,2 to 7 Days,5,Attended
01MAR2026,M82060,SOUTH HERMITAGE SURGERY,EMIS,U60057,SHREWSBURY PCN,M2L0M,"NHS Shropshire, Telford and Wrekin ICB - M2L0M",Other Practice staff,Telephone,Planned Clinics,15 to 21 Days,10,Attended
01MAR2026,M82060,SOUTH HERMITAGE SURGERY,EMIS,U60057,SHREWSBURY PCN,M2L0M,"NHS Shropshire, Telford and Wrekin ICB - M2L0M",Other Practice staff,Telephone,Inconsistent Mapping,Same Day,2,Attended
01MAR2026,M82060,SOUTH HERMITAGE SURGERY,EMIS,U60057,SHREWSBURY PCN,M2L0M,"NHS Shropshire, Telford and Wrekin ICB - M2L0M",Other Practice staff,Telephone,Inconsistent Mapping,More than 28 Days,2,Attended
01MAR2026,M82060,SOUTH HERMITAGE SURGERY,EMIS,U60057,SHREWSBURY PCN,M2L0M,"NHS Shropshire, Telford and Wrekin ICB - M2L0M",Other Practice staff,Telephone,Inconsistent Mapping,8 to 14 Days,10,Attended
01MAR2026,M82060,SOUTH HERMITAGE SURGERY,EMIS,U60057,SHREWSBURY PCN,M2L0M,"NHS Shropshire, Telford and Wrekin ICB - M2L0M",Other Practice staff,Telephone,Inconsistent Mapping,22 to 28 Days,3,Attended
01MAR2026,M82060,SOUTH HERMITAGE SURGERY,EMIS,U60057,SHREWSBURY PCN,M2L0M,"NHS Shropshire, Telford and Wrekin ICB - M2L0M",Other Practice staff,Telephone,Inconsistent Mapping,2 to 7 Days,6,Attended
01MAR2026,M82060,SOUTH HERMITAGE SURGERY,EMIS,U60057,SHREWSBURY PCN,M2L0M,"NHS Shropshire, Telford and Wrekin ICB - M2L0M",Other Practice staff,Telephone,Inconsistent Mapping,15 to 21 Days,2,Attended
01MAR2026,M82060,SOUTH HERMITAGE SURGERY,EMIS,U60057,SHREWSBURY PCN,M2L0M,"NHS Shropshire, Telford and Wrekin ICB - M2L0M",Other Practice staff,Telephone,Inconsistent Mapping,1 Day,1,Attended
01MAR2026,M82060,SOUTH HERMITAGE SURGERY,EMIS,U60057,SHREWSBURY PCN,M2L0M,"NHS Shropshire, Telford and Wrekin ICB - M2L0M",Other Practice staff,Telephone,General Consultation Routine,8 to 14 Days,1,DNA
01MAR2026,M82060,SOUTH HERMITAGE SURGERY,EMIS,U60057,SHREWSBURY PCN,M2L0M,"NHS Shropshire, Telford and Wrekin ICB - M2L0M",Other Practice staff,Telephone,General Consultation Routine,8 to 14 Days,55,Attended
01MAR2026,M82060,SOUTH HERMITAGE SURGERY,EMIS,U60057,SHREWSBURY PCN,M2L0M,"NHS Shropshire, Telford and Wrekin ICB - M2L0M",Other Practice staff,Telephone,General Consultation Routine,22 to 28 Days,16,Attended
01MAR2026,M82060,SOUTH HERMITAGE SURGERY,EMIS,U60057,SHREWSBURY PCN,M2L0M,"NHS Shropshire, Telford and Wrekin ICB - M2L0M",Other Practice staff,Telephone,General Consultation Routine,2 to 7 Days,27,Attended
01MAR2026,M82060,SOUTH HERMITAGE SURGERY,EMIS,U60057,SHREWSBURY PCN,M2L0M,"NHS Shropshire, Telford and Wrekin ICB - M2L0M",Other Practice staff,Telephone,General Consultation Routine,15 to 21 Days,1,DNA
01MAR2026,M82060,SOUTH HERMITAGE SURGERY,EMIS,U60057,SHREWSBURY PCN,M2L0M,"NHS Shropshire, Telford and Wrekin ICB - M2L0M",Other Practice staff,Telephone,General Consultation Routine,15 to 21 Days,24,Attended
01MAR2026,M82060,SOUTH HERMITAGE SURGERY,EMIS,U60057,SHREWSBURY PCN,M2L0M,"NHS Shropshire, Telford and Wrekin ICB - M2L0M",Other Practice staff,Telephone,General Consultation Acute,Same Day,1,Unknown
01MAR2026,M82060,SOUTH HERMITAGE SURGERY,EMIS,U60057,SHREWSBURY PCN,M2L0M,"NHS Shropshire, Telford and Wrekin ICB - M2L0M",Other Practice staff,Telephone,General Consultation Acute,Same Day,3,Attended
01MAR2026,M82060,SOUTH HERMITAGE SURGERY,EMIS,U60057,SHREWSBURY PCN,M2L0M,"NHS Shropshire, Telford and Wrekin ICB - M2L0M",Other Practice staff,Telephone,General Consultation Acute,8 to 14 Days,1,Attended
01MAR2026,M82060,SOUTH HERMITAGE SURGERY,EMIS,U60057,SHREWSBURY PCN,M2L0M,"NHS Shropshire, Telford and Wrekin ICB - M2L0M",Other Practice staff,Telephone,General Consultation Acute,1 Day,1,Attended
01MAR2026,M82060,SOUTH HERMITAGE SURGERY,EMIS,U60057,SHREWSBURY PCN,M2L0M,"NHS Shropshire, Telford and Wrekin ICB - M2L0M",Other Practice staff,Telephone,Clinical Triage,Same Day,14,Attended
01MAR2026,M82060,SOUTH HERMITAGE SURGERY,EMIS,U60057,SHREWSBURY PCN,M2L0M,"NHS Shropshire, Telford and Wrekin ICB - M2L0M",Other Practice staff,Telephone,Clinical Triage,2 to 7 Days,3,Attended
01MAR2026,M82060,SOUTH HERMITAGE SURGERY,EMIS,U60057,SHREWSBURY PCN,M2L0M,"NHS Shropshire, Telford and Wrekin ICB - M2L0M",Other Practice staff,Telephone,Clinical Triage,1 Day,3,Attended
01MAR2026,M82060,SOUTH HERMITAGE SURGERY,EMIS,U60057,SHREWSBURY PCN,M2L0M,"NHS Shropshire, Telford and Wrekin ICB - M2L0M",Other Practice staff,Home Visit,Home Visit,8 to 14 Days,1,Attended
01MAR2026,M82060,SOUTH HERMITAGE SURGERY,EMIS,U60057,SHREWSBURY PCN,M2L0M,"NHS Shropshire, Telford and Wrekin ICB - M2L0M",Other Practice staff,Home Visit,Home Visit,2 to 7 Days,4,Attended
01MAR2026,M82060,SOUTH HERMITAGE SURGERY,EMIS,U60057,SHREWSBURY PCN,M2L0M,"NHS Shropshire, Telford and Wrekin ICB - M2L0M",Other Practice staff,Home Visit,Home Visit,1 Day,4,Attended
01MAR2026,M82060,SOUTH HERMITAGE SURGERY,EMIS,U60057,SHREWSBURY PCN,M2L0M,"NHS Shropshire, Telford and Wrekin ICB - M2L0M",Other Practice staff,Face-to-Face,Planned Clinics,More than 28 Days,1,Unknown
01MAR2026,M82060,SOUTH HERMITAGE SURGERY,EMIS,U60057,SHREWSBURY PCN,M2L0M,"NHS Shropshire, Telford and Wrekin ICB - M2L0M",Other Practice staff,Face-to-Face,Planned Clinics,More than 28 Days,7,Attended
01MAR2026,M82060,SOUTH HERMITAGE SURGERY,EMIS,U60057,SHREWSBURY PCN,M2L0M,"NHS Shropshire, Telford and Wrekin ICB - M2L0M",Other Practice staff,Face-to-Face,Planned Clinics,8 to 14 Days,6,Unknown
01MAR2026,M82060,SOUTH HERMITAGE SURGERY,EMIS,U60057,SHREWSBURY PCN,M2L0M,"NHS Shropshire, Telford and Wrekin ICB - M2L0M",Other Practice staff,Face-to-Face,Planned Clinics,8 to 14 Days,75,Attended
01MAR2026,M82060,SOUTH HERMITAGE SURGERY,EMIS,U60057,SHREWSBURY PCN,M2L0M,"NHS Shropshire, Telford and Wrekin ICB - M2L0M",Other Practice staff,Face-to-Face,Planned Clinics,22 to 28 Days,1,Unknown
01MAR2026,M82060,SOUTH HERMITAGE SURGERY,EMIS,U60057,SHREWSBURY PCN,M2L0M,"NHS Shropshire, Telford and Wrekin ICB - M2L0M",Other Practice staff,Face-to-Face,Planned Clinics,22 to 28 Days,2,DNA
01MAR2026,M82060,SOUTH HERMITAGE SURGERY,EMIS,U60057,SHREWSBURY PCN,M2L0M,"NHS Shropshire, Telford and Wrekin ICB - M2L0M",Other Practice staff,Face-to-Face,Planned Clinics,22 to 28 Days,19,Attended
01MAR2026,M82060,SOUTH HERMITAGE SURGERY,EMIS,U60057,SHREWSBURY PCN,M2L0M,"NHS Shropshire, Telford and Wrekin ICB - M2L0M",Other Practice staff,Face-to-Face,Planned Clinics,2 to 7 Days,2,DNA
01MAR2026,M82060,SOUTH HERMITAGE SURGERY,EMIS,U60057,SHREWSBURY PCN,M2L0M,"NHS Shropshire, Telford and Wrekin ICB - M2L0M",Other Practice staff,Face-to-Face,Planned Clinics,2 to 7 Days,13,Attended
01MAR2026,M82060,SOUTH HERMITAGE SURGERY,EMIS,U60057,SHREWSBURY PCN,M2L0M,"NHS Shropshire, Telford and Wrekin ICB - M2L0M",Other Practice staff,Face-to-Face,Planned Clinics,15 to 21 Days,7,Unknown
01MAR2026,M82060,SOUTH HERMITAGE SURGERY,EMIS,U60057,SHREWSBURY PCN,M2L0M,"NHS Shropshire, Telford and Wrekin ICB - M2L0M",Other Practice staff,Face-to-Face,Planned Clinics,15 to 21 Days,70,Attended
01MAR2026,M82060,SOUTH HERMITAGE SURGERY,EMIS,U60057,SHREWSBURY PCN,M2L0M,"NHS Shropshire, Telford and Wrekin ICB - M2L0M",Other Practice staff,Face-to-Face,Planned Clinics,1 Day,1,Attended
01MAR2026,M82060,SOUTH HERMITAGE SURGERY,EMIS,U60057,SHREWSBURY PCN,M2L0M,"NHS Shropshire, Telford and Wrekin ICB - M2L0M",Other Practice staff,Face-to-Face,Planned Clinical Procedure,Same Day,54,Attended
01MAR2026,M82060,SOUTH HERMITAGE SURGERY,EMIS,U60057,SHREWSBURY PCN,M2L0M,"NHS Shropshire, Telford and Wrekin ICB - M2L0M",Other Practice staff,Face-to-Face,Planned Clinical Procedure,More than 28 Days,2,DNA
01MAR2026,M82060,SOUTH HERMITAGE SURGERY,EMIS,U60057,SHREWSBURY PCN,M2L0M,"NHS Shropshire, Telford and Wrekin ICB - M2L0M",Other Practice staff,Face-to-Face,Planned Clinical Procedure,More than 28 Days,10,Attended
01MAR2026,M82060,SOUTH HERMITAGE SURGERY,EMIS,U60057,SHREWSBURY PCN,M2L0M,"NHS Shropshire, Telford and Wrekin ICB - M2L0M",Other Practice staff,Face-to-Face,Planned Clinical Procedure,8 to 14 Days,3,Unknown
01MAR2026,M82060,SOUTH HERMITAGE SURGERY,EMIS,U60057,SHREWSBURY PCN,M2L0M,"NHS Shropshire, Telford and Wrekin ICB - M2L0M",Other Practice staff,Face-to-Face,Planned Clinical Procedure,8 to 14 Days,173,Attended
01MAR2026,M82060,SOUTH HERMITAGE SURGERY,EMIS,U60057,SHREWSBURY PCN,M2L0M,"NHS Shropshire, Telford and Wrekin ICB - M2L0M",Other Practice staff,Face-to-Face,Planned Clinical Procedure,22 to 28 Days,3,Unknown
01MAR2026,M82060,SOUTH HERMITAGE SURGERY,EMIS,U60057,SHREWSBURY PCN,M2L0M,"NHS Shropshire, Telford and Wrekin ICB - M2L0M",Other Practice staff,Face-to-Face,Planned Clinical Procedure,22 to 28 Days,10,DNA
01MAR2026,M82060,SOUTH HERMITAGE SURGERY,EMIS,U60057,SHREWSBURY PCN,M2L0M,"NHS Shropshire, Telford and Wrekin ICB - M2L0M",Other Practice staff,Face-to-Face,Planned Clinical Procedure,22 to 28 Days,109,Attended
01MAR2026,M82060,SOUTH HERMITAGE SURGERY,EMIS,U60057,SHREWSBURY PCN,M2L0M,"NHS Shropshire, Telford and Wrekin ICB - M2L0M",Other Practice staff,Face-to-Face,Planned Clinical Procedure,2 to 7 Days,2,Unknown
01MAR2026,M82060,SOUTH HERMITAGE SURGERY,EMIS,U60057,SHREWSBURY PCN,M2L0M,"NHS Shropshire, Telford and Wrekin ICB - M2L0M",Other Practice staff,Face-to-Face,Planned Clinical Procedure,2 to 7 Days,4,DNA
01MAR2026,M82060,SOUTH HERMITAGE SURGERY,EMIS,U60057,SHREWSBURY PCN,M2L0M,"NHS Shropshire, Telford and Wrekin ICB - M2L0M",Other Practice staff,Face-to-Face,Planned Clinical Procedure,2 to 7 Days,124,Attended
01MAR2026,M82060,SOUTH HERMITAGE SURGERY,EMIS,U60057,SHREWSBURY PCN,M2L0M,"NHS Shropshire, Telford and Wrekin ICB - M2L0M",Other Practice staff,Face-to-Face,Planned Clinical Procedure,15 to 21 Days,13,Unknown
01MAR2026,M82060,SOUTH HERMITAGE SURGERY,EMIS,U60057,SHREWSBURY PCN,M2L0M,"NHS Shropshire, Telford and Wrekin ICB - M2L0M",Other Practice staff,Face-to-Face,Planned Clinical Procedure,15 to 21 Days,24,DNA
01MAR2026,M82060,SOUTH HERMITAGE SURGERY,EMIS,U60057,SHREWSBURY PCN,M2L0M,"NHS Shropshire, Telford and Wrekin ICB - M2L0M",Other Practice staff,Face-to-Face,Planned Clinical Procedure,15 to 21 Days,192,Attended
01MAR2026,M82060,SOUTH HERMITAGE SURGERY,EMIS,U60057,SHREWSBURY PCN,M2L0M,"NHS Shropshire, Telford and Wrekin ICB - M2L0M",Other Practice staff,Face-to-Face,Planned Clinical Procedure,1 Day,4,DNA
01MAR2026,M82060,SOUTH HERMITAGE SURGERY,EMIS,U60057,SHREWSBURY PCN,M2L0M,"NHS Shropshire, Telford and Wrekin ICB - M2L0M",Other Practice staff,Face-to-Face,Planned Clinical Procedure,1 Day,28,Attended
01MAR2026,M82060,SOUTH HERMITAGE SURGERY,EMIS,U60057,SHREWSBURY PCN,M2L0M,"NHS Shropshire, Telford and Wrekin ICB - M2L0M",Other Practice staff,Face-to-Face,Inconsistent Mapping,Same Day,3,Attended
01MAR2026,M82060,SOUTH HERMITAGE SURGERY,EMIS,U60057,SHREWSBURY PCN,M2L0M,"NHS Shropshire, Telford and Wrekin ICB - M2L0M",Other Practice staff,Face-to-Face,Inconsistent Mapping,8 to 14 Days,1,Attended
01MAR2026,M82060,SOUTH HERMITAGE SURGERY,EMIS,U60057,SHREWSBURY PCN,M2L0M,"NHS Shropshire, Telford and Wrekin ICB - M2L0M",Other Practice staff,Face-to-Face,Inconsistent Mapping,2 to 7 Days,1,DNA
01MAR2026,M82060,SOUTH HERMITAGE SURGERY,EMIS,U60057,SHREWSBURY PCN,M2L0M,"NHS Shropshire, Telford and Wrekin ICB - M2L0M",Other Practice staff,Face-to-Face,Planned Clinical Procedure,8 to 14 Days,9,DNA
01MAR2026,M82060,SOUTH HERMITAGE SURGERY,EMIS,U60057,SHREWSBURY PCN,M2L0M,"NHS Shropshire, Telford and Wrekin ICB - M2L0M",Other Practice staff,Face-to-Face,Planned Clinical Procedure,More than 28 Days,5,Unknown
01MAR2026,M82060,SOUTH HERMITAGE SURGERY,EMIS,U60057,SHREWSBURY PCN,M2L0M,"NHS Shropshire, Telford and Wrekin ICB - M2L0M",Other Practice staff,Face-to-Face,Inconsistent Mapping,2 to 7 Days,5,Attended
01MAR2026,M82060,SOUTH HERMITAGE SURGERY,EMIS,U60057,SHREWSBURY PCN,M2L0M,"NHS Shropshire, Telford and Wrekin ICB - M2L0M",Other Practice staff,Face-to-Face,Inconsistent Mapping,15 to 21 Days,1,DNA
01MAR2026,M82060,SOUTH HERMITAGE SURGERY,EMIS,U60057,SHREWSBURY PCN,M2L0M,"NHS Shropshire, Telford and Wrekin ICB - M2L0M",Other Practice staff,Face-to-Face,Inconsistent Mapping,15 to 21 Days,1,Attended
01MAR2026,M82060,SOUTH HERMITAGE SURGERY,EMIS,U60057,SHREWSBURY PCN,M2L0M,"NHS Shropshire, Telford and Wrekin ICB - M2L0M",Other Practice staff,Face-to-Face,Inconsistent Mapping,1 Day,2,Attended
01MAR2026,M82060,SOUTH HERMITAGE SURGERY,EMIS,U60057,SHREWSBURY PCN,M2L0M,"NHS Shropshire, Telford and Wrekin ICB - M2L0M",Other Practice staff,Face-to-Face,Planned Clinics,15 to 21 Days,10,DNA
01MAR2026,M82060,SOUTH HERMITAGE SURGERY,EMIS,U60057,SHREWSBURY PCN,M2L0M,"NHS Shropshire, Telford and Wrekin ICB - M2L0M",Other Practice staff,Face-to-Face,General Consultation Routine,Same Day,11,Attended
01MAR2026,M82060,SOUTH HERMITAGE SURGERY,EMIS,U60057,SHREWSBURY PCN,M2L0M,"NHS Shropshire, Telford and Wrekin ICB - M2L0M",Other Practice staff,Face-to-Face,General Consultation Routine,More than 28 Days,7,Attended
01MAR2026,M82060,SOUTH HERMITAGE SURGERY,EMIS,U60057,SHREWSBURY PCN,M2L0M,"NHS Shropshire, Telford and Wrekin ICB - M2L0M",Other Practice staff,Face-to-Face,General Consultation Routine,8 to 14 Days,1,Unknown
01MAR2026,M82060,SOUTH HERMITAGE SURGERY,EMIS,U60057,SHREWSBURY PCN,M2L0M,"NHS Shropshire, Telford and Wrekin ICB - M2L0M",Other Practice staff,Face-to-Face,General Consultation Routine,8 to 14 Days,2,DNA
01MAR2026,M82060,SOUTH HERMITAGE SURGERY,EMIS,U60057,SHREWSBURY PCN,M2L0M,"NHS Shropshire, Telford and Wrekin ICB - M2L0M",Other Practice staff,Face-to-Face,General Consultation Routine,8 to 14 Days,45,Attended
01MAR2026,M82060,SOUTH HERMITAGE SURGERY,EMIS,U60057,SHREWSBURY PCN,M2L0M,"NHS Shropshire, Telford and Wrekin ICB - M2L0M",Other Practice staff,Face-to-Face,General Consultation Routine,22 to 28 Days,19,Attended
01MAR2026,M82060,SOUTH HERMITAGE SURGERY,EMIS,U60057,SHREWSBURY PCN,M2L0M,"NHS Shropshire, Telford and Wrekin ICB - M2L0M",Other Practice staff,Face-to-Face,General Consultation Routine,2 to 7 Days,15,Attended
01MAR2026,M82060,SOUTH HERMITAGE SURGERY,EMIS,U60057,SHREWSBURY PCN,M2L0M,"NHS Shropshire, Telford and Wrekin ICB - M2L0M",Other Practice staff,Face-to-Face,General Consultation Routine,15 to 21 Days,2,Unknown
01MAR2026,M82060,SOUTH HERMITAGE SURGERY,EMIS,U60057,SHREWSBURY PCN,M2L0M,"NHS Shropshire, Telford and Wrekin ICB - M2L0M",Other Practice staff,Face-to-Face,Planned Clinics,8 to 14 Days,8,DNA
01MAR2026,M82060,SOUTH HERMITAGE SURGERY,EMIS,U60057,SHREWSBURY PCN,M2L0M,"NHS Shropshire, Telford and Wrekin ICB - M2L0M",Other Practice staff,Face-to-Face,General Consultation Routine,15 to 21 Days,3,DNA
01MAR2026,M82060,SOUTH HERMITAGE SURGERY,EMIS,U60057,SHREWSBURY PCN,M2L0M,"NHS Shropshire, Telford and Wrekin ICB - M2L0M",Other Practice staff,Face-to-Face,General Consultation Routine,15 to 21 Days,22,Attended
01MAR2026,M82060,SOUTH HERMITAGE SURGERY,EMIS,U60057,SHREWSBURY PCN,M2L0M,"NHS Shropshire, Telford and Wrekin ICB - M2L0M",Other Practice staff,Face-to-Face,General Consultation Routine,1 Day,4,Attended
01MAR2026,M82060,SOUTH HERMITAGE SURGERY,EMIS,U60057,SHREWSBURY PCN,M2L0M,"NHS Shropshire, Telford and Wrekin ICB - M2L0M",Other Practice staff,Face-to-Face,General Consultation Acute,Same Day,1,DNA
01MAR2026,M82060,SOUTH HERMITAGE SURGERY,EMIS,U60057,SHREWSBURY PCN,M2L0M,"NHS Shropshire, Telford and Wrekin ICB - M2L0M",Other Practice staff,Face-to-Face,Planned Clinics,Same Day,7,Attended
01MAR2026,M82060,SOUTH HERMITAGE SURGERY,EMIS,U60057,SHREWSBURY PCN,M2L0M,"NHS Shropshire, Telford and Wrekin ICB - M2L0M",Other Practice staff,Home Visit,Home Visit,Same Day,8,Attended
01MAR2026,M82060,SOUTH HERMITAGE SURGERY,EMIS,U60057,SHREWSBURY PCN,M2L0M,"NHS Shropshire, Telford and Wrekin ICB - M2L0M",Other Practice staff,Face-to-Face,General Consultation Acute,Same Day,122,Attended
01MAR2026,M82060,SOUTH HERMITAGE SURGERY,EMIS,U60057,SHREWSBURY PCN,M2L0M,"NHS Shropshire, Telford and Wrekin ICB - M2L0M",Other Practice staff,Face-to-Face,General Consultation Acute,8 to 14 Days,1,Attended
01MAR2026,M82060,SOUTH HERMITAGE SURGERY,EMIS,U60057,SHREWSBURY PCN,M2L0M,"NHS Shropshire, Telford and Wrekin ICB - M2L0M",Other Practice staff,Face-to-Face,General Consultation Acute,2 to 7 Days,3,Attended
01MAR2026,M82060,SOUTH HERMITAGE SURGERY,EMIS,U60057,SHREWSBURY PCN,M2L0M,"NHS Shropshire, Telford and Wrekin ICB - M2L0M",Other Practice staff,Face-to-Face,General Consultation Acute,1 Day,11,Attended
01MAR2026,M82060,SOUTH HERMITAGE SURGERY,EMIS,U60057,SHREWSBURY PCN,M2L0M,"NHS Shropshire, Telford and Wrekin ICB - M2L0M",GP,Video Conference/Online,Inconsistent Mapping,Same Day,17,Attended
01MAR2026,M82060,SOUTH HERMITAGE SURGERY,EMIS,U60057,SHREWSBURY PCN,M2L0M,"NHS Shropshire, Telford and Wrekin ICB - M2L0M",GP,Unknown,Inconsistent Mapping,Same Day,2,Unknown
01MAR2026,M82060,SOUTH HERMITAGE SURGERY,EMIS,U60057,SHREWSBURY PCN,M2L0M,"NHS Shropshire, Telford and Wrekin ICB - M2L0M",GP,Telephone,Unplanned Clinical Activity,Same Day,4,Attended
01MAR2026,M82060,SOUTH HERMITAGE SURGERY,EMIS,U60057,SHREWSBURY PCN,M2L0M,"NHS Shropshire, Telford and Wrekin ICB - M2L0M",GP,Telephone,General Consultation Routine,Same Day,1,DNA
01MAR2026,M82060,SOUTH HERMITAGE SURGERY,EMIS,U60057,SHREWSBURY PCN,M2L0M,"NHS Shropshire, Telford and Wrekin ICB - M2L0M",Other Practice staff,Telephone,General Consultation Routine,1 Day,10,Attended
01MAR2026,M82060,SOUTH HERMITAGE SURGERY,EMIS,U60057,SHREWSBURY PCN,M2L0M,"NHS Shropshire, Telford and Wrekin ICB - M2L0M",GP,Telephone,General Consultation Routine,Same Day,20,Attended
01MAR2026,M82060,SOUTH HERMITAGE SURGERY,EMIS,U60057,SHREWSBURY PCN,M2L0M,"NHS Shropshire, Telford and Wrekin ICB - M2L0M",GP,Telephone,General Consultation Routine,More than 28 Days,4,Attended
01MAR2026,M82060,SOUTH HERMITAGE SURGERY,EMIS,U60057,SHREWSBURY PCN,M2L0M,"NHS Shropshire, Telford and Wrekin ICB - M2L0M",GP,Telephone,General Consultation Routine,8 to 14 Days,1,DNA
01MAR2026,M82060,SOUTH HERMITAGE SURGERY,EMIS,U60057,SHREWSBURY PCN,M2L0M,"NHS Shropshire, Telford and Wrekin ICB - M2L0M",GP,Telephone,General Consultation Routine,8 to 14 Days,49,Attended
01MAR2026,M82060,SOUTH HERMITAGE SURGERY,EMIS,U60057,SHREWSBURY PCN,M2L0M,"NHS Shropshire, Telford and Wrekin ICB - M2L0M",Other Practice staff,Telephone,General Consultation Routine,2 to 7 Days,1,Unknown
01MAR2026,M82060,SOUTH HERMITAGE SURGERY,EMIS,U60057,SHREWSBURY PCN,M2L0M,"NHS Shropshire, Telford and Wrekin ICB - M2L0M",GP,Telephone,General Consultation Routine,22 to 28 Days,10,Attended
01MAR2026,M82060,SOUTH HERMITAGE SURGERY,EMIS,U60057,SHREWSBURY PCN,M2L0M,"NHS Shropshire, Telford and Wrekin ICB - M2L0M",GP,Telephone,General Consultation Routine,2 to 7 Days,1,Unknown
01MAR2026,M82060,SOUTH HERMITAGE SURGERY,EMIS,U60057,SHREWSBURY PCN,M2L0M,"NHS Shropshire, Telford and Wrekin ICB - M2L0M",GP,Telephone,General Consultation Routine,2 to 7 Days,1,DNA
01MAR2026,M82060,SOUTH HERMITAGE SURGERY,EMIS,U60057,SHREWSBURY PCN,M2L0M,"NHS Shropshire, Telford and Wrekin ICB - M2L0M",GP,Telephone,General Consultation Routine,2 to 7 Days,4,Attended
01MAR2026,M82060,SOUTH HERMITAGE SURGERY,EMIS,U60057,SHREWSBURY PCN,M2L0M,"NHS Shropshire, Telford and Wrekin ICB - M2L0M",Other Practice staff,Telephone,General Consultation Routine,Same Day,10,Attended
01MAR2026,M82060,SOUTH HERMITAGE SURGERY,EMIS,U60057,SHREWSBURY PCN,M2L0M,"NHS Shropshire, Telford and Wrekin ICB - M2L0M",GP,Telephone,General Consultation Routine,15 to 21 Days,1,Unknown
01MAR2026,M82060,SOUTH HERMITAGE SURGERY,EMIS,U60057,SHREWSBURY PCN,M2L0M,"NHS Shropshire, Telford and Wrekin ICB - M2L0M",GP,Telephone,General Consultation Routine,15 to 21 Days,68,Attended
01MAR2026,M82060,SOUTH HERMITAGE SURGERY,EMIS,U60057,SHREWSBURY PCN,M2L0M,"NHS Shropshire, Telford and Wrekin ICB - M2L0M",GP,Telephone,General Consultation Routine,1 Day,6,Attended
01MAR2026,M82060,SOUTH HERMITAGE SURGERY,EMIS,U60057,SHREWSBURY PCN,M2L0M,"NHS Shropshire, Telford and Wrekin ICB - M2L0M",GP,Telephone,General Consultation Acute,Same Day,61,Attended
01MAR2026,M82060,SOUTH HERMITAGE SURGERY,EMIS,U60057,SHREWSBURY PCN,M2L0M,"NHS Shropshire, Telford and Wrekin ICB - M2L0M",GP,Telephone,General Consultation Acute,8 to 14 Days,1,Unknown
01MAR2026,M82060,SOUTH HERMITAGE SURGERY,EMIS,U60057,SHREWSBURY PCN,M2L0M,"NHS Shropshire, Telford and Wrekin ICB - M2L0M",GP,Telephone,General Consultation Acute,22 to 28 Days,1,Attended
01MAR2026,M82060,SOUTH HERMITAGE SURGERY,EMIS,U60057,SHREWSBURY PCN,M2L0M,"NHS Shropshire, Telford and Wrekin ICB - M2L0M",GP,Telephone,General Consultation Acute,1 Day,1,Attended
01MAR2026,M82060,SOUTH HERMITAGE SURGERY,EMIS,U60057,SHREWSBURY PCN,M2L0M,"NHS Shropshire, Telford and Wrekin ICB - M2L0M",GP,Telephone,Clinical Triage,Same Day,9,Attended
01MAR2026,M82060,SOUTH HERMITAGE SURGERY,EMIS,U60057,SHREWSBURY PCN,M2L0M,"NHS Shropshire, Telford and Wrekin ICB - M2L0M",Other Practice staff,Telephone,Planned Clinics,1 Day,7,Attended
01MAR2026,M82060,SOUTH HERMITAGE SURGERY,EMIS,U60057,SHREWSBURY PCN,M2L0M,"NHS Shropshire, Telford and Wrekin ICB - M2L0M",Other Practice staff,Telephone,Planned Clinics,22 to 28 Days,7,Attended
01MAR2026,M82060,SOUTH HERMITAGE SURGERY,EMIS,U60057,SHREWSBURY PCN,M2L0M,"NHS Shropshire, Telford and Wrekin ICB - M2L0M",GP,Home Visit,Patient contact during Care Home Round,Same Day,14,Attended
01MAR2026,M82060,SOUTH HERMITAGE SURGERY,EMIS,U60057,SHREWSBURY PCN,M2L0M,"NHS Shropshire, Telford and Wrekin ICB - M2L0M",GP,Home Visit,Patient contact during Care Home Round,8 to 14 Days,2,Attended
01MAR2026,M82060,SOUTH HERMITAGE SURGERY,EMIS,U60057,SHREWSBURY PCN,M2L0M,"NHS Shropshire, Telford and Wrekin ICB - M2L0M",GP,Home Visit,Patient contact during Care Home Round,2 to 7 Days,1,DNA
01MAR2026,M82060,SOUTH HERMITAGE SURGERY,EMIS,U60057,SHREWSBURY PCN,M2L0M,"NHS Shropshire, Telford and Wrekin ICB - M2L0M",GP,Home Visit,Patient contact during Care Home Round,2 to 7 Days,19,Attended
01MAR2026,M82060,SOUTH HERMITAGE SURGERY,EMIS,U60057,SHREWSBURY PCN,M2L0M,"NHS Shropshire, Telford and Wrekin ICB - M2L0M",Other Practice staff,Unknown,Inconsistent Mapping,2 to 7 Days,1,Unknown
01MAR2026,M82060,SOUTH HERMITAGE SURGERY,EMIS,U60057,SHREWSBURY PCN,M2L0M,"NHS Shropshire, Telford and Wrekin ICB - M2L0M",GP,Home Visit,Patient contact during Care Home Round,15 to 21 Days,2,Attended
01MAR2026,M82060,SOUTH HERMITAGE SURGERY,EMIS,U60057,SHREWSBURY PCN,M2L0M,"NHS Shropshire, Telford and Wrekin ICB - M2L0M",GP,Home Visit,Patient contact during Care Home Round,1 Day,1,DNA
01MAR2026,M82060,SOUTH HERMITAGE SURGERY,EMIS,U60057,SHREWSBURY PCN,M2L0M,"NHS Shropshire, Telford and Wrekin ICB - M2L0M",GP,Home Visit,Patient contact during Care Home Round,1 Day,30,Attended
01MAR2026,M82060,SOUTH HERMITAGE SURGERY,EMIS,U60057,SHREWSBURY PCN,M2L0M,"NHS Shropshire, Telford and Wrekin ICB - M2L0M",GP,Home Visit,Home Visit,Same Day,5,Attended
01MAR2026,M82060,SOUTH HERMITAGE SURGERY,EMIS,U60057,SHREWSBURY PCN,M2L0M,"NHS Shropshire, Telford and Wrekin ICB - M2L0M",GP,Home Visit,Home Visit,1 Day,6,Attended
01MAR2026,M82060,SOUTH HERMITAGE SURGERY,EMIS,U60057,SHREWSBURY PCN,M2L0M,"NHS Shropshire, Telford and Wrekin ICB - M2L0M",GP,Face-to-Face,Planned Clinics,More than 28 Days,2,DNA
01MAR2026,M82060,SOUTH HERMITAGE SURGERY,EMIS,U60057,SHREWSBURY PCN,M2L0M,"NHS Shropshire, Telford and Wrekin ICB - M2L0M",Unknown,Home Visit,Home Visit,Same Day,10,Attended
01MAR2026,M82060,SOUTH HERMITAGE SURGERY,EMIS,U60057,SHREWSBURY PCN,M2L0M,"NHS Shropshire, Telford and Wrekin ICB - M2L0M",GP,Face-to-Face,Planned Clinics,More than 28 Days,4,Attended
01MAR2026,M82060,SOUTH HERMITAGE SURGERY,EMIS,U60057,SHREWSBURY PCN,M2L0M,"NHS Shropshire, Telford and Wrekin ICB - M2L0M",GP,Face-to-Face,Planned Clinics,8 to 14 Days,2,Attended
01MAR2026,M82060,SOUTH HERMITAGE SURGERY,EMIS,U60057,SHREWSBURY PCN,M2L0M,"NHS Shropshire, Telford and Wrekin ICB - M2L0M",GP,Face-to-Face,Planned Clinics,22 to 28 Days,4,Attended
01MAR2026,M82060,SOUTH HERMITAGE SURGERY,EMIS,U60057,SHREWSBURY PCN,M2L0M,"NHS Shropshire, Telford and Wrekin ICB - M2L0M",GP,Face-to-Face,Planned Clinics,2 to 7 Days,1,Attended
01MAR2026,M82060,SOUTH HERMITAGE SURGERY,EMIS,U60057,SHREWSBURY PCN,M2L0M,"NHS Shropshire, Telford and Wrekin ICB - M2L0M",GP,Face-to-Face,Planned Clinics,15 to 21 Days,8,Attended
01MAR2026,M82060,SOUTH HERMITAGE SURGERY,EMIS,U60057,SHREWSBURY PCN,M2L0M,"NHS Shropshire, Telford and Wrekin ICB - M2L0M",GP,Face-to-Face,Inconsistent Mapping,Same Day,1,Attended
01MAR2026,M82060,SOUTH HERMITAGE SURGERY,EMIS,U60057,SHREWSBURY PCN,M2L0M,"NHS Shropshire, Telford and Wrekin ICB - M2L0M",Unknown,Telephone,General Consultation Acute,1 Day,4,Attended
01MAR2026,M82060,SOUTH HERMITAGE SURGERY,EMIS,U60057,SHREWSBURY PCN,M2L0M,"NHS Shropshire, Telford and Wrekin ICB - M2L0M",Unknown,Telephone,General Consultation Acute,Same Day,143,Attended
01MAR2026,M82060,SOUTH HERMITAGE SURGERY,EMIS,U60057,SHREWSBURY PCN,M2L0M,"NHS Shropshire, Telford and Wrekin ICB - M2L0M",GP,Face-to-Face,Inconsistent Mapping,8 to 14 Days,1,Attended
01MAR2026,M82060,SOUTH HERMITAGE SURGERY,EMIS,U60057,SHREWSBURY PCN,M2L0M,"NHS Shropshire, Telford and Wrekin ICB - M2L0M",GP,Face-to-Face,Inconsistent Mapping,2 to 7 Days,3,Attended
01MAR2026,M82060,SOUTH HERMITAGE SURGERY,EMIS,U60057,SHREWSBURY PCN,M2L0M,"NHS Shropshire, Telford and Wrekin ICB - M2L0M",GP,Face-to-Face,General Consultation Routine,Same Day,36,Attended
01MAR2026,M82060,SOUTH HERMITAGE SURGERY,EMIS,U60057,SHREWSBURY PCN,M2L0M,"NHS Shropshire, Telford and Wrekin ICB - M2L0M",GP,Face-to-Face,General Consultation Routine,More than 28 Days,12,Attended
01MAR2026,M82060,SOUTH HERMITAGE SURGERY,EMIS,U60057,SHREWSBURY PCN,M2L0M,"NHS Shropshire, Telford and Wrekin ICB - M2L0M",GP,Face-to-Face,General Consultation Routine,8 to 14 Days,5,Unknown
01MAR2026,M82060,SOUTH HERMITAGE SURGERY,EMIS,U60057,SHREWSBURY PCN,M2L0M,"NHS Shropshire, Telford and Wrekin ICB - M2L0M",GP,Face-to-Face,General Consultation Routine,8 to 14 Days,16,DNA
01MAR2026,M82060,SOUTH HERMITAGE SURGERY,EMIS,U60057,SHREWSBURY PCN,M2L0M,"NHS Shropshire, Telford and Wrekin ICB - M2L0M",GP,Face-to-Face,General Consultation Routine,8 to 14 Days,240,Attended
01MAR2026,M82060,SOUTH HERMITAGE SURGERY,EMIS,U60057,SHREWSBURY PCN,M2L0M,"NHS Shropshire, Telford and Wrekin ICB - M2L0M",GP,Face-to-Face,General Consultation Routine,22 to 28 Days,4,DNA
01MAR2026,M82060,SOUTH HERMITAGE SURGERY,EMIS,U60057,SHREWSBURY PCN,M2L0M,"NHS Shropshire, Telford and Wrekin ICB - M2L0M",Unknown,Unknown,General Consultation Routine,Unknown / Data Issue,4,Unknown
01MAR2026,M82060,SOUTH HERMITAGE SURGERY,EMIS,U60057,SHREWSBURY PCN,M2L0M,"NHS Shropshire, Telford and Wrekin ICB - M2L0M",GP,Face-to-Face,General Consultation Routine,22 to 28 Days,54,Attended
01MAR2026,M82060,SOUTH HERMITAGE SURGERY,EMIS,U60057,SHREWSBURY PCN,M2L0M,"NHS Shropshire, Telford and Wrekin ICB - M2L0M",GP,Face-to-Face,General Consultation Routine,2 to 7 Days,5,DNA
01MAR2026,M82060,SOUTH HERMITAGE SURGERY,EMIS,U60057,SHREWSBURY PCN,M2L0M,"NHS Shropshire, Telford and Wrekin ICB - M2L0M",Unknown,Video Conference/Online,Clinical Triage,1 Day,5,Attended
01MAR2026,M82060,SOUTH HERMITAGE SURGERY,EMIS,U60057,SHREWSBURY PCN,M2L0M,"NHS Shropshire, Telford and Wrekin ICB - M2L0M",GP,Face-to-Face,General Consultation Routine,2 to 7 Days,49,Attended
01MAR2026,M82060,SOUTH HERMITAGE SURGERY,EMIS,U60057,SHREWSBURY PCN,M2L0M,"NHS Shropshire, Telford and Wrekin ICB - M2L0M",GP,Face-to-Face,General Consultation Routine,15 to 21 Days,1,Unknown
01MAR2026,M82060,SOUTH HERMITAGE SURGERY,EMIS,U60057,SHREWSBURY PCN,M2L0M,"NHS Shropshire, Telford and Wrekin ICB - M2L0M",GP,Face-to-Face,General Consultation Routine,15 to 21 Days,11,DNA
01MAR2026,M82060,SOUTH HERMITAGE SURGERY,EMIS,U60057,SHREWSBURY PCN,M2L0M,"NHS Shropshire, Telford and Wrekin ICB - M2L0M",GP,Face-to-Face,General Consultation Routine,15 to 21 Days,161,Attended
01MAR2026,M82060,SOUTH HERMITAGE SURGERY,EMIS,U60057,SHREWSBURY PCN,M2L0M,"NHS Shropshire, Telford and Wrekin ICB - M2L0M",GP,Face-to-Face,General Consultation Routine,1 Day,14,Attended
01MAR2026,M82060,SOUTH HERMITAGE SURGERY,EMIS,U60057,SHREWSBURY PCN,M2L0M,"NHS Shropshire, Telford and Wrekin ICB - M2L0M",GP,Face-to-Face,General Consultation Acute,Same Day,3,DNA
01MAR2026,M82060,SOUTH HERMITAGE SURGERY,EMIS,U60057,SHREWSBURY PCN,M2L0M,"NHS Shropshire, Telford and Wrekin ICB - M2L0M",Unknown,Video Conference/Online,Clinical Triage,Same Day,304,Attended
01MAR2026,M82060,SOUTH HERMITAGE SURGERY,EMIS,U60057,SHREWSBURY PCN,M2L0M,"NHS Shropshire, Telford and Wrekin ICB - M2L0M",GP,Face-to-Face,General Consultation Acute,Same Day,362,Attended
01MAR2026,M82060,SOUTH HERMITAGE SURGERY,EMIS,U60057,SHREWSBURY PCN,M2L0M,"NHS Shropshire, Telford and Wrekin ICB - M2L0M",GP,Face-to-Face,General Consultation Acute,More than 28 Days,1,Attended
01MAR2026,M82060,SOUTH HERMITAGE SURGERY,EMIS,U60057,SHREWSBURY PCN,M2L0M,"NHS Shropshire, Telford and Wrekin ICB - M2L0M",GP,Face-to-Face,General Consultation Acute,8 to 14 Days,2,DNA
01MAR2026,M82060,SOUTH HERMITAGE SURGERY,EMIS,U60057,SHREWSBURY PCN,M2L0M,"NHS Shropshire, Telford and Wrekin ICB - M2L0M",GP,Face-to-Face,General Consultation Acute,8 to 14 Days,24,Attended
01MAR2026,M82060,SOUTH HERMITAGE SURGERY,EMIS,U60057,SHREWSBURY PCN,M2L0M,"NHS Shropshire, Telford and Wrekin ICB - M2L0M",GP,Face-to-Face,General Consultation Acute,22 to 28 Days,2,Attended
01MAR2026,M82060,SOUTH HERMITAGE SURGERY,EMIS,U60057,SHREWSBURY PCN,M2L0M,"NHS Shropshire, Telford and Wrekin ICB - M2L0M",GP,Face-to-Face,General Consultation Acute,2 to 7 Days,4,DNA
01MAR2026,M82060,SOUTH HERMITAGE SURGERY,EMIS,U60057,SHREWSBURY PCN,M2L0M,"NHS Shropshire, Telford and Wrekin ICB - M2L0M",GP,Face-to-Face,General Consultation Acute,2 to 7 Days,48,Attended
01MAR2026,M82060,SOUTH HERMITAGE SURGERY,EMIS,U60057,SHREWSBURY PCN,M2L0M,"NHS Shropshire, Telford and Wrekin ICB - M2L0M",GP,Face-to-Face,General Consultation Acute,15 to 21 Days,3,Attended
01MAR2026,M82060,SOUTH HERMITAGE SURGERY,EMIS,U60057,SHREWSBURY PCN,M2L0M,"NHS Shropshire, Telford and Wrekin ICB - M2L0M",GP,Face-to-Face,General Consultation Acute,1 Day,12,Attended
01MAR2026,M82060,SOUTH HERMITAGE SURGERY,EMIS,U60057,SHREWSBURY PCN,M2L0M,"NHS Shropshire, Telford and Wrekin ICB - M2L0M",Unknown,Video Conference/Online,Inconsistent Mapping,Same Day,15,Unknown
01MAR2026,M82060,SOUTH HERMITAGE SURGERY,EMIS,U60057,SHREWSBURY PCN,M2L0M,"NHS Shropshire, Telford and Wrekin ICB - M2L0M",Unknown,Video Conference/Online,Inconsistent Mapping,Same Day,152,Attended